data id_info,nation,region,name,operationTime,expense,infoTitle,infoContent,information,map_url,popurality,rating,popularity
1,Japan,Nagoya,나고야 성,,,1612년에 완공된 이 성채는 복원을 거쳤으며 에도 시대의 유물과 전시물을 선보입니다.,,,https://www.google.com/maps/place/%EB%82%98%EA%B3%A0%EC%95%BC+%EC%84%B1/data=!4m7!3m6!1s0x600376cbc7b0efb1:0xb9d3e9789275a677!8m2!3d35.1847501!4d136.8996883!16zL20vMDF6djdn!19sChIJse-wx8t2A2ARd6Z1knjp07k?authuser=0&hl=ko&rclk=1,,4.2,35843.0
2,Japan,Nagoya,나고야항 수족관,,,고래 등 다양한 종이 서식하는 현대식 수족관으로 돌고래 쇼를 볼 수 있으며 구내에 식음료 매장이 있습니다.,,,https://www.google.com/maps/place/%EB%82%98%EA%B3%A0%EC%95%BC%ED%95%AD+%EC%88%98%EC%A1%B1%EA%B4%80/data=!4m7!3m6!1s0x600379a0d3c924b3:0xa1a962dc2785debe!8m2!3d35.0905088!4d136.8784377!16s%2Fm%2F0g59yq7!19sChIJsyTJ06B5A2ARvt6FJ9xiqaE?authuser=0&hl=ko&rclk=1,,4.3,18742.0
3,Japan,Nagoya,아쓰타 신궁,,,사이프러스 나무로 둘러싸인 숭고한 신전으로 신성한 검이 있으며 유물이 전시되어 있습니다.,,,https://www.google.com/maps/place/%EC%95%84%EC%93%B0%ED%83%80+%EC%8B%A0%EA%B6%81/data=!4m7!3m6!1s0x60037a1b9ee1a6dd:0xaa951631c838e6bb!8m2!3d35.1273579!4d136.9086948!16zL20vMDRiaHIw!19sChIJ3abhnht6A2ARu-Y4yDEWlao?authuser=0&hl=ko&rclk=1,,4.5,17889.0
4,Japan,Nagoya,마츠자카야백화점 나고야점,,,,,,https://www.google.com/maps/place/%EB%A7%88%EC%B8%A0%EC%9E%90%EC%B9%B4%EC%95%BC%EB%B0%B1%ED%99%94%EC%A0%90+%EB%82%98%EA%B3%A0%EC%95%BC%EC%A0%90/data=!4m7!3m6!1s0x600370ce019f575b:0x9fcd6426ed276348!8m2!3d35.165279!4d136.907927!16s%2Fg%2F1hm2664_k!19sChIJW1efAc5wA2ARSGMn7SZkzZ8?authuser=0&hl=ko&rclk=1,,3.9,11604.0
5,Japan,Nagoya,레고랜드 재팬,,,어린이용 놀이기구와 게임 시설이 있으며 공장을 견학하고 블록 조립을 체험할 수 있는 알록달록한 테마파크입니다.,,,https://www.google.com/maps/place/%EB%A0%88%EA%B3%A0%EB%9E%9C%EB%93%9C+%EC%9E%AC%ED%8C%AC/data=!4m7!3m6!1s0x600378c76a4fdecd:0x676e6a6f576b0645!8m2!3d35.0506065!4d136.8438293!16s%2Fg%2F11c72lwymr!19sChIJzd5Pasd4A2ARRQZrV29qbmc?authuser=0&hl=ko&rclk=1,,4.1,10858.0
6,Japan,Nagoya,나고야 시 과학관,,,"큰 규모의 천문관이 있는 과학 박물관으로 날씨, 생물학, 전기에 관한 전시가 열립니다.",,,https://www.google.com/maps/place/%EB%82%98%EA%B3%A0%EC%95%BC+%EC%8B%9C+%EA%B3%BC%ED%95%99%EA%B4%80/data=!4m7!3m6!1s0x6003772c44f4f335:0x3947d91f2b70d713!8m2!3d35.1650768!4d136.8997026!16s%2Fm%2F0gky54s!19sChIJNfP0RCx3A2ARE9dwKx_ZRzk?authuser=0&hl=ko&rclk=1,,4.4,10548.0
7,Japan,Nagoya,리니어 철도관,,,,,,https://www.google.com/maps/place/%EB%A6%AC%EB%8B%88%EC%96%B4+%EC%B2%A0%EB%8F%84%EA%B4%80/data=!4m7!3m6!1s0x600378cf145b6ef5:0x4ce8b46a9c94b392!8m2!3d35.0491384!4d136.8509152!16s%2Fm%2F06zpkyx!19sChIJ9W5bFM94A2ARkrOUnGq06Ew?authuser=0&hl=ko&rclk=1,,4.4,9572.0
8,Japan,Nagoya,오아시스 21,,,"유리 천장이 있는 타원형의 복합 단지로 여러 상점, 식당, 버스 터미널이 있습니다.",,,https://www.google.com/maps/place/%EC%98%A4%EC%95%84%EC%8B%9C%EC%8A%A4+21/data=!4m7!3m6!1s0x600370d429e2994f:0x54bee562b7bb83d6!8m2!3d35.1709032!4d136.9096419!16s%2Fm%2F0gjd5r4!19sChIJT5niKdRwA2AR1oO7t2LlvlQ?authuser=0&hl=ko&rclk=1,,4.0,9500.0
9,Japan,Nagoya,라구나텐보스,,,,,,https://www.google.com/maps/place/%EB%9D%BC%EA%B5%AC%EB%82%98%ED%85%90%EB%B3%B4%EC%8A%A4/data=!4m7!3m6!1s0x6004c66a94a4bed3:0xa9bd9f8e8f44f20a!8m2!3d34.8085523!4d137.2724142!16s%2Fg%2F121zvc_g!19sChIJ076klGrGBGARCvJEj46fvak?authuser=0&hl=ko&rclk=1,,3.8,9471.0
10,Japan,Nagoya,쓰루마 공원,,,"벚나무 숲이 유명하며 연못, 테니스장, 정원이 있는 유서 깊은 공원입니다.",,,https://www.google.com/maps/place/%EC%93%B0%EB%A3%A8%EB%A7%88+%EA%B3%B5%EC%9B%90/data=!4m7!3m6!1s0x600370bd92226147:0x505ede4ec43fca88!8m2!3d35.1550781!4d136.9200817!16s%2Fm%2F0glpdbt!19sChIJR2Eikr1wA2ARiMo_xE7eXlA?authuser=0&hl=ko&rclk=1,,4.2,7104.0
11,Japan,Nagoya,Noritake Garden,,,"유명한 일본 세라믹 회사 소유였던 옛 공장 부지에 박물관과 정원, 상점이 들어섰습니다.",,,https://www.google.com/maps/place/Noritake+Garden/data=!4m7!3m6!1s0x600376eadcaf5a91:0xe058541e779256d2!8m2!3d35.1791153!4d136.8812176!16s%2Fm%2F0gkxg5x!19sChIJkVqv3Op2A2AR0laSdx5UWOA?authuser=0&hl=ko&rclk=1,,4.1,6625.0
12,Japan,Nagoya,다이나고야 빌딩,,,,,,https://www.google.com/maps/place/%EB%8B%A4%EC%9D%B4%EB%82%98%EA%B3%A0%EC%95%BC+%EB%B9%8C%EB%94%A9/data=!4m7!3m6!1s0x600376dd4061715b:0xcc39339e46d12df4!8m2!3d35.1719951!4d136.8845283!16s%2Fg%2F1231430b!19sChIJW3FhQN12A2AR9C3RRp4zOcw?authuser=0&hl=ko&rclk=1,,3.8,6519.0
13,Japan,Nagoya,히가시야마 동식물원,,,"125종 이상을 보유한 동물원, 정원의 온실, 놀이공원을 갖춘 명소입니다.",,,https://www.google.com/maps/place/%ED%9E%88%EA%B0%80%EC%8B%9C%EC%95%BC%EB%A7%88+%EB%8F%99%EC%8B%9D%EB%AC%BC%EC%9B%90/data=!4m7!3m6!1s0x6003654adb43b6b7:0x7006d577567b156d!8m2!3d35.1565379!4d136.9818099!16s%2Fm%2F03c91zp!19sChIJt7ZD20plA2ARbRV7VnfVBnA?authuser=0&hl=ko&rclk=1,,4.4,6356.0
14,Japan,Nagoya,시라카와 공원,,,현대적인 조각상과 분수로 유명하고 녹음이 우거진 도심 공원입니다.,,,https://www.google.com/maps/place/%EC%8B%9C%EB%9D%BC%EC%B9%B4%EC%99%80+%EA%B3%B5%EC%9B%90/data=!4m7!3m6!1s0x6003772dac5cf8c3:0xa1b35ac6fa7d74c4!8m2!3d35.1640678!4d136.8997043!16s%2Fg%2F121z1_2r!19sChIJw_hcrC13A2ARxHR9-sZas6E?authuser=0&hl=ko&rclk=1,,4.0,6285.0
15,Japan,Nagoya,중부전력 미라이 타워,,,상징적인 180m 높이의 철탑으로 2개의 전망대와 현지 농산물 시장이 있습니다.,,,https://www.google.com/maps/place/%EC%A4%91%EB%B6%80%EC%A0%84%EB%A0%A5+%EB%AF%B8%EB%9D%BC%EC%9D%B4+%ED%83%80%EC%9B%8C/data=!4m7!3m6!1s0x600370d662a80445:0xea615895eff89cc2!8m2!3d35.1723452!4d136.908338!16zL20vMDU4MGR5!19sChIJRQSoYtZwA2ARwpz475VYYeo?authuser=0&hl=ko&rclk=1,,4.1,5836.0
16,Japan,Nagoya,포트멧세 나고야 (나고야시 국제전시장),,,,,,https://www.google.com/maps/place/%ED%8F%AC%ED%8A%B8%EB%A9%A7%EC%84%B8+%EB%82%98%EA%B3%A0%EC%95%BC+%28%EB%82%98%EA%B3%A0%EC%95%BC%EC%8B%9C+%EA%B5%AD%EC%A0%9C%EC%A0%84%EC%8B%9C%EC%9E%A5%29/data=!4m7!3m6!1s0x600378b8428e4937:0x324be4e71e4df597!8m2!3d35.0476642!4d136.8485489!16s%2Fg%2F120lqn6s!19sChIJN0mOQrh4A2ARl_VNHufkSzI?authuser=0&hl=ko&rclk=1,,3.6,5560.0
17,Japan,Nagoya,도쿠가와원,,,,,,https://www.google.com/maps/place/%EB%8F%84%EC%BF%A0%EA%B0%80%EC%99%80%EC%9B%90/data=!4m7!3m6!1s0x600370f52b86d80b:0x1b03350b0ab77ba3!8m2!3d35.1842918!4d136.9321824!16s%2Fm%2F0gjb_3m!19sChIJC9iGK_VwA2ARo3u3Cgs1Axs?authuser=0&hl=ko&rclk=1,,4.2,5478.0
18,Japan,Nagoya,플라이트 오브 드림즈,,,,,,https://www.google.com/maps/place/%ED%94%8C%EB%9D%BC%EC%9D%B4%ED%8A%B8+%EC%98%A4%EB%B8%8C+%EB%93%9C%EB%A6%BC%EC%A6%88/data=!4m7!3m6!1s0x60047d58b3a1ed83:0x32c524b043c06eb0!8m2!3d34.855313!4d136.8170461!16s%2Fg%2F11fct7jthx!19sChIJg-2hs1h9BGARsG7AQ7AkxTI?authuser=0&hl=ko&rclk=1,,4.2,5259.0
19,Japan,Nagoya,히사야오도리 공원,,,"도심 내 위치한 녹음이 우거진 공원으로 인공 강, 분수, 난초 정원, TV 타워가 있습니다.",,,https://www.google.com/maps/place/%ED%9E%88%EC%82%AC%EC%95%BC%EC%98%A4%EB%8F%84%EB%A6%AC+%EA%B3%B5%EC%9B%90/data=!4m7!3m6!1s0x600370d1dd5ff1c5:0xe4d57c47f9fcf33!8m2!3d35.1709951!4d136.9084672!16s%2Fm%2F0glp1z8!19sChIJxfFf3dFwA2ARM8-ff8RXTQ4?authuser=0&hl=ko&rclk=1,,4.2,4770.0
20,Japan,Nagoya,나고야시 종합체육관,,,"대규모 콘서트, 박람회, 스포츠 행사가 열리는 원형 경기장입니다.",,,https://www.google.com/maps/place/%EB%82%98%EA%B3%A0%EC%95%BC%EC%8B%9C+%EC%A2%85%ED%95%A9%EC%B2%B4%EC%9C%A1%EA%B4%80/data=!4m7!3m6!1s0x60037bbf2310245d:0xf2278cceb4ab1d4c!8m2!3d35.0958984!4d136.9233477!16zL20vMGdxMmY4!19sChIJXSQQI797A2ARTB2rtM6MJ_I?authuser=0&hl=ko&rclk=1,,4.0,4713.0
21,Japan,Nagoya,나고야 역,,,"세계 최대 규모의 기차역으로 상점, 식당, 숙박 시설, 사무실이 있습니다.",,,https://www.google.com/maps/place/%EB%82%98%EA%B3%A0%EC%95%BC+%EC%97%AD/data=!4m7!3m6!1s0x600376e794d78b89:0x81f7204bf8261663!8m2!3d35.170915!4d136.8815369!16zL20vMDI1eDBf!19sChIJiYvXlOd2A2ARYxYm-Esg94E?authuser=0&hl=ko&rclk=1,,4.0,4526.0
22,Japan,Nagoya,Mentai Park Tokoname,,,,,,https://www.google.com/maps/place/Mentai+Park+Tokoname/data=!4m7!3m6!1s0x600480aa12e6ed09:0xc3f4bc6b10d567fe!8m2!3d34.8902025!4d136.8260979!16s%2Fg%2F1232frk2q!19sChIJCe3mEqqABGAR_mfVEGu89MM?authuser=0&hl=ko&rclk=1,,3.9,3899.0
23,Japan,Nagoya,메이조 공원,,,,,,https://www.google.com/maps/place/%EB%A9%94%EC%9D%B4%EC%A1%B0+%EA%B3%B5%EC%9B%90/data=!4m7!3m6!1s0x600376cabd4b7919:0xa932e8e33fa1378f!8m2!3d35.1887272!4d136.9029701!16s%2Fm%2F0g5s1zx!19sChIJGXlLvcp2A2ARjzehP-PoMqk?authuser=0&hl=ko&rclk=1,,4.1,3506.0
24,Japan,Nagoya,도쿠가와 미술관,,,예술 및 문화 유물을 통해 일본 역사를 다루는 박물관으로 조용한 정원이 있습니다.,,,https://www.google.com/maps/place/%EB%8F%84%EC%BF%A0%EA%B0%80%EC%99%80+%EB%AF%B8%EC%88%A0%EA%B4%80/data=!4m7!3m6!1s0x600370fd178ce7a7:0xb65df232c621fa0b!8m2!3d35.1838695!4d136.9332453!16zL20vMDh3ZHdz!19sChIJp-eMF_1wA2ARC_ohxjLyXbY?authuser=0&hl=ko&rclk=1,,4.2,3368.0
25,Japan,Nagoya,나고야 성 혼마루어전 차기,,,,,,https://www.google.com/maps/place/%EB%82%98%EA%B3%A0%EC%95%BC+%EC%84%B1+%ED%98%BC%EB%A7%88%EB%A3%A8%EC%96%B4%EC%A0%84+%EC%B0%A8%EA%B8%B0/data=!4m7!3m6!1s0x600376cb7f86e295:0x8f4e510e3464f663!8m2!3d35.1848636!4d136.899927!16s%2Fg%2F11h9z0c8q6!19sChIJleKGf8t2A2ARY_ZkNA5RTo8?authuser=0&hl=ko&rclk=1,,4.3,2994.0
26,Japan,Nagoya,오다카 녹지공원,,,,,,https://www.google.com/maps/place/%EC%98%A4%EB%8B%A4%EC%B9%B4+%EB%85%B9%EC%A7%80%EA%B3%B5%EC%9B%90/data=!4m7!3m6!1s0x60037cec18ddef5d:0xd20d7095abae7e!8m2!3d35.0628523!4d136.9555088!16s%2Fg%2F12321dq4!19sChIJXe_dGOx8A2ARfq6rlXAN0gA?authuser=0&hl=ko&rclk=1,,4.1,2929.0
27,Japan,Nagoya,나고야 호빵맨 박물관,,,,,,https://www.google.com/maps/place/%EB%82%98%EA%B3%A0%EC%95%BC+%ED%98%B8%EB%B9%B5%EB%A7%A8+%EB%B0%95%EB%AC%BC%EA%B4%80/data=!4m7!3m6!1s0x6003848c706a8f77:0x2d4e63de0bae469a!8m2!3d35.0307716!4d136.7307271!16s%2Fg%2F1tcxplx8!19sChIJd49qcIyEA2ARmkauC95jTi0?authuser=0&hl=ko&rclk=1,,4.0,2781.0
28,Japan,Nagoya,Japan Monkey Park,,,,,,https://www.google.com/maps/place/Japan+Monkey+Park/data=!4m7!3m6!1s0x60030e69bcb6f133:0x5a4eb7a6b56a1ea6!8m2!3d35.3912701!4d136.9553752!16s%2Fg%2F121t5q_5!19sChIJM_G2vGkOA2ARph5qtaa3Tlo?authuser=0&hl=ko&rclk=1,,4.0,2685.0
29,Japan,Nagoya,젭프 나고야,,,,,,https://www.google.com/maps/place/%EC%A0%AD%ED%94%84+%EB%82%98%EA%B3%A0%EC%95%BC/data=!4m7!3m6!1s0x6003772013375053:0xe15edf97c3c77d3d!8m2!3d35.1633536!4d136.8847316!16s%2Fg%2F1tfjw67q!19sChIJU1A3EyB3A2ARPX3Hw5ffXuE?authuser=0&hl=ko&rclk=1,,4.2,2611.0
30,Japan,Nagoya,킨샤치 요코쵸,,,,,,https://www.google.com/maps/place/%ED%82%A8%EC%83%A4%EC%B9%98+%EC%9A%94%EC%BD%94%EC%B5%B8/data=!4m7!3m6!1s0x600376cc15a24d43:0xd6866a6ed91b1a31!8m2!3d35.182918!4d136.8986882!16s%2Fg%2F11f03tphl8!19sChIJQ02iFcx2A2ARMRob2W5qhtY?authuser=0&hl=ko&rclk=1,,3.5,2499.0
31,Japan,Nagoya,나고야시 박물관,,,,,,https://www.google.com/maps/place/%EB%82%98%EA%B3%A0%EC%95%BC%EC%8B%9C+%EB%B0%95%EB%AC%BC%EA%B4%80/data=!4m7!3m6!1s0x60037a668517432b:0x9991fd8d41c9b2a3!8m2!3d35.13633!4d136.9349232!16s%2Fm%2F0gkxtrf!19sChIJK0MXhWZ6A2ARo7LJQY39kZk?authuser=0&hl=ko&rclk=1,,3.9,2482.0
32,Japan,Nagoya,나고야 시키극장,,,,,,https://www.google.com/maps/place/%EB%82%98%EA%B3%A0%EC%95%BC+%EC%8B%9C%ED%82%A4%EA%B7%B9%EC%9E%A5/data=!4m7!3m6!1s0x60037720a5e96f39:0x8d4c55383d72ef3!8m2!3d35.1649673!4d136.8876019!16s%2Fg%2F11cmg4j0jw!19sChIJOW_ppSB3A2AR8y7Xg1PF1Ag?authuser=0&hl=ko&rclk=1,,4.4,2387.0
33,Japan,Nagoya,쇼나이 록지공원,,,"운동장, 테니스장, 온실, 보트를 탈 수 있는 연못 등이 있는 드넓은 공원입니다.",,,https://www.google.com/maps/place/%EC%87%BC%EB%82%98%EC%9D%B4+%EB%A1%9D%EC%A7%80%EA%B3%B5%EC%9B%90/data=!4m7!3m6!1s0x6003743dd7b32819:0x3821a78db7cd0ed8!8m2!3d35.2124084!4d136.8830502!16s%2Fm%2F0glsdtp!19sChIJGSiz1z10A2AR2A7Nt42nITg?authuser=0&hl=ko&rclk=1,,4.1,2330.0
34,Japan,Nagoya,나고야시 미술관,,,다양한 매체로 표현된 현대 미술 작품의 상설 전시와 기획 전시가 열리는 쾌적하고 현대적인 박물관입니다.,,,https://www.google.com/maps/place/%EB%82%98%EA%B3%A0%EC%95%BC%EC%8B%9C+%EB%AF%B8%EC%88%A0%EA%B4%80/data=!4m7!3m6!1s0x6003772d0e20a089:0xec36c2b6a1d9a8b7!8m2!3d35.1639264!4d136.9010711!16s%2Fm%2F0gjcsgj!19sChIJiaAgDi13A2ARt6jZobbCNuw?authuser=0&hl=ko&rclk=1,,4.0,2301.0
35,Japan,Nagoya,아이치현 미술관,,,"피카소, 마티스와 같은 미술 거장들의 주로 현대적인 작품이 전시되어 있으며 일본 예술가의 작품도 있습니다.",,,https://www.google.com/maps/place/%EC%95%84%EC%9D%B4%EC%B9%98%ED%98%84+%EB%AF%B8%EC%88%A0%EA%B4%80/data=!4m7!3m6!1s0x600370d0b861910f:0x8e18b202a542e84!8m2!3d35.1708996!4d136.9111756!16s%2Fg%2F120jxnzr!19sChIJD5FhuNBwA2ARhC5UKiCL4Qg?authuser=0&hl=ko&rclk=1,,4.1,2253.0
36,Japan,Nagoya,Aichi Sky Expo (아이치현 국제전시장),,,,,,https://www.google.com/maps/place/Aichi+Sky+Expo+%28%EC%95%84%EC%9D%B4%EC%B9%98%ED%98%84+%EA%B5%AD%EC%A0%9C%EC%A0%84%EC%8B%9C%EC%9E%A5%29/data=!4m7!3m6!1s0x60047d69c1fef757:0xdf253abe0cbc4ec!8m2!3d34.8565154!4d136.8198019!16s%2Fg%2F11c6w01vdn!19sChIJV_f-wWl9BGAR7MTL4KtT8g0?authuser=0&hl=ko&rclk=1,,4.0,2163.0
37,Japan,Nagoya,히가시야마 스카이타워,,,,,,https://www.google.com/maps/place/%ED%9E%88%EA%B0%80%EC%8B%9C%EC%95%BC%EB%A7%88+%EC%8A%A4%EC%B9%B4%EC%9D%B4%ED%83%80%EC%9B%8C/data=!4m7!3m6!1s0x60037ab3657a15cb:0xcd81097b1fd5a58b!8m2!3d35.156767!4d136.978872!16s%2Fm%2F0gj9mh9!19sChIJyxV6ZbN6A2ARi6XVH3sJgc0?authuser=0&hl=ko&rclk=1,,4.1,2145.0
38,Japan,Nagoya,Ghibli’s Grand Warehouse,,,,,,https://www.google.com/maps/place/Ghibli%E2%80%99s+Grand+Warehouse/data=!4m7!3m6!1s0x6003677050f27faf:0xe8dbdc9762468d8a!8m2!3d35.1735514!4d137.0894464!16s%2Fg%2F11s98hy_2c!19sChIJr3_yUHBnA2ARio1GYpfc2-g?authuser=0&hl=ko&rclk=1,,4.3,1831.0
39,Japan,Nagoya,히사야오도리 정원 플라리에,,,"분수, 정자, 선명한 색상의 난초 화단이 있는 일본식 및 서양식 정원을 따라 산책로가 조성되어 있습니다.",,,https://www.google.com/maps/place/%ED%9E%88%EC%82%AC%EC%95%BC%EC%98%A4%EB%8F%84%EB%A6%AC+%EC%A0%95%EC%9B%90+%ED%94%8C%EB%9D%BC%EB%A6%AC%EC%97%90/data=!4m7!3m6!1s0x600370ceac961bb3:0xe6af6407128e1e80!8m2!3d35.1609167!4d136.9088783!16s%2Fg%2F121lsv2r!19sChIJsxuWrM5wA2ARgB6OEgdkr-Y?authuser=0&hl=ko&rclk=1,,4.1,1725.0
40,Japan,Nagoya,나고야 프린스호텔 스카이 타워,,,,,,https://www.google.com/maps/place/%EB%82%98%EA%B3%A0%EC%95%BC+%ED%94%84%EB%A6%B0%EC%8A%A4%ED%98%B8%ED%85%94+%EC%8A%A4%EC%B9%B4%EC%9D%B4+%ED%83%80%EC%9B%8C/data=!4m10!3m9!1s0x6003771f8d273655:0x95089afb35901864!5m2!4m1!1i2!8m2!3d35.1619963!4d136.8828518!16s%2Fg%2F11c6wlq3dp!19sChIJVTYnjR93A2ARZBiQNfuaCJU?authuser=0&hl=ko&rclk=1,,4.4,1673.0
41,Japan,Nagoya,파로마 미주호 스포츠 파크 (나고야시 미주호 공원),,,,,,https://www.google.com/maps/place/%ED%8C%8C%EB%A1%9C%EB%A7%88+%EB%AF%B8%EC%A3%BC%ED%98%B8+%EC%8A%A4%ED%8F%AC%EC%B8%A0+%ED%8C%8C%ED%81%AC+%28%EB%82%98%EA%B3%A0%EC%95%BC%EC%8B%9C+%EB%AF%B8%EC%A3%BC%ED%98%B8+%EA%B3%B5%EC%9B%90%29/data=!4m7!3m6!1s0x60037af8cfb01667:0x7d1fd67c4df213cc!8m2!3d35.1213714!4d136.9423417!16s%2Fg%2F1yfdrv0h3!19sChIJZxawz_h6A2ARzBPyTXzWH30?authuser=0&hl=ko&rclk=1,,3.9,1412.0
42,Japan,Nagoya,엔도지 상점가,,,"세련된 상점과 오래된 매장, 트렌디한 식당과 바가 어우러져 있는 쇼와 테마의 상점가입니다.",,,https://www.google.com/maps/place/%EC%97%94%EB%8F%84%EC%A7%80+%EC%83%81%EC%A0%90%EA%B0%80/data=!4m7!3m6!1s0x600376c535458899:0x807c0241f3e6414!8m2!3d35.1762239!4d136.8917118!16s%2Fg%2F121c9_q_!19sChIJmYhFNcV2A2ARFGQ-HyTABwg?authuser=0&hl=ko&rclk=1,,3.8,1341.0
43,Japan,Nagoya,야나기바시 중앙시장,,,,,,https://www.google.com/maps/place/%EC%95%BC%EB%82%98%EA%B8%B0%EB%B0%94%EC%8B%9C+%EC%A4%91%EC%95%99%EC%8B%9C%EC%9E%A5/data=!4m7!3m6!1s0x600376deaaf9b03b:0xc1a310228281cab2!8m2!3d35.1699909!4d136.8880404!16s%2Fg%2F11g6nkbymm!19sChIJO7D5qt52A2ARssqBgiIQo8E?authuser=0&hl=ko&rclk=1,,3.9,1286.0
44,Japan,Nagoya,나고야 경마장,,,,,,https://www.google.com/maps/place/%EB%82%98%EA%B3%A0%EC%95%BC+%EA%B2%BD%EB%A7%88%EC%9E%A5/data=!4m7!3m6!1s0x600379d25b0921fb:0x48d886e66933d0fe!8m2!3d35.0527077!4d136.7834511!16s%2Fm%2F0642brq!19sChIJ-yEJW9J5A2AR_tAzaeaG2Eg?authuser=0&hl=ko&rclk=1,,3.7,1230.0
45,Japan,Nagoya,평화공원,,,,,,https://www.google.com/maps/place/%ED%8F%89%ED%99%94%EA%B3%B5%EC%9B%90/data=!4m7!3m6!1s0x6003700197c2d98d:0x95ca0098044474fc!8m2!3d35.1702611!4d136.9765333!16s%2Fm%2F0glsq5n!19sChIJjdnClwFwA2AR_HREBJgAypU?authuser=0&hl=ko&rclk=1,,4.0,1202.0
46,Japan,Nagoya,Ikeda Park,,,정기적으로 축제를 여는 도심 광장으로 여러 조각품과 작은 놀이터가 있습니다.,,,https://www.google.com/maps/place/Ikeda+Park/data=!4m7!3m6!1s0x600370c56636b589:0xe81aa3d3b3c605e2!8m2!3d35.1664655!4d136.9129852!16s%2Fg%2F122fvfh0!19sChIJibU2ZsVwA2AR4gXGs9OjGug?authuser=0&hl=ko&rclk=1,,3.3,1184.0
47,Japan,Nagoya,나카무라 공원,,,조각상과 사원이 있으며 거북이가 사는 연못 주변에 다도실이 마련되어 있는 평화로운 일본식 공원입니다.,,,https://www.google.com/maps/place/%EB%82%98%EC%B9%B4%EB%AC%B4%EB%9D%BC+%EA%B3%B5%EC%9B%90/data=!4m7!3m6!1s0x60037665f9bd67ed:0x3f5a3e84beeb00d2!8m2!3d35.1737037!4d136.8545225!16s%2Fg%2F122f29px!19sChIJ7We9-WV2A2AR0gDrvoQ-Wj8?authuser=0&hl=ko&rclk=1,,3.9,1165.0
48,Japan,Nagoya,나고야 포트 빌딩,,,큰 배 모양의 건물로 해양 유물이 전시된 박물관과 전망대가 있습니다.,,,https://www.google.com/maps/place/%EB%82%98%EA%B3%A0%EC%95%BC+%ED%8F%AC%ED%8A%B8+%EB%B9%8C%EB%94%A9/data=!4m7!3m6!1s0x6003790a602e7e5d:0xf69a43702840ee03!8m2!3d35.0897364!4d136.8809226!16s%2Fg%2F122y087d!19sChIJXX4uYAp5A2ARA-5AKHBDmvY?authuser=0&hl=ko&rclk=1,,3.9,1056.0
49,Japan,Nagoya,나고야항 시트레인랜드,,,,,,https://www.google.com/maps/place/%EB%82%98%EA%B3%A0%EC%95%BC%ED%95%AD+%EC%8B%9C%ED%8A%B8%EB%A0%88%EC%9D%B8%EB%9E%9C%EB%93%9C/data=!4m7!3m6!1s0x600379a6a3612ef3:0xf4693c359050e33d!8m2!3d35.0933448!4d136.8777373!16s%2Fg%2F122154p5!19sChIJ8y5ho6Z5A2ARPeNQkDU8afQ?authuser=0&hl=ko&rclk=1,,3.9,1033.0
50,Japan,Nagoya,린쿠 해변,,,,,,https://www.google.com/maps/place/%EB%A6%B0%EC%BF%A0+%ED%95%B4%EB%B3%80/data=!4m7!3m6!1s0x60047e0065f075d7:0xaa3c17434cf81ef7!8m2!3d34.8859293!4d136.8228243!16s%2Fg%2F11b6zxzh9s!19sChIJ13XwZQB-BGAR9x74TEMXPKo?authuser=0&hl=ko&rclk=1,,4.0,1018.0
51,Japan,Nagoya,옥외전망대 스카이 프롬나드,,,,,,https://www.google.com/maps/place/%EC%98%A5%EC%99%B8%EC%A0%84%EB%A7%9D%EB%8C%80+%EC%8A%A4%EC%B9%B4%EC%9D%B4+%ED%94%84%EB%A1%AC%EB%82%98%EB%93%9C/data=!4m7!3m6!1s0x600376de9af83917:0x3e73fa9ef3ff1f88!8m2!3d35.1704593!4d136.8851422!16s%2Fg%2F1tj4bdhq!19sChIJFzn4mt52A2ARiB__8576cz4?authuser=0&hl=ko&rclk=1,,4.3,1007.0
52,Japan,Nagoya,나고야시 시정자료관,,,,,,https://www.google.com/maps/place/%EB%82%98%EA%B3%A0%EC%95%BC%EC%8B%9C+%EC%8B%9C%EC%A0%95%EC%9E%90%EB%A3%8C%EA%B4%80/data=!4m7!3m6!1s0x6003712f1c3009a9:0x9ce72ec9541e8efd!8m2!3d35.1811442!4d136.9103135!16s%2Fm%2F0gjby74!19sChIJqQkwHC9xA2AR_Y4eVMku55w?authuser=0&hl=ko&rclk=1,,4.3,950.0
53,Japan,Nagoya,아라코가와 공원,,,,,,https://www.google.com/maps/place/%EC%95%84%EB%9D%BC%EC%BD%94%EA%B0%80%EC%99%80+%EA%B3%B5%EC%9B%90/data=!4m7!3m6!1s0x600378359fa33975:0x64353e1a3eb3c644!8m2!3d35.1014551!4d136.8611439!16s%2Fg%2F11clvfnmsr!19sChIJdTmjnzV4A2ARRMazPho-NWQ?authuser=0&hl=ko&rclk=1,,4.0,925.0
54,Japan,Nagoya,가와나공원,,,"조깅 코스, 스포츠 경기장, 놀이터가 있고 벚꽃을 즐길 수 있는 드넓은 도심 속 공원입니다.",,,https://www.google.com/maps/place/%EA%B0%80%EC%99%80%EB%82%98%EA%B3%B5%EC%9B%90/data=!4m7!3m6!1s0x60037a85b1968f21:0xe00793543b227a2b!8m2!3d35.1498807!4d136.9498517!16s%2Fg%2F119tvgfvt!19sChIJIY-WsYV6A2ARK3oiO1STB-A?authuser=0&hl=ko&rclk=1,,4.1,882.0
55,Japan,Nagoya,긴테쓰나고야 역,,,,,,https://www.google.com/maps/place/%EA%B8%B4%ED%85%8C%EC%93%B0%EB%82%98%EA%B3%A0%EC%95%BC+%EC%97%AD/data=!4m7!3m6!1s0x600376ddf4127f33:0x49e286b5ddfe965!8m2!3d35.169158!4d136.8843022!16s%2Fg%2F1217ch9f!19sChIJM38S9N12A2ARZenfXWsongQ?authuser=0&hl=ko&rclk=1,,3.8,857.0
56,Japan,Nagoya,나고야 항,,,,,,https://www.google.com/maps/place/%EB%82%98%EA%B3%A0%EC%95%BC+%ED%95%AD/data=!4m7!3m6!1s0x600379a7361486b7:0x354ce5f9f0242b5e!8m2!3d35.0918145!4d136.8801169!16zL20vMDU4bjBx!19sChIJt4YUNqd5A2ARXisk8PnlTDU?authuser=0&hl=ko&rclk=1,,4.1,835.0
57,Japan,Nagoya,슈라쿠엔 공원,,,,,,https://www.google.com/maps/place/%EC%8A%88%EB%9D%BC%EC%BF%A0%EC%97%94+%EA%B3%B5%EC%9B%90/data=!4m7!3m6!1s0x60037d9998cc7363:0x9099998a5c459cb6!8m2!3d35.04404!4d136.9058402!16s%2Fg%2F12xq5lc5b!19sChIJY3PMmJl9A2ARtpxFXIqZmZA?authuser=0&hl=ko&rclk=1,,4.0,831.0
58,Japan,Nagoya,Minamichita Green Valley,,,,,,https://www.google.com/maps/place/Minamichita+Green+Valley/data=!4m7!3m6!1s0x60048b87ca59a2db:0xfda8678aca6a2145!8m2!3d34.7473847!4d136.8995652!16s%2Fg%2F11c1s11vbr!19sChIJ26JZyoeLBGARRSFqyopnqP0?authuser=0&hl=ko&rclk=1,,4.1,819.0
59,Japan,Nagoya,에디온 히사야 광장,,,바닥이 포장된 가로수 광장으로 음식 축제가 자주 열리며 크리스마스 마켓으로 유명합니다.,,,https://www.google.com/maps/place/%EC%97%90%EB%94%94%EC%98%A8+%ED%9E%88%EC%82%AC%EC%95%BC+%EA%B4%91%EC%9E%A5/data=!4m7!3m6!1s0x600370ce3dd140f5:0x643b14a0c400c201!8m2!3d35.1650643!4d136.9090297!16s%2Fg%2F11bvt4fnv3!19sChIJ9UDRPc5wA2ARAcIAxKAUO2Q?authuser=0&hl=ko&rclk=1,,3.8,813.0
60,Japan,Nagoya,오케하자마 고전장공원,,,,,,https://www.google.com/maps/place/%EC%98%A4%EC%BC%80%ED%95%98%EC%9E%90%EB%A7%88+%EA%B3%A0%EC%A0%84%EC%9E%A5%EA%B3%B5%EC%9B%90/data=!4m7!3m6!1s0x60037d289900c0d3:0x3ad975b4d8e88fdd!8m2!3d35.0550461!4d136.9712372!16s%2Fg%2F119x6726w!19sChIJ08AAmSh9A2AR3Y_o2LR12To?authuser=0&hl=ko&rclk=1,,3.8,730.0
61,Japan,Nagoya,마키노가이케 녹지공원,,,,,,https://www.google.com/maps/place/%EB%A7%88%ED%82%A4%EB%85%B8%EA%B0%80%EC%9D%B4%EC%BC%80+%EB%85%B9%EC%A7%80%EA%B3%B5%EC%9B%90/data=!4m7!3m6!1s0x600364fc0576cf73:0xa4afcd651a72377c!8m2!3d35.1493494!4d137.007166!16s%2Fg%2F122rjt2q!19sChIJc892BfxkA2ARfDdyGmXNr6Q?authuser=0&hl=ko&rclk=1,,4.0,706.0
62,Japan,Nagoya,메이테쓰나고야,,,,,,https://www.google.com/maps/place/%EB%A9%94%EC%9D%B4%ED%85%8C%EC%93%B0%EB%82%98%EA%B3%A0%EC%95%BC/data=!4m7!3m6!1s0x600376dd9276717d:0xc86e7a7613d8c6d0!8m2!3d35.169745!4d136.8838043!16s%2Fg%2F1tcxd3s6!19sChIJfXF2kt12A2AR0MbYE3Z6bsg?authuser=0&hl=ko&rclk=1,,3.7,701.0
63,Japan,Nagoya,아리마쓰-나루미 염색물 회관,,,,,,https://www.google.com/maps/place/%EC%95%84%EB%A6%AC%EB%A7%88%EC%93%B0-%EB%82%98%EB%A3%A8%EB%AF%B8+%EC%97%BC%EC%83%89%EB%AC%BC+%ED%9A%8C%EA%B4%80/data=!4m7!3m6!1s0x60037cd00b09ad8d:0xe4688e4a219371d0!8m2!3d35.0664018!4d136.971087!16s%2Fg%2F121y4_6m!19sChIJja0JC9B8A2AR0HGTIUqOaOQ?authuser=0&hl=ko&rclk=1,,3.9,694.0
64,Japan,Nagoya,지쿠사공원,,,,,,https://www.google.com/maps/place/%EC%A7%80%EC%BF%A0%EC%82%AC%EA%B3%B5%EC%9B%90/data=!4m7!3m6!1s0x600370592ee522e7:0xea5f0e425f059852!8m2!3d35.1761806!4d136.9434543!16s%2Fg%2F119vcngtr!19sChIJ5yLlLllwA2ARUpgFX0IOX-o?authuser=0&hl=ko&rclk=1,,4.0,678.0
65,Japan,Nagoya,슈라쿠엔 다이부츠,,,,,,https://www.google.com/maps/place/%EC%8A%88%EB%9D%BC%EC%BF%A0%EC%97%94+%EB%8B%A4%EC%9D%B4%EB%B6%80%EC%B8%A0/data=!4m7!3m6!1s0x60037c20e93caf2b:0xfd54478c735aa8f5!8m2!3d35.0438911!4d136.904426!16s%2Fg%2F1z449skfx!19sChIJK6886SB8A2AR9ahac4xHVP0?authuser=0&hl=ko&rclk=1,,4.1,652.0
66,Japan,Nagoya,만다라케 나고야점,,,,,,https://www.google.com/maps/place/%EB%A7%8C%EB%8B%A4%EB%9D%BC%EC%BC%80+%EB%82%98%EA%B3%A0%EC%95%BC%EC%A0%90/data=!4m7!3m6!1s0x600370cc908fc865:0x30b05b8020a8fd04!8m2!3d35.1599906!4d136.9044669!16s%2Fg%2F1v6wp7ng!19sChIJZciPkMxwA2ARBP2oIIBbsDA?authuser=0&hl=ko&rclk=1,,4.0,600.0
67,Japan,Nagoya,Nagoya City Tram & Subway Museum,,,,,,https://www.google.com/maps/place/Nagoya+City+Tram+%26+Subway+Museum/data=!4m7!3m6!1s0x6003647c52faaaab:0xc798749acb542302!8m2!3d35.1229405!4d137.0220066!16s%2Fm%2F0gkxxcx!19sChIJq6r6UnxkA2ARAiNUy5p0mMc?authuser=0&hl=ko&rclk=1,,4.1,599.0
68,Japan,Nagoya,Fukiage Park,,,,,,https://www.google.com/maps/place/Fukiage+Park/data=!4m7!3m6!1s0x600370900e672e03:0xcfb2c97d6fc11ec4!8m2!3d35.158812!4d136.9317055!16s%2Fg%2F122hpb1f!19sChIJAy5nDpBwA2ARxB7Bb33Jss8?authuser=0&hl=ko&rclk=1,,3.6,525.0
69,Japan,Nagoya,요키소(양휘장),,,,,,https://www.google.com/maps/place/%EC%9A%94%ED%82%A4%EC%86%8C%28%EC%96%91%ED%9C%98%EC%9E%A5%29/data=!4m7!3m6!1s0x6003706e7c0f897b:0xb87e857fed5b9e72!8m2!3d35.1689459!4d136.9556351!16s%2Fg%2F120tgqj2!19sChIJe4kPfG5wA2ARcp5b7X-Ffrg?authuser=0&hl=ko&rclk=1,,4.3,517.0
70,Japan,Nagoya,Nagoya City Central Wholesale Market Hokubu Market,,,,,,https://www.google.com/maps/place/Nagoya+City+Central+Wholesale+Market+Hokubu+Market/data=!4m7!3m6!1s0x60037380e20a1169:0x2b3f96848399112!8m2!3d35.2420053!4d136.9050042!16s%2Fg%2F1tkjl3tw!19sChIJaREK4oBzA2AREpE5SGj5swI?authuser=0&hl=ko&rclk=1,,3.5,493.0
71,Japan,Nagoya,아쓰타 신궁 문화전(보물관),,,1968년에 건립된 현대 박물관으로 검과 고서 등 일본 유물을 전시합니다.,,,https://www.google.com/maps/place/%EC%95%84%EC%93%B0%ED%83%80+%EC%8B%A0%EA%B6%81+%EB%AC%B8%ED%99%94%EC%A0%84%28%EB%B3%B4%EB%AC%BC%EA%B4%80%29/data=!4m7!3m6!1s0x60037a196e4c5cff:0xba1f7ff53d91c727!8m2!3d35.1249465!4d136.9093583!16s%2Fg%2F122np7kt!19sChIJ_1xMbhl6A2ARJ8eRPfV_H7o?authuser=0&hl=ko&rclk=1,,4.0,486.0
72,Japan,Nagoya,시케거리,,,전통 목조 건물과 흔하지 않은 지붕 위 사당이 특징인 유서 깊은 거리입니다.,,,https://www.google.com/maps/place/%EC%8B%9C%EC%BC%80%EA%B1%B0%EB%A6%AC/data=!4m7!3m6!1s0x600376da88673225:0xfeea482d79986e3a!8m2!3d35.1743988!4d136.8923544!16s%2Fm%2F0glrx76!19sChIJJTJniNp2A2AROm6YeS1I6v4?authuser=0&hl=ko&rclk=1,,4.0,474.0
73,Japan,Nagoya,나고야시청,,,12층 타워가 있는 1933년에 지은 시청사로 일본과 서양의 건축 양식이 조화를 이루고 있습니다.,,,https://www.google.com/maps/place/%EB%82%98%EA%B3%A0%EC%95%BC%EC%8B%9C%EC%B2%AD/data=!4m7!3m6!1s0x6003712dbfa2718f:0x6dc8f7587fe509fd!8m2!3d35.1814303!4d136.9065665!16s%2Fm%2F0gjcg0c!19sChIJj3Givy1xA2AR_Qnlf1j3yG0?authuser=0&hl=ko&rclk=1,,3.8,404.0
74,Japan,Nagoya,自然動物館,,,,,,https://www.google.com/maps/place/%E8%87%AA%E7%84%B6%E5%8B%95%E7%89%A9%E9%A4%A8/data=!4m7!3m6!1s0x60037ab3095a56d7:0x4b5af6ae9cb1c07b!8m2!3d35.157337!4d136.9783445!16s%2Fg%2F11byyrxg0l!19sChIJ11ZaCbN6A2ARe8CxnK72Wks?authuser=0&hl=ko&rclk=1,,4.3,393.0
75,Japan,Nagoya,Munetsugu Hall,,,,,,https://www.google.com/maps/place/Munetsugu+Hall/data=!4m7!3m6!1s0x600370da9ef5b85f:0x2e7ecaaecf47e1d2!8m2!3d35.1689389!4d136.9126917!16s%2Fg%2F1226slvb!19sChIJX7j1ntpwA2AR0uFHz67Kfi4?authuser=0&hl=ko&rclk=1,,4.4,392.0
76,Japan,Nagoya,"Seimon, Main Gate (Former Enokida-mon Gate)",,,,,,"https://www.google.com/maps/place/Seimon,+Main+Gate+%28Former+Enokida-mon+Gate%29/data=!4m7!3m6!1s0x6003773f1000d4af:0x66aebfcac2cedd7c!8m2!3d35.1835976!4d136.8977217!16s%2Fg%2F11pdwfhryp!19sChIJr9QAED93A2ARfN3Owsq_rmY?authuser=0&hl=ko&rclk=1",,4.3,362.0
77,Japan,Nagoya,ポートメッセなごや 第2展示館,,,,,,https://www.google.com/maps/place/%E3%83%9D%E3%83%BC%E3%83%88%E3%83%A1%E3%83%83%E3%82%BB%E3%81%AA%E3%81%94%E3%82%84+%E7%AC%AC2%E5%B1%95%E7%A4%BA%E9%A4%A8/data=!4m7!3m6!1s0x600378c7ed0d5733:0x73484dff1b6c3f92!8m2!3d35.049002!4d136.8453444!16s%2Fg%2F11b8_w48n6!19sChIJM1cN7cd4A2ARkj9sG_9NSHM?authuser=0&hl=ko&rclk=1,,3.7,343.0
78,Japan,Nagoya,이타카 록지 공원,,,,,,https://www.google.com/maps/place/%EC%9D%B4%ED%83%80%EC%B9%B4+%EB%A1%9D%EC%A7%80+%EA%B3%B5%EC%9B%90/data=!4m7!3m6!1s0x600365a7046cc0af:0x7d90524847462db8!8m2!3d35.1636175!4d137.0219561!16s%2Fg%2F119wcgj44!19sChIJr8BsBKdlA2ARuC1GR0hSkH0?authuser=0&hl=ko&rclk=1,,3.9,319.0
79,Japan,Nagoya,문화의길 슈모쿠관,,,,,,https://www.google.com/maps/place/%EB%AC%B8%ED%99%94%EC%9D%98%EA%B8%B8+%EC%8A%88%EB%AA%A8%EC%BF%A0%EA%B4%80/data=!4m7!3m6!1s0x60037126e3cba2fb:0xdfaeaf924988dcf6!8m2!3d35.1802642!4d136.9158387!16s%2Fg%2F1235qls4!19sChIJ-6LL4yZxA2AR9tyISZKvrt8?authuser=0&hl=ko&rclk=1,,4.2,279.0
80,Japan,Nagoya,Volks Nagoya Showroom,,,,,,https://www.google.com/maps/place/Volks+Nagoya+Showroom/data=!4m7!3m6!1s0x600370cc14340ccb:0xe9a351a6a434b1f1!8m2!3d35.161402!4d136.906563!16s%2Fg%2F1tgq6kvd!19sChIJyww0FMxwA2AR8bE0pKZRo-k?authuser=0&hl=ko&rclk=1,,4.1,259.0
81,Japan,Nagoya,오스 공원,,,,,,https://www.google.com/maps/place/%EC%98%A4%EC%8A%A4+%EA%B3%B5%EC%9B%90/data=!4m7!3m6!1s0x600377334993c5d9:0x5014bd5046c585d3!8m2!3d35.1595348!4d136.9026144!16s%2Fg%2F11cmrs5xsn!19sChIJ2cWTSTN3A2AR04XFRlC9FFA?authuser=0&hl=ko&rclk=1,,3.7,240.0
82,Japan,Nagoya,Aichi Asahi Site Museum,,,,,,https://www.google.com/maps/place/Aichi+Asahi+Site+Museum/data=!4m7!3m6!1s0x600375eec2f545dd:0xd2e7a65e8257e11d!8m2!3d35.2177888!4d136.8512596!16s%2Fg%2F11fq_zn1zm!19sChIJ3UX1wu51A2ARHeFXgl6m59I?authuser=0&hl=ko&rclk=1,,4.1,221.0
83,Japan,Nagoya,긴조후토 역,,,,,,https://www.google.com/maps/place/%EA%B8%B4%EC%A1%B0%ED%9B%84%ED%86%A0+%EC%97%AD/data=!4m7!3m6!1s0x600378c8b124f7b9:0xf3d15b1e559c79da!8m2!3d35.0489567!4d136.8492477!16s%2Fm%2F0nbdkrb!19sChIJufcksch4A2AR2nmcVR5b0fM?authuser=0&hl=ko&rclk=1,,3.5,213.0
84,Japan,Nagoya,Yatomi Wild Bird Sanctuary,,,,,,https://www.google.com/maps/place/Yatomi+Wild+Bird+Sanctuary/data=!4m7!3m6!1s0x60038300f184f717:0x649e2dcef33b98e1!8m2!3d35.048631!4d136.784291!16s%2Fg%2F120qwdgz!19sChIJF_eE8QCDA2AR4Zg7884tnmQ?authuser=0&hl=ko&rclk=1,,3.5,210.0
85,Japan,Nagoya,코메노 공원(보우사이 공원),,,,,,https://www.google.com/maps/place/%EC%BD%94%EB%A9%94%EB%85%B8+%EA%B3%B5%EC%9B%90%28%EB%B3%B4%EC%9A%B0%EC%82%AC%EC%9D%B4+%EA%B3%B5%EC%9B%90%29/data=!4m7!3m6!1s0x600376fcb102d7cf:0xaa699601865e9f97!8m2!3d35.1628796!4d136.8730919!16s%2Fg%2F11c32gn8qg!19sChIJz9cCsfx2A2ARl59ehgGWaao?authuser=0&hl=ko&rclk=1,,4.0,210.0
86,Japan,Nagoya,Nagoya City Mizuho Playhouse,,,,,,https://www.google.com/maps/place/Nagoya+City+Mizuho+Playhouse/data=!4m7!3m6!1s0x60037a55fdbd2f19:0x3686a16c6d089052!8m2!3d35.1220091!4d136.9411767!16s%2Fg%2F11btxhwy0l!19sChIJGS-9_VV6A2ARUpAIbWyhhjY?authuser=0&hl=ko&rclk=1,,3.8,208.0
87,Japan,Nagoya,아이오야마녹지공원,,,,,,https://www.google.com/maps/place/%EC%95%84%EC%9D%B4%EC%98%A4%EC%95%BC%EB%A7%88%EB%85%B9%EC%A7%80%EA%B3%B5%EC%9B%90/data=!4m7!3m6!1s0x60037b47ec70dd23:0x7f9706f8c45672d2!8m2!3d35.1094133!4d136.9685573!16s%2Fg%2F119ttr1kl!19sChIJI91w7Ed7A2AR0nJWxPgGl38?authuser=0&hl=ko&rclk=1,,4.0,199.0
88,Japan,Nagoya,東山動植物園 上池門,,,,,,https://www.google.com/maps/place/%E6%9D%B1%E5%B1%B1%E5%8B%95%E6%A4%8D%E7%89%A9%E5%9C%92+%E4%B8%8A%E6%B1%A0%E9%96%80/data=!4m7!3m6!1s0x600365a2be24de4f:0x119153a3c160f4b6!8m2!3d35.1540047!4d136.9809538!16s%2Fg%2F11h1dbn4_5!19sChIJT94kvqJlA2ARtvRgwaNTkRE?authuser=0&hl=ko&rclk=1,,4.3,182.0
89,Japan,Nagoya,가토 기요마사 상,,,,,,https://www.google.com/maps/place/%EA%B0%80%ED%86%A0+%EA%B8%B0%EC%9A%94%EB%A7%88%EC%82%AC+%EC%83%81/data=!4m7!3m6!1s0x600376ceea853c95:0xb5f5a7de96d948e3!8m2!3d35.1817441!4d136.8966983!16s%2Fg%2F11c468lwx2!19sChIJlTyF6s52A2AR40jZlt6n9bU?authuser=0&hl=ko&rclk=1,,4.2,179.0
90,Japan,Nagoya,Civic Art Gallery Yada,,,,,,https://www.google.com/maps/place/Civic+Art+Gallery+Yada/data=!4m7!3m6!1s0x600370538fd8574f:0x95d91f5fb18f6405!8m2!3d35.1892171!4d136.9467821!16s%2Fg%2F1ptxdg7wq!19sChIJT1fYj1NwA2ARBWSPsV8f2ZU?authuser=0&hl=ko&rclk=1,,3.8,178.0
91,Japan,Nagoya,Arimatsu Old Tokaido Road Streetscape,,,,,,https://www.google.com/maps/place/Arimatsu+Old+Tokaido+Road+Streetscape/data=!4m7!3m6!1s0x60037cd00919ff65:0xaed35d77e5c876b6!8m2!3d35.0673974!4d136.9701492!16s%2Fg%2F11dx94wyhl!19sChIJZf8ZCdB8A2ARtnbI5Xdd064?authuser=0&hl=ko&rclk=1,,4.3,169.0
92,Japan,Nagoya,TODAYS GALLERY STUDIO.NAGOYA,,,,,,https://www.google.com/maps/place/TODAYS+GALLERY+STUDIO.NAGOYA/data=!4m7!3m6!1s0x600370c17d4b60bb:0xdc7850c5a9537c33!8m2!3d35.1656207!4d136.9195142!16s%2Fg%2F11f0l503yv!19sChIJu2BLfcFwA2ARM3xTqcVQeNw?authuser=0&hl=ko&rclk=1,,3.8,166.0
93,Japan,Nagoya,Aichi Kaishonomori Center,,,,,,https://www.google.com/maps/place/Aichi+Kaishonomori+Center/data=!4m7!3m6!1s0x600367095a8b5507:0xd6484e3f32c536ea!8m2!3d35.187924!4d137.111377!16s%2Fg%2F1vp6_2rr!19sChIJB1WLWglnA2AR6jbFMj9OSNY?authuser=0&hl=ko&rclk=1,,3.9,165.0
94,Japan,Nagoya,Nagoya University Museum,,,,,,https://www.google.com/maps/place/Nagoya+University+Museum/data=!4m7!3m6!1s0x60037abb469304e9:0x2b24552e77d8037f!8m2!3d35.1529971!4d136.9669651!16s%2Fg%2F122w5_bq!19sChIJ6QSTRrt6A2ARfwPYdy5VJCs?authuser=0&hl=ko&rclk=1,,4.2,159.0
95,Japan,Nagoya,돈고 공원,,,,,,https://www.google.com/maps/place/%EB%8F%88%EA%B3%A0+%EA%B3%B5%EC%9B%90/data=!4m7!3m6!1s0x600379ce4d85f3f5:0x18f430f1a0a7a602!8m2!3d35.1116542!4d136.8714911!16s%2Fg%2F119x49v7c!19sChIJ9fOFTc55A2ARAqanoPEw9Bg?authuser=0&hl=ko&rclk=1,,3.6,145.0
96,Japan,Nagoya,아이치•나고야 전쟁에 관한 자료관,,,,,,https://www.google.com/maps/place/%EC%95%84%EC%9D%B4%EC%B9%98%E2%80%A2%EB%82%98%EA%B3%A0%EC%95%BC+%EC%A0%84%EC%9F%81%EC%97%90+%EA%B4%80%ED%95%9C+%EC%9E%90%EB%A3%8C%EA%B4%80/data=!4m7!3m6!1s0x6003712b84727f31:0x67a9e3cc20fab3ca!8m2!3d35.1774607!4d136.9056041!16s%2Fg%2F11bt_dczxm!19sChIJMX9yhCtxA2ARyrP6IMzjqWc?authuser=0&hl=ko&rclk=1,,4.2,137.0
97,Japan,Nagoya,아케가오카 공원,,,,,,https://www.google.com/maps/place/%EC%95%84%EC%BC%80%EA%B0%80%EC%98%A4%EC%B9%B4+%EA%B3%B5%EC%9B%90/data=!4m7!3m6!1s0x6003657ee6922d1b:0x9e5c53109e247926!8m2!3d35.1834277!4d137.0170678!16s%2Fg%2F1tds6mhv!19sChIJGy2S5n5lA2ARJnkknhBTXJ4?authuser=0&hl=ko&rclk=1,,3.8,136.0
98,Japan,Nagoya,나고야시교통국 시영교통 자료센터,,,,,,https://www.google.com/maps/place/%EB%82%98%EA%B3%A0%EC%95%BC%EC%8B%9C%EA%B5%90%ED%86%B5%EA%B5%AD+%EC%8B%9C%EC%98%81%EA%B5%90%ED%86%B5+%EC%9E%90%EB%A3%8C%EC%84%BC%ED%84%B0/data=!4m7!3m6!1s0x6003712b4be01e59:0xadac83366f8388be!8m2!3d35.1758676!4d136.9031027!16s%2Fg%2F120l33jc!19sChIJWR7gSytxA2ARvoiDbzaDrK0?authuser=0&hl=ko&rclk=1,,3.7,126.0
99,Japan,Nagoya,Sakae Park,,,,,,https://www.google.com/maps/place/Sakae+Park/data=!4m7!3m6!1s0x600370da75654a2d:0x5e79277a0e6ed5c8!8m2!3d35.1707328!4d136.9126225!16s%2Fg%2F119v5m7s9!19sChIJLUplddpwA2ARyNVuDnoneV4?authuser=0&hl=ko&rclk=1,,3.6,126.0
100,Japan,Nagoya,Parco Gallery,,,,,,https://www.google.com/maps/place/Parco+Gallery/data=!4m7!3m6!1s0x600370cdd96ed207:0x1116cd433b88f7ba!8m2!3d35.1634174!4d136.9072058!16s%2Fg%2F1tdds3jv!19sChIJB9Ju2c1wA2ARuveIO0PNFhE?authuser=0&hl=ko&rclk=1,,3.6,125.0
101,Japan,Nagoya,Atsutajingu Kusanagi Museum,,,,,,https://www.google.com/maps/place/Atsutajingu+Kusanagi+Museum/data=!4m7!3m6!1s0x60037b290030121f:0x9ec061aed706bb77!8m2!3d35.1245946!4d136.9082998!16s%2Fg%2F11qp52ksm3!19sChIJHxIwACl7A2ARd7sG165hwJ4?authuser=0&hl=ko&rclk=1,,4.0,125.0
102,Japan,Nagoya,Zooseum,,,,,,https://www.google.com/maps/place/Zooseum/data=!4m7!3m6!1s0x60037ab22b9209a7:0x10e7a32de2abd33d!8m2!3d35.1573213!4d136.9759173!16s%2Fg%2F11c58nlsxt!19sChIJpwmSK7J6A2ARPdOr4i2j5xA?authuser=0&hl=ko&rclk=1,,4.4,120.0
103,Japan,Nagoya,와카미야 오도리 공원,,,,,,https://www.google.com/maps/place/%EC%99%80%EC%B9%B4%EB%AF%B8%EC%95%BC+%EC%98%A4%EB%8F%84%EB%A6%AC+%EA%B3%B5%EC%9B%90/data=!4m7!3m6!1s0x600370ce9fdd8537:0x695ea01f79bdf0df!8m2!3d35.1619704!4d136.908035!16s%2Fg%2F122k0ztp!19sChIJN4Xdn85wA2AR3_C9eR-gXmk?authuser=0&hl=ko&rclk=1,,3.7,116.0
104,Japan,Nagoya,하바 공원,,,,,,https://www.google.com/maps/place/%ED%95%98%EB%B0%94+%EA%B3%B5%EC%9B%90/data=!4m7!3m6!1s0x600370b31f9cb881:0x8a68b658edd223d6!8m2!3d35.1476482!4d136.9048703!16s%2Fg%2F119vsxkmr!19sChIJgbicH7NwA2AR1iPS7Vi2aIo?authuser=0&hl=ko&rclk=1,,3.6,115.0
105,Japan,Nagoya,나카노마치 공원,,,,,,https://www.google.com/maps/place/%EB%82%98%EC%B9%B4%EB%85%B8%EB%A7%88%EC%B9%98+%EA%B3%B5%EC%9B%90/data=!4m7!3m6!1s0x6003772edbbefac9:0x3d8060b7b715f780!8m2!3d35.1637763!4d136.8959714!16s%2Fg%2F11bzwp1jnl!19sChIJyfq-2y53A2ARgPcVt7dggD0?authuser=0&hl=ko&rclk=1,,3.4,115.0
106,Japan,Nagoya,Sanae Park,,,,,,https://www.google.com/maps/place/Sanae+Park/data=!4m7!3m6!1s0x600376e9f1d16991:0x9ddf4350ed3c28ac!8m2!3d35.1762418!4d136.8826217!16s%2Fg%2F11cp7jz408!19sChIJkWnR8el2A2ARrCg87VBD350?authuser=0&hl=ko&rclk=1,,3.8,113.0
107,Japan,Nagoya,Tachibana Park,,,,,,https://www.google.com/maps/place/Tachibana+Park/data=!4m7!3m6!1s0x600370b5244610c3:0xee35055f586fd62d!8m2!3d35.1526855!4d136.9035955!16s%2Fg%2F11c4bgtmpv!19sChIJwxBGJLVwA2ARLdZvWF8FNe4?authuser=0&hl=ko&rclk=1,,3.5,109.0
108,Japan,Nagoya,東山動植物園の遊園地,,,,,,https://www.google.com/maps/place/%E6%9D%B1%E5%B1%B1%E5%8B%95%E6%A4%8D%E7%89%A9%E5%9C%92%E3%81%AE%E9%81%8A%E5%9C%92%E5%9C%B0/data=!4m7!3m6!1s0x60037b42587a9f7f:0xea50a93ceedfa140!8m2!3d35.159251!4d136.9763026!16s%2Fg%2F11rcn8y9rd!19sChIJf596WEJ7A2ARQKHf7jypUOo?authuser=0&hl=ko&rclk=1,,4.2,107.0
109,Japan,Nagoya,Legoland Lab,,,,,,https://www.google.com/maps/place/Legoland+Lab/data=!4m7!3m6!1s0x600379cb04c4e361:0xce641b7cea5af630!8m2!3d35.0508783!4d136.8450493!16s%2Fg%2F11fk8cpsx7!19sChIJYePEBMt5A2ARMPZa6nwbZM4?authuser=0&hl=ko&rclk=1,,4.2,106.0
110,Japan,Nagoya,Wonder Sky,,,,,,https://www.google.com/maps/place/Wonder+Sky/data=!4m7!3m6!1s0x6004875545d42219:0x68e1ff231a25954c!8m2!3d34.885606!4d136.825755!16s%2Fg%2F11c3v6zv9t!19sChIJGSLURVWHBGARTJUlGiP_4Wg?authuser=0&hl=ko&rclk=1,,4.1,106.0
111,Japan,Nagoya,Cherry Blossoms and Illumination at the Nagoya Zoo Botanical Garden,,,,,,https://www.google.com/maps/place/Cherry+Blossoms+and+Illumination+at+the+Nagoya+Zoo+Botanical+Garden/data=!4m7!3m6!1s0x60036509de7aad9b:0xa4535d3c57f6b7ca!8m2!3d35.1554679!4d136.9860262!16s%2Fg%2F11h6dnl8ds!19sChIJm6163gllA2ARyrf2VzxdU6Q?authuser=0&hl=ko&rclk=1,,4.3,103.0
112,Japan,Nagoya,Nagoya City Birdwatching Center,,,,,,https://www.google.com/maps/place/Nagoya+City+Birdwatching+Center/data=!4m7!3m6!1s0x600378f5d027e975:0xb5efeb06ba6290b4!8m2!3d35.0747101!4d136.8489198!16s%2Fg%2F12111msm!19sChIJdekn0PV4A2ARtJBiugbr77U?authuser=0&hl=ko&rclk=1,,4.1,101.0
113,Japan,Nagoya,나고야코,,,,,,https://www.google.com/maps/place/%EB%82%98%EA%B3%A0%EC%95%BC%EC%BD%94/data=!4m7!3m6!1s0x600379a1b463a8a5:0xa59b38cf94c9fc93!8m2!3d35.0932039!4d136.8819526!16s%2Fg%2F121gzwy7!19sChIJpahjtKF5A2ARk_zJlM84m6U?authuser=0&hl=ko&rclk=1,,3.9,88.0
114,Japan,Nagoya,Fountain Tower,,,,,,https://www.google.com/maps/place/Fountain+Tower/data=!4m7!3m6!1s0x600370bc46341149:0x7fcf87474d5ee302!8m2!3d35.15554!4d136.9189628!16s%2Fg%2F11cp74vq62!19sChIJSRE0RrxwA2ARAuNeTUeHz38?authuser=0&hl=ko&rclk=1,,4.3,84.0
115,Japan,Nagoya,"Hachiman-yama-kofun Tumulus, Nationally Designated Historic Site",,,,,,"https://www.google.com/maps/place/Hachiman-yama-kofun+Tumulus,+Nationally+Designated+Historic+Site/data=!4m7!3m6!1s0x600370983a93679d:0x1e4a43a2dbf41cc1!8m2!3d35.153858!4d136.9239935!16s%2Fg%2F11bbxs76dk!19sChIJnWeTOphwA2ARwRz026JDSh4?authuser=0&hl=ko&rclk=1",,3.9,84.0
116,Japan,Nagoya,Nagoya Castle main keep,,,,,,https://www.google.com/maps/place/Nagoya+Castle+main+keep/data=!4m7!3m6!1s0x6003775421608803:0x33645fe88363fa82!8m2!3d35.1855833!4d136.8991237!16s%2Fg%2F11py6h9xg7!19sChIJA4hgIVR3A2ARgvpjg-hfZDM?authuser=0&hl=ko&rclk=1,,4.3,79.0
117,Japan,Nagoya,@Nagoya Monument,,,,,,https://www.google.com/maps/place/%27@Nagoya+Monument%27/data=!4m7!3m6!1s0x6003715e45278ef9:0x86a1a037cc5e05c9!8m2!3d35.1824551!4d136.9047096!16s%2Fg%2F11fk41fr8j!19sChIJ-Y4nRV5xA2ARyQVezDegoYY?authuser=0&hl=ko&rclk=1,,3.7,70.0
118,Japan,Nagoya,문화의길 햣카햐쿠소,,,,,,https://www.google.com/maps/place/%EB%AC%B8%ED%99%94%EC%9D%98%EA%B8%B8+%ED%96%A3%EC%B9%B4%ED%96%90%EC%BF%A0%EC%86%8C/data=!4m7!3m6!1s0x60037125d6f46867:0xe00dd7130135446!8m2!3d35.1819522!4d136.9145749!16s%2Fg%2F121w6r3p!19sChIJZ2j01iVxA2ARRlQTMHHdAA4?authuser=0&hl=ko&rclk=1,,4.2,67.0
119,Japan,Nagoya,Ozone no Taki Waterfall,,,,,,https://www.google.com/maps/place/Ozone+no+Taki+Waterfall/data=!4m7!3m6!1s0x600370fd12c80085:0x3839d84e6b88d209!8m2!3d35.1845689!4d136.9336944!16s%2Fg%2F11cnbtm1vg!19sChIJhQDIEv1wA2ARCdKIa07YOTg?authuser=0&hl=ko&rclk=1,,4.0,64.0
120,Japan,Nagoya,Asahi Archaeological Site,,,,,,https://www.google.com/maps/place/Asahi+Archaeological+Site/data=!4m7!3m6!1s0x600375591d4c5057:0xa96a1d326795b945!8m2!3d35.2182891!4d136.8513046!16s%2Fg%2F1212rzcx!19sChIJV1BMHVl1A2ARRbmVZzIdaqk?authuser=0&hl=ko&rclk=1,,4.1,63.0
121,Japan,Nagoya,Central Market Comprehensive Food Center (Chūō Ichiba Sōgō Shokuhin Sentā),,,,,,https://www.google.com/maps/place/Central+Market+Comprehensive+Food+Center+%28Ch%C5%AB%C5%8D+Ichiba+S%C5%8Dg%C5%8D+Shokuhin+Sent%C4%81%29/data=!4m7!3m6!1s0x600376deaa519ca5:0xb1290ec04e70ed3e!8m2!3d35.170042!4d136.888147!16s%2Fg%2F187cd7pd!19sChIJpZxRqt52A2ARPu1wTsAOKbE?authuser=0&hl=ko&rclk=1,,4.2,62.0
122,Japan,Nagoya,Nagoya Central Garden,,,,,,https://www.google.com/maps/place/Nagoya+Central+Garden/data=!4m7!3m6!1s0x60037060f8ecc43d:0x92337a698ac4049e!8m2!3d35.1704975!4d136.9441654!16s%2Fg%2F122k64cf!19sChIJPcTs-GBwA2ARngTEiml6M5I?authuser=0&hl=ko&rclk=1,,4.0,58.0
123,Japan,Nagoya,Fujimae Activity Center,,,,,,https://www.google.com/maps/place/Fujimae+Activity+Center/data=!4m7!3m6!1s0x6003786e23c902d3:0xfe0e175f564cec9d!8m2!3d35.0827231!4d136.8353402!16s%2Fg%2F1thq0n30!19sChIJ0wLJI254A2ARnexMVl8XDv4?authuser=0&hl=ko&rclk=1,,3.9,57.0
124,Japan,Nagoya,Kabuki Cafe Nagoya,,,,,,https://www.google.com/maps/place/Kabuki+Cafe+Nagoya/data=!4m7!3m6!1s0x600376daca6df935:0xb3a94d567cf607b7!8m2!3d35.176122!4d136.891927!16s%2Fg%2F11cs1skt0y!19sChIJNfltytp2A2ARtwf2fFZNqbM?authuser=0&hl=ko&rclk=1,,4.7,57.0
125,Japan,Nagoya,Koala Cage,,,,,,https://www.google.com/maps/place/Koala+Cage/data=!4m7!3m6!1s0x60037bbb3b28aba7:0xe0ae3f2ae8dac613!8m2!3d35.154517!4d136.9784094!16s%2Fg%2F11h0tx2lyy!19sChIJp6soO7t7A2ARE8ba6Co_ruA?authuser=0&hl=ko&rclk=1,,4.5,51.0
126,Japan,Nagoya,Nagoya City Greenery Center,,,,,,https://www.google.com/maps/place/Nagoya+City+Greenery+Center/data=!4m7!3m6!1s0x600370bcfa2cba3d:0x9e536862e7756727!8m2!3d35.1543528!4d136.9194028!16s%2Fg%2F119w753qb!19sChIJPbos-rxwA2ARJ2d152JoU54?authuser=0&hl=ko&rclk=1,,4.2,50.0
127,Japan,Nagoya,Canal Park,,,,,,https://www.google.com/maps/place/Canal+Park/data=!4m7!3m6!1s0x6003771f43b76553:0x7e6e052c4a426af4!8m2!3d35.1596855!4d136.8826164!16s%2Fg%2F11gd1v6hz6!19sChIJU2W3Qx93A2AR9GpCSiwFbn4?authuser=0&hl=ko&rclk=1,,3.8,47.0
128,Japan,Nagoya,Ito Family Historic Residence,,,,,,https://www.google.com/maps/place/Ito+Family+Historic+Residence/data=!4m7!3m6!1s0x600376da9b590b2b:0x9eac5beb849e4a9a!8m2!3d35.1750637!4d136.8928192!16s%2Fg%2F11fjn2qvh9!19sChIJKwtZm9p2A2ARmkqehOtbrJ4?authuser=0&hl=ko&rclk=1,,4.0,44.0
129,Japan,Nagoya,Nagoya Sogo Market,,,,,,https://www.google.com/maps/place/Nagoya+Sogo+Market/data=!4m7!3m6!1s0x600376deac5ae19d:0x28b43625dea290!8m2!3d35.169761!4d136.888119!16s%2Fg%2F1tkc6m43!19sChIJneFarN52A2ARkKLeJTa0KAA?authuser=0&hl=ko&rclk=1,,4.0,44.0
130,Japan,Nagoya,At Nagoya Monument Oasis 21,,,,,,https://www.google.com/maps/place/At+Nagoya+Monument+Oasis+21/data=!4m7!3m6!1s0x600371c98c63119d:0xad4090fe60bab20b!8m2!3d35.1704998!4d136.9095447!16s%2Fg%2F11p4_ry7nc!19sChIJnRFjjMlxA2ARC7K6YP6QQK0?authuser=0&hl=ko&rclk=1,,4.5,42.0
131,Japan,Nagoya,Bear Enclosure,,,,,,https://www.google.com/maps/place/Bear+Enclosure/data=!4m7!3m6!1s0x60037ab3f51b058f:0xbed713b106b2de6a!8m2!3d35.1553035!4d136.9769792!16s%2Fg%2F11c594jgs0!19sChIJjwUb9bN6A2ARat6yBrET174?authuser=0&hl=ko&rclk=1,,4.0,42.0
132,Japan,Nagoya,Nagoya Station Tourist Information Center,,,,,,https://www.google.com/maps/place/Nagoya+Station+Tourist+Information+Center/data=!4m7!3m6!1s0x600376e7918b532f:0xcd3d4a27f84c0d19!8m2!3d35.1707268!4d136.8824989!16s%2Fg%2F1td7c26d!19sChIJL1OLked2A2ARGQ1M-CdKPc0?authuser=0&hl=ko&rclk=1,,3.5,39.0
133,Japan,Nagoya,나고야시 체육관,,,,,,https://www.google.com/maps/place/%EB%82%98%EA%B3%A0%EC%95%BC%EC%8B%9C+%EC%B2%B4%EC%9C%A1%EA%B4%80/data=!4m7!3m6!1s0x60037a0fa357d03b:0x576bf29d095e887d!8m2!3d35.133895!4d136.91404!16s%2Fg%2F120jfdm0!19sChIJO9BXow96A2ARfYheCZ3ya1c?authuser=0&hl=ko&rclk=1,,3.4,39.0
134,Japan,Nagoya,"Nagoya Higashiyama ""Living Forest""",,,,,,https://www.google.com/maps/place/Nagoya+Higashiyama+%22Living+Forest%22/data=!4m7!3m6!1s0x60036554ade255b5:0x568b868399f494cf!8m2!3d35.1650099!4d136.9776844!16s%2Fg%2F11h9x3pldp!19sChIJtVXirVRlA2ARz5T0mYOGi1Y?authuser=0&hl=ko&rclk=1,,4.2,38.0
135,Japan,Nagoya,나고야 성 노기창고,,,,,,https://www.google.com/maps/place/%EB%82%98%EA%B3%A0%EC%95%BC+%EC%84%B1+%EB%85%B8%EA%B8%B0%EC%B0%BD%EA%B3%A0/data=!4m7!3m6!1s0x600376c98f0055fd:0x8a1f6fb98a6fad73!8m2!3d35.1862096!4d136.8975405!16s%2Fg%2F11cn14mwzy!19sChIJ_VUAj8l2A2ARc61virlvH4o?authuser=0&hl=ko&rclk=1,,4.1,37.0
136,Japan,Nagoya,Mikawawankokutei Park,,,,,,https://www.google.com/maps/place/Mikawawankokutei+Park/data=!4m7!3m6!1s0x6004c71f66ab88d5:0xed9d739daf881d20!8m2!3d34.8147362!4d137.2341084!16s%2Fm%2F0gtvdf6!19sChIJ1YirZh_HBGARIB2Ir51zne0?authuser=0&hl=ko&rclk=1,,4.4,37.0
137,Japan,Nagoya,Submarine Adventure,,,,,,https://www.google.com/maps/place/Submarine+Adventure/data=!4m7!3m6!1s0x600378b8bc016b0d:0xc2e2e8634c4a8bfb!8m2!3d35.051326!4d136.8441629!16s%2Fg%2F11d_7w4wxk!19sChIJDWsBvLh4A2AR-4tKTGPo4sI?authuser=0&hl=ko&rclk=1,,4.6,36.0
138,Japan,Nagoya,메이조 공원 조각의 정원,,,,,,https://www.google.com/maps/place/%EB%A9%94%EC%9D%B4%EC%A1%B0+%EA%B3%B5%EC%9B%90+%EC%A1%B0%EA%B0%81%EC%9D%98+%EC%A0%95%EC%9B%90/data=!4m7!3m6!1s0x600376cedb4f0cf3:0x28bc89e68876a76e!8m2!3d35.1818565!4d136.8961354!16s%2Fg%2F11cmyc8zd0!19sChIJ8wxP2852A2ARbqd2iOaJvCg?authuser=0&hl=ko&rclk=1,,4.1,33.0
139,Japan,Nagoya,ギャラリー彩,,,,,,https://www.google.com/maps/place/%E3%82%AE%E3%83%A3%E3%83%A9%E3%83%AA%E3%83%BC%E5%BD%A9/data=!4m7!3m6!1s0x600370d155d2340b:0x3400ea5d809cc62a!8m2!3d35.1695929!4d136.9078307!16s%2Fg%2F1tjl5v8z!19sChIJCzTSVdFwA2ARKsacgF3qADQ?authuser=0&hl=ko&rclk=1,,3.5,33.0
140,Japan,Nagoya,旧加藤商会ビル,,,,,,https://www.google.com/maps/place/%E6%97%A7%E5%8A%A0%E8%97%A4%E5%95%86%E4%BC%9A%E3%83%93%E3%83%AB/data=!4m7!3m6!1s0x600377b68468a773:0x73d1a5a590038d02!8m2!3d35.1681033!4d136.8923477!16s%2Fg%2F1231m1m8!19sChIJc6dohLZ3A2ARAo0DkKWl0XM?authuser=0&hl=ko&rclk=1,,4.3,32.0
141,Japan,Nagoya,Choshokaku,,,,,,https://www.google.com/maps/place/Choshokaku/data=!4m7!3m6!1s0x6003706e05c55555:0x6746f25621d1f078!8m2!3d35.1689315!4d136.9561404!16s%2Fg%2F11g6vjv1xm!19sChIJVVXFBW5wA2ARePDRIVbyRmc?authuser=0&hl=ko&rclk=1,,4.3,32.0
142,Japan,Nagoya,Adventure Land,,,,,,https://www.google.com/maps/place/Adventure+Land/data=!4m7!3m6!1s0x600371f0ed1935a3:0xff62094f694702a8!8m2!3d35.2087704!4d136.97399!16s%2Fg%2F11fqtvsm5j!19sChIJozUZ7fBxA2ARqAJHaU8JYv8?authuser=0&hl=ko&rclk=1,,4.3,31.0
143,Japan,Nagoya,Nakaotai Historic Townscape Preservation District,,,,,,https://www.google.com/maps/place/Nakaotai+Historic+Townscape+Preservation+District/data=!4m7!3m6!1s0x60037438c4726029:0x32a445957f0f4d6a!8m2!3d35.2134399!4d136.8777137!16s%2Fg%2F11f049xy71!19sChIJKWByxDh0A2ARak0Pf5VFpDI?authuser=0&hl=ko&rclk=1,,3.7,31.0
144,Japan,Nagoya,ホッキョクグマ舎,,,,,,https://www.google.com/maps/place/%E3%83%9B%E3%83%83%E3%82%AD%E3%83%A7%E3%82%AF%E3%82%B0%E3%83%9E%E8%88%8E/data=!4m7!3m6!1s0x60037bee6a40b5b3:0x90a6b2957043e19d!8m2!3d35.155051!4d136.9777986!16s%2Fg%2F11fkm85vzb!19sChIJs7VAau57A2ARneFDcJWyppA?authuser=0&hl=ko&rclk=1,,4.2,30.0
145,Japan,Nagoya,Miharashidai Heritage,,,,,,https://www.google.com/maps/place/Miharashidai+Heritage/data=!4m7!3m6!1s0x60037ba030107047:0xda1ceabb2394dae7!8m2!3d35.0987938!4d136.939799!16s%2Fg%2F120vhcqn!19sChIJR3AQMKB7A2AR59qUI7vqHNo?authuser=0&hl=ko&rclk=1,,4.0,30.0
146,Japan,Nagoya,나고야 성 동문,,,,,,https://www.google.com/maps/place/%EB%82%98%EA%B3%A0%EC%95%BC+%EC%84%B1+%EB%8F%99%EB%AC%B8/data=!4m7!3m6!1s0x600371e41b7863b5:0xfccb9ddb46abb1e5!8m2!3d35.1840141!4d136.9030838!16s%2Fg%2F11spw7bh57!19sChIJtWN4G-RxA2AR5bGrRtudy_w?authuser=0&hl=ko&rclk=1,,3.9,27.0
147,Japan,Nagoya,名古屋市蓬左文庫,,,,,,https://www.google.com/maps/place/%E5%90%8D%E5%8F%A4%E5%B1%8B%E5%B8%82%E8%93%AC%E5%B7%A6%E6%96%87%E5%BA%AB/data=!4m7!3m6!1s0x60037132252a8a15:0x52edd888cb8ceb!8m2!3d35.183422!4d136.9323697!16s%2Fm%2F0gk_94x!19sChIJFYoqJTJxA2AR64zLiNjtUgA?authuser=0&hl=ko&rclk=1,,4.1,27.0
148,Japan,Nagoya,Horai Lake,,,,,,https://www.google.com/maps/place/Horai+Lake/data=!4m7!3m6!1s0x601b38782f03af11:0x3d060fa905668eb9!8m2!3d35.0194144!4d137.6399809!16s%2Fg%2F1tsyk7vb!19sChIJEa8DL3g4G2ARuY5mBakPBj0?authuser=0&hl=ko&rclk=1,,4.4,27.0
149,Japan,Nagoya,하바메이즈,,,,,,https://www.google.com/maps/place/%ED%95%98%EB%B0%94%EB%A9%94%EC%9D%B4%EC%A6%88/data=!4m7!3m6!1s0x600379753a4a3603:0xfb72e52f22e611db!8m2!3d35.0907531!4d136.8843279!16s%2Fg%2F11c6cr2lj_!19sChIJAzZKOnV5A2AR2xHmIi_lcvs?authuser=0&hl=ko&rclk=1,,3.8,26.0
150,Japan,Nagoya,Bamboo Trail,,,,,,https://www.google.com/maps/place/Bamboo+Trail/data=!4m7!3m6!1s0x60037df75025ac35:0xc0beb2001a1e17ea!8m2!3d35.0630512!4d136.9498785!16s%2Fg%2F11gy45jdjf!19sChIJNawlUPd9A2AR6hceGgCyvsA?authuser=0&hl=ko&rclk=1,,4.0,26.0
151,Japan,Nagoya,Jet Coaster,,,,,,https://www.google.com/maps/place/Jet+Coaster/data=!4m7!3m6!1s0x60037ab206a24d6b:0xb643aa526b9e1a2b!8m2!3d35.1591615!4d136.9760226!16s%2Fg%2F11fylwr3bp!19sChIJa02iBrJ6A2ARKxqea1KqQ7Y?authuser=0&hl=ko&rclk=1,,4.3,26.0
152,Japan,Nagoya,Bird Hall,,,,,,https://www.google.com/maps/place/Bird+Hall/data=!4m7!3m6!1s0x60037ab4fc3ddf57:0xfb42bf39ccd0b802!8m2!3d35.154102!4d136.9784892!16s%2Fg%2F11c32blynz!19sChIJV989_LR6A2ARArjQzDm_Qvs?authuser=0&hl=ko&rclk=1,,3.9,25.0
153,Japan,Nagoya,Hachiryu Ryokuchi Park,,,,,,https://www.google.com/maps/place/Hachiryu+Ryokuchi+Park/data=!4m7!3m6!1s0x60036fcacdcdd779:0xa0f021e0609634bd!8m2!3d35.2146659!4d136.9974898!16s%2Fg%2F11fxb4vy2r!19sChIJedfNzcpvA2ARvTSWYOAh8KA?authuser=0&hl=ko&rclk=1,,4.2,25.0
154,Japan,Nagoya,Beach Trip,,,,,,https://www.google.com/maps/place/Beach+Trip/data=!4m7!3m6!1s0x600370d315694cdb:0xce74823becdd1296!8m2!3d35.166792!4d136.904019!16s%2Fg%2F11d_xtg9tl!19sChIJ20xpFdNwA2ARlhLd7DuCdM4?authuser=0&hl=ko&rclk=1,,4.2,25.0
155,Japan,Nagoya,Nekogahora Pond,,,,,,https://www.google.com/maps/place/Nekogahora+Pond/data=!4m7!3m6!1s0x60037005c543aaff:0x7e9d1e2ecc72c52!8m2!3d35.171964!4d136.9726162!16s%2Fg%2F11bc8b_ldl!19sChIJ_6pDxQVwA2ARUizH7OLR6Qc?authuser=0&hl=ko&rclk=1,,3.7,23.0
156,Japan,Nagoya,Club Tourism Nagoya Travel Center,,,,,,https://www.google.com/maps/place/Club+Tourism+Nagoya+Travel+Center/data=!4m7!3m6!1s0x600370d39c28bcd3:0x3e7d49d461c505cc!8m2!3d35.1679544!4d136.9054559!16s%2Fg%2F11ckvwn_qx!19sChIJ07wonNNwA2ARzAXFYdRJfT4?authuser=0&hl=ko&rclk=1,,3.3,22.0
157,Japan,Nagoya,Towers Garden,,,,,,https://www.google.com/maps/place/Towers+Garden/data=!4m7!3m6!1s0x6003773fbb75bf49:0x5e0947a5c4aa0d92!8m2!3d35.1702549!4d136.8838908!16s%2Fg%2F11g19nhz67!19sChIJSb91uz93A2ARkg2qxKVHCV4?authuser=0&hl=ko&rclk=1,,4.2,20.0
158,Japan,Nagoya,나고야 성 혼마루 동이지문,,,,,,https://www.google.com/maps/place/%EB%82%98%EA%B3%A0%EC%95%BC+%EC%84%B1+%ED%98%BC%EB%A7%88%EB%A3%A8+%EB%8F%99%EC%9D%B4%EC%A7%80%EB%AC%B8/data=!4m7!3m6!1s0x600376cb76a405ab:0xe48a94927f497ecc!8m2!3d35.1854697!4d136.9006602!16s%2Fg%2F11cn9n48wj!19sChIJqwWkdst2A2ARzH5Jf5KUiuQ?authuser=0&hl=ko&rclk=1,,4.1,20.0
159,Japan,Nagoya,＠Nagoya Monument,,,,,,https://www.google.com/maps/place/%EF%BC%A0Nagoya+Monument/data=!4m7!3m6!1s0x60037950b5943425:0x1eaa56c998f60db!8m2!3d35.0918022!4d136.8798299!16s%2Fg%2F11kmnz72l0!19sChIJJTSUtVB5A2AR22CPmWyl6gE?authuser=0&hl=ko&rclk=1,,4.1,18.0
160,Japan,Nagoya,Knight's Kingdom,,,,,,https://www.google.com/maps/place/Knight%27s+Kingdom/data=!4m7!3m6!1s0x600378b91fdb99ed:0xf4a59cbd108cc20a!8m2!3d35.0498831!4d136.8422122!16s%2Fg%2F11gbl4n8h5!19sChIJ7ZnbH7l4A2ARCsKMEL2cpfQ?authuser=0&hl=ko&rclk=1,,4.0,17.0
161,Japan,Nagoya,Bird watching forest,,,,,,https://www.google.com/maps/place/Bird+watching+forest/data=!4m7!3m6!1s0x60036e3587ba1383:0x19b5e14caa90e0a7!8m2!3d35.2174333!4d136.9989484!16s%2Fg%2F11c6ptvx1_!19sChIJgxO6hzVuA2ARp-CQqkzhtRk?authuser=0&hl=ko&rclk=1,,3.4,16.0
162,Japan,Nagoya,Higashiyama Botanical Garden Rose Festival,,,,,,https://www.google.com/maps/place/Higashiyama+Botanical+Garden+Rose+Festival/data=!4m7!3m6!1s0x600365b4ea8c1609:0x9e248572ad55e34f!8m2!3d35.1532234!4d136.9819292!16s%2Fg%2F11h4tbv6_z!19sChIJCRaM6rRlA2ART-NVrXKFJJ4?authuser=0&hl=ko&rclk=1,,4.2,16.0
163,Japan,Nagoya,Tsukanoiri Pond,,,,,,https://www.google.com/maps/place/Tsukanoiri+Pond/data=!4m7!3m6!1s0x600365a05b5143b5:0x8844c7afd91f3bda!8m2!3d35.1685138!4d137.0209173!16s%2Fg%2F11f4pnjlk1!19sChIJtUNRW6BlA2AR2jsf2a_HRIg?authuser=0&hl=ko&rclk=1,,4.6,16.0
164,Japan,Nagoya,구. 나고야 성(那古野城) 유적지,,,,,,https://www.google.com/maps/place/%EA%B5%AC.+%EB%82%98%EA%B3%A0%EC%95%BC+%EC%84%B1%28%E9%82%A3%E5%8F%A4%E9%87%8E%E5%9F%8E%29+%EC%9C%A0%EC%A0%81%EC%A7%80/data=!4m7!3m6!1s0x600377a2df534249:0xed96d9d399626af!8m2!3d35.1843345!4d136.9019772!16s%2Fg%2F11sz2js39r!19sChIJSUJT36J3A2ARryaWOZ1t2Q4?authuser=0&hl=ko&rclk=1,,3.4,16.0
165,Japan,Nagoya,名古屋画廊,,,,,,https://www.google.com/maps/place/%E5%90%8D%E5%8F%A4%E5%B1%8B%E7%94%BB%E5%BB%8A/data=!4m7!3m6!1s0x600377295b3b29c3:0xa6902e0f40fd5214!8m2!3d35.1660771!4d136.8974691!16s%2Fg%2F1tfjfgjr!19sChIJwyk7Wyl3A2ARFFL9QA8ukKY?authuser=0&hl=ko&rclk=1,,4.1,16.0
166,Japan,Nagoya,日焼けサロン THE BEACH,,,,,,https://www.google.com/maps/place/%E6%97%A5%E7%84%BC%E3%81%91%E3%82%B5%E3%83%AD%E3%83%B3+THE+BEACH/data=!4m7!3m6!1s0x60037b151daa0469:0xb21c2f8db4619272!8m2!3d35.1084408!4d136.9587831!16s%2Fg%2F1tgywn0h!19sChIJaQSqHRV7A2ARcpJhtI0vHLI?authuser=0&hl=ko&rclk=1,,4.4,16.0
167,Japan,Nagoya,Moon Base,,,,,,https://www.google.com/maps/place/Moon+Base/data=!4m7!3m6!1s0x60037193725673c7:0xcf1682c90d14a313!8m2!3d35.1896698!4d136.9308394!16s%2Fg%2F11f5p_z3k0!19sChIJx3NWcpNxA2ARE6MUDcmCFs8?authuser=0&hl=ko&rclk=1,,4.7,15.0
168,Japan,Nagoya,Lost Kingdom Adventure,,,,,,https://www.google.com/maps/place/Lost+Kingdom+Adventure/data=!4m7!3m6!1s0x600378b8c9da27d3:0xc095aea88f0bf441!8m2!3d35.0512549!4d136.8434303!16s%2Fg%2F11g9v_jnhv!19sChIJ0yfaybh4A2ARQfQLj6iulcA?authuser=0&hl=ko&rclk=1,,4.4,14.0
169,Japan,Nagoya,Spaceship Aqua,,,,,,https://www.google.com/maps/place/Spaceship+Aqua/data=!4m7!3m6!1s0x600371518bc02ba9:0x3eaad1fb454f053f!8m2!3d35.1714256!4d136.9093808!16s%2Fg%2F11l5vn8snw!19sChIJqSvAi1FxA2ARPwVPRfvRqj4?authuser=0&hl=ko&rclk=1,,4.5,14.0
170,Japan,Nagoya,Jill D'Art Gallery,,,,,,https://www.google.com/maps/place/Jill+D%27Art+Gallery/data=!4m7!3m6!1s0x6003705ffaf847b9:0xf8f21d3a630aae66!8m2!3d35.1759135!4d136.9091587!16s%2Fg%2F1txc6z3h!19sChIJuUf4-l9wA2ARZq4KYzod8vg?authuser=0&hl=ko&rclk=1,,4.3,13.0
171,Japan,Nagoya,ギャラリーＡ・Ｃ・Ｓ,,,,,,https://www.google.com/maps/place/%E3%82%AE%E3%83%A3%E3%83%A9%E3%83%AA%E3%83%BC%EF%BC%A1%E3%83%BB%EF%BC%A3%E3%83%BB%EF%BC%B3/data=!4m7!3m6!1s0x600377291df6e7bb:0x279fadb6ed9ee142!8m2!3d35.165912!4d136.895549!16s%2Fg%2F1tm8kj1h!19sChIJu-f2HSl3A2ARQuGe7batnyc?authuser=0&hl=ko&rclk=1,,4.5,13.0
172,Japan,Nagoya,gallery N,,,,,,https://www.google.com/maps/place/gallery+N/data=!4m7!3m6!1s0x60037a9fbd9d2271:0xc3c0725c157dae83!8m2!3d35.159753!4d136.959808!16s%2Fg%2F1tff7k21!19sChIJcSKdvZ96A2ARg659FVxywMM?authuser=0&hl=ko&rclk=1,,4.5,12.0
173,Japan,Nagoya,Great Rolling Stock Hall - Shinkansen Train Area,,,,,,https://www.google.com/maps/place/Great+Rolling+Stock+Hall+-+Shinkansen+Train+Area/data=!4m7!3m6!1s0x600379f3a7d1f02f:0x365270be7eefa56a!8m2!3d35.0489661!4d136.851025!16s%2Fg%2F11j7h65njp!19sChIJL_DRp_N5A2ARaqXvfr5wUjY?authuser=0&hl=ko&rclk=1,,4.3,12.0
174,Japan,Nagoya,女子大Beach,,,,,,https://www.google.com/maps/place/%E5%A5%B3%E5%AD%90%E5%A4%A7Beach/data=!4m7!3m6!1s0x6003717797595c67:0x853b5edae6ddd7d!8m2!3d35.1670957!4d136.9124359!16s%2Fg%2F11hf4wh_sb!19sChIJZ1xZl3dxA2ARfd1tru21Uwg?authuser=0&hl=ko&rclk=1,,4.1,12.0
175,Japan,Nagoya,食肉小獣舎,,,,,,https://www.google.com/maps/place/%E9%A3%9F%E8%82%89%E5%B0%8F%E7%8D%A3%E8%88%8E/data=!4m7!3m6!1s0x60037b2c2ce3f2d5:0x9249a2d8353bb92b!8m2!3d35.1557853!4d136.9776545!16s%2Fg%2F11n05n1rbc!19sChIJ1fLjLCx7A2ARK7k7NdiiSZI?authuser=0&hl=ko&rclk=1,,4.1,11.0
176,Japan,Nagoya,Nisho Park,,,,,,https://www.google.com/maps/place/Nisho+Park/data=!4m7!3m6!1s0x60037b0493886883:0xd465da38cadef0a7!8m2!3d35.1155089!4d136.9498447!16s%2Fg%2F11g6j73zc5!19sChIJg2iIkwR7A2ARp_DeyjjaZdQ?authuser=0&hl=ko&rclk=1,,3.5,11.0
177,Japan,Nagoya,Kenji Taki Gallery,,,,,,https://www.google.com/maps/place/Kenji+Taki+Gallery/data=!4m7!3m6!1s0x6003772d2b50108d:0xeaeeddb378a93e46!8m2!3d35.165191!4d136.9026753!16s%2Fg%2F1tz75xhz!19sChIJjRBQKy13A2ARRj6peLPd7uo?authuser=0&hl=ko&rclk=1,,3.7,10.0
178,Japan,Nagoya,Hachiko Burial Mound,,,,,,https://www.google.com/maps/place/Hachiko+Burial+Mound/data=!4m7!3m6!1s0x60037a6e01a7ffe9:0x199fdbff7ddfd4c3!8m2!3d35.1378492!4d136.9272872!16s%2Fg%2F11c6dcg4j5!19sChIJ6f-nAW56A2ARw9Tfff_bnxk?authuser=0&hl=ko&rclk=1,,3.3,10.0
179,Japan,Nagoya,Shirakawa Park Sundial,,,,,,https://www.google.com/maps/place/Shirakawa+Park+Sundial/data=!4m7!3m6!1s0x6003774624fbbc83:0x4d1ab695c0029d09!8m2!3d35.1643454!4d136.9000773!16s%2Fg%2F11j302_szv!19sChIJg7z7JEZ3A2ARCZ0CwJW2Gk0?authuser=0&hl=ko&rclk=1,,3.8,10.0
180,Japan,Nagoya,Japanese Garden,,,,,,https://www.google.com/maps/place/Japanese+Garden/data=!4m7!3m6!1s0x600365cc34ccf23d:0xa696a1b6b5f075d8!8m2!3d35.156548!4d136.9853983!16s%2Fg%2F11h70jbzsw!19sChIJPfLMNMxlA2AR2HXwtbahlqY?authuser=0&hl=ko&rclk=1,,4.7,9.0
181,Japan,Nagoya,Lego Ninjago World,,,,,,https://www.google.com/maps/place/Lego+Ninjago+World/data=!4m7!3m6!1s0x600379b56813e79d:0xe2841f47d8c5328!8m2!3d35.0496171!4d136.8430893!16s%2Fg%2F11fln229gj!19sChIJnecTaLV5A2ARKFOMffRBKA4?authuser=0&hl=ko&rclk=1,,4.3,9.0
182,Japan,Nagoya,Pirates' Shore,,,,,,https://www.google.com/maps/place/Pirates%27+Shore/data=!4m7!3m6!1s0x600378b88ef67ef1:0x42cae99bc26bdb7!8m2!3d35.0499852!4d136.843848!16s%2Fg%2F11f14g05fy!19sChIJ8X72jrh4A2ARt70mvJmuLAQ?authuser=0&hl=ko&rclk=1,,4.3,9.0
183,Japan,Nagoya,Friendship Monument,,,,,,https://www.google.com/maps/place/Friendship+Monument/data=!4m7!3m6!1s0x600376e6370410c7:0x334c30543bce76c6!8m2!3d35.1703255!4d136.8805366!16s%2Fg%2F11c2nnqrc7!19sChIJxxAEN-Z2A2ARxnbOO1QwTDM?authuser=0&hl=ko&rclk=1,,3.8,9.0
184,Japan,Nagoya,Wooden Path (Ki no Michi),,,,,,https://www.google.com/maps/place/Wooden+Path+%28Ki+no+Michi%29/data=!4m7!3m6!1s0x60036fc5b0e22f2f:0xe885719b555c80d2!8m2!3d35.2197449!4d136.9890559!16s%2Fg%2F11j4fsswj6!19sChIJLy_isMVvA2AR0oBcVZtxheg?authuser=0&hl=ko&rclk=1,,4.6,9.0
185,Japan,Nagoya,the beach,,,,,,https://www.google.com/maps/place/the+beach/data=!4m7!3m6!1s0x600370d2ae295555:0xe56f1964a3540e30!8m2!3d35.1668437!4d136.9050088!16s%2Fg%2F11c59_08nn!19sChIJVVUprtJwA2ARMA5Uo2QZb-U?authuser=0&hl=ko&rclk=1,,3.0,9.0
186,Japan,Nagoya,Makinoga Pond,,,,,,https://www.google.com/maps/place/Makinoga+Pond/data=!4m7!3m6!1s0x6003651d27c786bd:0xcf9b0dd5fa5b4f77!8m2!3d35.1490557!4d137.0093644!16s%2Fg%2F11bymtpj1_!19sChIJvYbHJx1lA2ARd09b-tUNm88?authuser=0&hl=ko&rclk=1,,4.2,9.0
187,Japan,Nagoya,平和公園一万歩コース,,,,,,https://www.google.com/maps/place/%E5%B9%B3%E5%92%8C%E5%85%AC%E5%9C%92%E4%B8%80%E4%B8%87%E6%AD%A9%E3%82%B3%E3%83%BC%E3%82%B9/data=!4m7!3m6!1s0x60037bb792bd8fa7:0xc2a1a785882814f8!8m2!3d35.1631194!4d136.976841!16s%2Fg%2F11mvzcy171!19sChIJp4-9krd7A2AR-BQoiIWnocI?authuser=0&hl=ko&rclk=1,,4.7,9.0
188,Japan,Nagoya,Dainagoya Park,,,,,,https://www.google.com/maps/place/Dainagoya+Park/data=!4m7!3m6!1s0x60037715e38614f1:0x51428e2c01953327!8m2!3d35.1725993!4d136.8850284!16s%2Fg%2F11nxv5rnrw!19sChIJ8RSG4xV3A2ARJzOVASyOQlE?authuser=0&hl=ko&rclk=1,,4.4,7.0
189,Japan,Nagoya,Sakawa Falls,,,,,,https://www.google.com/maps/place/Sakawa+Falls/data=!4m7!3m6!1s0x600371d44ea6ead7:0xbac11f98974a82a5!8m2!3d35.1554721!4d136.9226286!16s%2Fg%2F11j50mmkw4!19sChIJ1-qmTtRxA2ARpYJKl5gfwbo?authuser=0&hl=ko&rclk=1,,3.3,7.0
190,Japan,Nagoya,Biotope,,,,,,https://www.google.com/maps/place/Biotope/data=!4m7!3m6!1s0x60037752f129651b:0xfecd392d676b159d!8m2!3d35.1805555!4d136.8817484!16s%2Fg%2F11fsrnc8cz!19sChIJG2Up8VJ3A2ARnRVrZy05zf4?authuser=0&hl=ko&rclk=1,,4.4,7.0
191,Japan,Nagoya,うるおいの森,,,,,,https://www.google.com/maps/place/%E3%81%86%E3%82%8B%E3%81%8A%E3%81%84%E3%81%AE%E6%A3%AE/data=!4m7!3m6!1s0x60037b09a6387e5d:0x8a6514e4497712c6!8m2!3d35.1453351!4d136.9765376!16s%2Fg%2F11rn4hrtvv!19sChIJXX44pgl7A2ARxhJ3SeQUZYo?authuser=0&hl=ko&rclk=1,,3.7,7.0
192,Japan,Nagoya,定光寺自然休養林（じょうこうじ響の森）,,,,,,https://www.google.com/maps/place/%E5%AE%9A%E5%85%89%E5%AF%BA%E8%87%AA%E7%84%B6%E4%BC%91%E9%A4%8A%E6%9E%97%EF%BC%88%E3%81%98%E3%82%87%E3%81%86%E3%81%93%E3%81%86%E3%81%98%E9%9F%BF%E3%81%AE%E6%A3%AE%EF%BC%89/data=!4m7!3m6!1s0x60036998cc96e355:0x389bbc9de77c7e84!8m2!3d35.2688202!4d137.0840117!16s%2Fg%2F11ql6h4_k2!19sChIJVeOWzJhpA2ARhH585528mzg?authuser=0&hl=ko&rclk=1,,3.9,7.0
193,Japan,Nagoya,Aichikogen Kokutei Park,,,,,,https://www.google.com/maps/place/Aichikogen+Kokutei+Park/data=!4m7!3m6!1s0x600369d8b5794a17:0x1603977392ce08b0!8m2!3d35.2775813!4d137.0809597!16s%2Fg%2F11rmr6y7ds!19sChIJF0p5tdhpA2ARsAjOknOXAxY?authuser=0&hl=ko&rclk=1,,4.0,7.0
194,Japan,Nagoya,Ｌ gallery,,,,,,https://www.google.com/maps/place/%EF%BC%AC+gallery/data=!4m7!3m6!1s0x6003657c6d7b3f4b:0xfde7b28f53068425!8m2!3d35.1807783!4d137.0132303!16s%2Fg%2F11bwg15_27!19sChIJSz97bXxlA2ARJYQGU4-y5_0?authuser=0&hl=ko&rclk=1,,4.4,7.0
195,Japan,Nagoya,Mitsuke Forest Preservation Area,,,,,,https://www.google.com/maps/place/Mitsuke+Forest+Preservation+Area/data=!4m7!3m6!1s0x60037a9f88392b79:0xaa6f3a92d8772a23!8m2!3d35.160301!4d136.9607774!16s%2Fg%2F119v_llg2!19sChIJeSs5iJ96A2ARIyp32JI6b6o?authuser=0&hl=ko&rclk=1,,3.4,7.0
196,Japan,Nagoya,Rail Road,,,,,,https://www.google.com/maps/place/Rail+Road/data=!4m7!3m6!1s0x60037aadffd1a349:0x8bae0b41454502ca!8m2!3d35.1593869!4d136.975683!16s%2Fg%2F11gbf73k9x!19sChIJSaPR_616A2ARygJFRUELros?authuser=0&hl=ko&rclk=1,,3.3,6.0
197,Japan,Nagoya,Castaway Camp,,,,,,https://www.google.com/maps/place/Castaway+Camp/data=!4m7!3m6!1s0x600378b88fecbc55:0xff5b1deddd5c0a0d!8m2!3d35.0501351!4d136.8440016!16s%2Fg%2F11gbl4lw7x!19sChIJVbzsj7h4A2ARDQpc3e0dW_8?authuser=0&hl=ko&rclk=1,,4.0,6.0
198,Japan,Nagoya,Midoriga Pond,,,,,,https://www.google.com/maps/place/Midoriga+Pond/data=!4m7!3m6!1s0x60036e3049174ccf:0x1554009040079d78!8m2!3d35.2181572!4d136.9908352!16s%2Fg%2F11g6mg_j79!19sChIJz0wXSTBuA2AReJ0HQJAAVBU?authuser=0&hl=ko&rclk=1,,4.0,6.0
199,Japan,Nagoya,나고야 성 외호 히메보타루 서식지,,,,,,https://www.google.com/maps/place/%EB%82%98%EA%B3%A0%EC%95%BC+%EC%84%B1+%EC%99%B8%ED%98%B8+%ED%9E%88%EB%A9%94%EB%B3%B4%ED%83%80%EB%A3%A8+%EC%84%9C%EC%8B%9D%EC%A7%80/data=!4m7!3m6!1s0x600377245f838d91:0x5dfa29ee51f7d448!8m2!3d35.1785031!4d136.9011125!16s%2Fg%2F11nfw5684w!19sChIJkY2DXyR3A2ARSNT3Ue4p-l0?authuser=0&hl=ko&rclk=1,,4.3,6.0
200,Japan,Nagoya,日光川公園堤防,,,,,,https://www.google.com/maps/place/%E6%97%A5%E5%85%89%E5%B7%9D%E5%85%AC%E5%9C%92%E5%A0%A4%E9%98%B2/data=!4m7!3m6!1s0x600383054ccf426d:0x6cfc7f2728b160d3!8m2!3d35.0895268!4d136.8199154!16s%2Fg%2F11rr0_m3gc!19sChIJbULPTAWDA2AR02CxKCd__Gw?authuser=0&hl=ko&rclk=1,,3.0,5.0
201,Japan,Nagoya,Hayato Pond,,,,,,https://www.google.com/maps/place/Hayato+Pond/data=!4m7!3m6!1s0x60037aeb5a240279:0xc3cf8066cdd90d80!8m2!3d35.1412276!4d136.95668!16s%2Fg%2F11d_9_03t1!19sChIJeQIkWut6A2ARgA3ZzWaAz8M?authuser=0&hl=ko&rclk=1,,4.0,5.0
202,Japan,Nagoya,Chayagasaka Area Spring,,,,,,https://www.google.com/maps/place/Chayagasaka+Area+Spring/data=!4m7!3m6!1s0x600371ceb75be053:0x219bcb089519c7b2!8m2!3d35.1801825!4d136.9665088!16s%2Fg%2F11f6g146x_!19sChIJU-Bbt85xA2ARsscZlQjLmyE?authuser=0&hl=ko&rclk=1,,3.8,5.0
203,Japan,Nagoya,Niinomi Pond,,,,,,https://www.google.com/maps/place/Niinomi+Pond/data=!4m7!3m6!1s0x60037b6023b18a95:0x57ef48ae7a8a80a0!8m2!3d35.0898014!4d136.9601704!16s%2Fg%2F11bc8c19wc!19sChIJlYqxI2B7A2ARoICKeq5I71c?authuser=0&hl=ko&rclk=1,,3.6,5.0
204,Japan,Nagoya,Kamizawa Pond,,,,,,https://www.google.com/maps/place/Kamizawa+Pond/data=!4m7!3m6!1s0x6003635d0f95d5df:0xb66fd55bfe7b8e69!8m2!3d35.0989916!4d136.997593!16s%2Fg%2F11c88hwcps!19sChIJ39WVD11jA2ARaY57_lvVb7Y?authuser=0&hl=ko&rclk=1,,3.2,5.0
205,Japan,Nagoya,Nagoya University Museum Botanical Garden,,,,,,https://www.google.com/maps/place/Nagoya+University+Museum+Botanical+Garden/data=!4m7!3m6!1s0x60037aa2cb4e5d19:0x84609df190f8d96f!8m2!3d35.1535214!4d136.9625532!16s%2Fg%2F11f4pb87wc!19sChIJGV1Oy6J6A2ARb9n4kPGdYIQ?authuser=0&hl=ko&rclk=1,,4.4,5.0
206,Japan,Nagoya,Pirate Lock-Up,,,,,,https://www.google.com/maps/place/Pirate+Lock-Up/data=!4m7!3m6!1s0x600378b8ed351e35:0x39aacc4c5a6da3f4!8m2!3d35.0498985!4d136.843381!16s%2Fg%2F11gbk1mprl!19sChIJNR417bh4A2AR9KNtWkzMqjk?authuser=0&hl=ko&rclk=1,,4.3,4.0
207,Japan,Nagoya,Takakura Tumuls,,,,,,https://www.google.com/maps/place/Takakura+Tumuls/data=!4m7!3m6!1s0x60037bbd7bf8111d:0xcc5898c6c319f983!8m2!3d35.1362159!4d136.9049186!16s%2Fg%2F1219y4hf!19sChIJHRH4e717A2ARg_kZw8aYWMw?authuser=0&hl=ko&rclk=1,,4.5,4.0
208,Japan,Nagoya,周回散策路,,,,,,https://www.google.com/maps/place/%E5%91%A8%E5%9B%9E%E6%95%A3%E7%AD%96%E8%B7%AF/data=!4m7!3m6!1s0x60037b24e009b577:0xb2fbf6084add3cbe!8m2!3d35.1118601!4d136.967338!16s%2Fg%2F11pv5qptfv!19sChIJd7UJ4CR7A2ARvjzdSgj2-7I?authuser=0&hl=ko&rclk=1,,3.8,4.0
209,Japan,Nagoya,Ama Pond,,,,,,https://www.google.com/maps/place/Ama+Pond/data=!4m7!3m6!1s0x60036fb5fb7aee3b:0x4c6577c7fe041299!8m2!3d35.2107832!4d137.0002508!16s%2Fg%2F11c1v0fms0!19sChIJO-56-7VvA2ARmRIE_sd3ZUw?authuser=0&hl=ko&rclk=1,,4.0,4.0
210,Japan,Nagoya,Fuji GALLERY NAGOYA,,,,,,https://www.google.com/maps/place/Fuji+GALLERY+NAGOYA/data=!4m7!3m6!1s0x600370ce4a30a421:0xcca9d193aa8f44f1!8m2!3d35.1653209!4d136.904164!16s%2Fg%2F11bx1s2pr8!19sChIJIaQwSs5wA2AR8USPqpPRqcw?authuser=0&hl=ko&rclk=1,,4.3,4.0
211,Japan,Nagoya,庄内用水緑道,,,,,,https://www.google.com/maps/place/%E5%BA%84%E5%86%85%E7%94%A8%E6%B0%B4%E7%B7%91%E9%81%93/data=!4m7!3m6!1s0x600371156dd9120d:0xb3ac88bf9e8a911e!8m2!3d35.2081766!4d136.9291202!16s%2Fg%2F11llgpj93j!19sChIJDRLZbRVxA2ARHpGKnr-IrLM?authuser=0&hl=ko&rclk=1,,4.5,4.0
212,Japan,Nagoya,JR東海 名古屋車両区,,,,,,https://www.google.com/maps/place/JR%E6%9D%B1%E6%B5%B7+%E5%90%8D%E5%8F%A4%E5%B1%8B%E8%BB%8A%E4%B8%A1%E5%8C%BA/data=!4m7!3m6!1s0x600377aa6c43960d:0x7eabe94e4ba69413!8m2!3d35.1576338!4d136.8727178!16s%2Fg%2F11td44hrdt!19sChIJDZZDbKp3A2ARE5SmS07pq34?authuser=0&hl=ko&rclk=1,,4.0,3.0
213,Japan,Nagoya,Biwaga Pond,,,,,,https://www.google.com/maps/place/Biwaga+Pond/data=!4m7!3m6!1s0x60037cebebc8be45:0x54d477197ba9b74!8m2!3d35.0666044!4d136.9575905!16s%2Fg%2F11dzpx0z2w!19sChIJRb7I6-t8A2ARdJu6l3FHTQU?authuser=0&hl=ko&rclk=1,,3.7,3.0
214,Japan,Nagoya,Ocean King Games,,,,,,https://www.google.com/maps/place/Ocean+King+Games/data=!4m7!3m6!1s0x600378b8a1e573b1:0xa215bcf54695d02!8m2!3d35.0509719!4d136.8444039!16s%2Fg%2F11g9vq3zdf!19sChIJsXPlobh4A2ARAl1pVM9bIQo?authuser=0&hl=ko&rclk=1,,3.0,3.0
215,Japan,Nagoya,ニホンザル舎,,,,,,https://www.google.com/maps/place/%E3%83%8B%E3%83%9B%E3%83%B3%E3%82%B6%E3%83%AB%E8%88%8E/data=!4m7!3m6!1s0x6003650f8100625f:0x596b623faa5c542b!8m2!3d35.1526725!4d136.9814524!16s%2Fg%2F11pq5f0ywd!19sChIJX2IAgQ9lA2ARK1Rcqj9ia1k?authuser=0&hl=ko&rclk=1,,3.3,3.0
216,Japan,Nagoya,荒子川緑道,,,,,,https://www.google.com/maps/place/%E8%8D%92%E5%AD%90%E5%B7%9D%E7%B7%91%E9%81%93/data=!4m7!3m6!1s0x600379328aa483cf:0x45661d6093b99f4f!8m2!3d35.0947295!4d136.8655566!16s%2Fg%2F11rwpjml0r!19sChIJz4OkijJ5A2ART5-5k2AdZkU?authuser=0&hl=ko&rclk=1,,4.5,2.0
217,Japan,Nagoya,名古屋造形大学ギャラリー,,,,,,https://www.google.com/maps/place/%E5%90%8D%E5%8F%A4%E5%B1%8B%E9%80%A0%E5%BD%A2%E5%A4%A7%E5%AD%A6%E3%82%AE%E3%83%A3%E3%83%A9%E3%83%AA%E3%83%BC/data=!4m7!3m6!1s0x600371d85572ba5f:0xc9f367fb7df48711!8m2!3d35.190184!4d136.9043073!16s%2Fg%2F11vkl3wpzs!19sChIJX7pyVdhxA2AREYf0fftn88k?authuser=0&hl=ko&rclk=1,,4.5,2.0
218,Japan,Nagoya,植田山山頂,,,,,,https://www.google.com/maps/place/%E6%A4%8D%E7%94%B0%E5%B1%B1%E5%B1%B1%E9%A0%82/data=!4m7!3m6!1s0x6003651c2b3d9065:0x208671544be359e9!8m2!3d35.1500809!4d136.9844058!16s%2Fg%2F11j4ryk8cn!19sChIJZZA9KxxlA2AR6VnjS1RxhiA?authuser=0&hl=ko&rclk=1,,3.5,2.0
219,Japan,Nagoya,美術画廊,,,,,,https://www.google.com/maps/place/%E7%BE%8E%E8%A1%93%E7%94%BB%E5%BB%8A/data=!4m7!3m6!1s0x6003711207f0b35d:0x778deb1278aedf62!8m2!3d35.1683354!4d136.9072955!16s%2Fg%2F11nrx96vtq!19sChIJXbPwBxJxA2ARYt-ueBLrjXc?authuser=0&hl=ko&rclk=1,,3.5,2.0
220,Japan,Nagoya,土の道,,,,,,https://www.google.com/maps/place/%E5%9C%9F%E3%81%AE%E9%81%93/data=!4m7!3m6!1s0x60036f0b4c40bb35:0xad29ef3c3773acb3!8m2!3d35.2206026!4d136.9898264!16s%2Fg%2F11rfsc3gp4!19sChIJNbtATAtvA2ARs6xzNzzvKa0?authuser=0&hl=ko&rclk=1,,5.0,2.0
221,Japan,Nagoya,Camellia Garden,,,,,,https://www.google.com/maps/place/Camellia+Garden/data=!4m7!3m6!1s0x6003654748027ced:0x86fc59583c563b9d!8m2!3d35.1567477!4d136.9835418!16s%2Fg%2F11h0tystjr!19sChIJ7XwCSEdlA2ARnTtWPFhZ_IY?authuser=0&hl=ko&rclk=1,,4.0,2.0
222,Japan,Nagoya,Cotton Rose Garden,,,,,,https://www.google.com/maps/place/Cotton+Rose+Garden/data=!4m7!3m6!1s0x6003710ba0a62bcd:0xcfbc2dde00575d5e!8m2!3d35.1543284!4d136.9190301!16s%2Fg%2F11p06xs7dy!19sChIJzSumoAtxA2ARXl1XAN4tvM8?authuser=0&hl=ko&rclk=1,,4.5,2.0
223,Japan,Nagoya,ヤブイヌ舎,,,,,,https://www.google.com/maps/place/%E3%83%A4%E3%83%96%E3%82%A4%E3%83%8C%E8%88%8E/data=!4m7!3m6!1s0x60037b24f6d481cf:0x8a9b4b8e0cf70e92!8m2!3d35.1582168!4d136.9793392!16s%2Fg%2F11ll348zft!19sChIJz4HU9iR7A2ARkg73DI5Lm4o?authuser=0&hl=ko&rclk=1,,4.0,2.0
224,Japan,Nagoya,藤前干潟鳥獣保護区,,,,,,https://www.google.com/maps/place/%E8%97%A4%E5%89%8D%E5%B9%B2%E6%BD%9F%E9%B3%A5%E7%8D%A3%E4%BF%9D%E8%AD%B7%E5%8C%BA/data=!4m7!3m6!1s0x600377efa0e23c49:0x2f1347b6e5a5e9c!8m2!3d35.1090206!4d136.8358002!16s%2Fg%2F11jyw5j1by!19sChIJSTzioO93A2ARnF5abns08QI?authuser=0&hl=ko&rclk=1,,5.0,2.0
225,Japan,Nagoya,（公財）名古屋観光コンベンションビューロー,,,,,,https://www.google.com/maps/place/%EF%BC%88%E5%85%AC%E8%B2%A1%EF%BC%89%E5%90%8D%E5%8F%A4%E5%B1%8B%E8%A6%B3%E5%85%89%E3%82%B3%E3%83%B3%E3%83%99%E3%83%B3%E3%82%B7%E3%83%A7%E3%83%B3%E3%83%93%E3%83%A5%E3%83%BC%E3%83%AD%E3%83%BC/data=!4m7!3m6!1s0x6003772c07d582c5:0x8b18e21f1ac74a58!8m2!3d35.1656741!4d136.8985174!16s%2Fg%2F1vr1wkj2!19sChIJxYLVByx3A2ARWErHGh_iGIs?authuser=0&hl=ko&rclk=1,,4.5,2.0
226,Japan,Nagoya,REAL JAPAN nagoya,,,,,,https://www.google.com/maps/place/REAL+JAPAN+nagoya/data=!4m7!3m6!1s0x60037705c723ff81:0xdb4772ee0a2e19dc!8m2!3d35.150128!4d136.869973!16s%2Fg%2F11fz9cmj2s!19sChIJgf8jxwV3A2AR3BkuCu5yR9s?authuser=0&hl=ko&rclk=1,,4.5,2.0
227,Japan,Nagoya,Kakoga Pond,,,,,,https://www.google.com/maps/place/Kakoga+Pond/data=!4m7!3m6!1s0x60037d02a17a5d49:0x1bf1df86c3acfed8!8m2!3d35.0504151!4d136.9498517!16s%2Fg%2F11bw4mbtf_!19sChIJSV16oQJ9A2AR2P6sw4bf8Rs?authuser=0&hl=ko&rclk=1,,3.5,2.0
228,Japan,Nagoya,Gallery Noda,,,,,,https://www.google.com/maps/place/Gallery+Noda/data=!4m7!3m6!1s0x600370ce86b56027:0xd88798e9ea862303!8m2!3d35.1629979!4d136.9080107!16s%2Fg%2F1td3lj5k!19sChIJJ2C1hs5wA2ARAyOG6umYh9g?authuser=0&hl=ko&rclk=1,,5.0,2.0
229,Japan,Nagoya,稲永東公園 散策林,,,,,,https://www.google.com/maps/place/%E7%A8%B2%E6%B0%B8%E6%9D%B1%E5%85%AC%E5%9C%92+%E6%95%A3%E7%AD%96%E6%9E%97/data=!4m7!3m6!1s0x600379a23063b13d:0xc97c3b1adc04387f!8m2!3d35.0805722!4d136.8577578!16s%2Fg%2F11ptwgktsf!19sChIJPbFjMKJ5A2ARfzgE3Bo7fMk?authuser=0&hl=ko&rclk=1,,4.0,1.0
230,Japan,Nagoya,Yasuda Pond,,,,,,https://www.google.com/maps/place/Yasuda+Pond/data=!4m7!3m6!1s0x60036ee8ae8fbf33:0xd2b8fa6467e621c6!8m2!3d35.2400336!4d137.0348912!16s%2Fg%2F11byl8586r!19sChIJM7-PruhuA2ARxiHmZ2T6uNI?authuser=0&hl=ko&rclk=1,,3.0,1.0
231,Japan,Nagoya,Ameike,,,,,,https://www.google.com/maps/place/Ameike/data=!4m7!3m6!1s0x60036f87ee63f23f:0xb025da0a7470505a!8m2!3d35.2213878!4d136.9876932!16s%2Fg%2F11nnjsf9s3!19sChIJP_Jj7odvA2ARWlBwdAraJbA?authuser=0&hl=ko&rclk=1,,4.0,1.0
232,Japan,Nagoya,名古屋臨海高速鉄道,,,,,,https://www.google.com/maps/place/%E5%90%8D%E5%8F%A4%E5%B1%8B%E8%87%A8%E6%B5%B7%E9%AB%98%E9%80%9F%E9%89%84%E9%81%93/data=!4m7!3m6!1s0x600379888757deb9:0x62eac031b75239c1!8m2!3d35.0923992!4d136.8626891!16s%2Fg%2F11rtmzkdny!19sChIJud5Xh4h5A2ARwTlStzHA6mI?authuser=0&hl=ko&rclk=1,,5.0,1.0
233,Japan,Nagoya,大高緑地 高根の森 散策路,,,,,,https://www.google.com/maps/place/%E5%A4%A7%E9%AB%98%E7%B7%91%E5%9C%B0+%E9%AB%98%E6%A0%B9%E3%81%AE%E6%A3%AE+%E6%95%A3%E7%AD%96%E8%B7%AF/data=!4m7!3m6!1s0x60037de1acbe8023:0xaa710fff00f6c394!8m2!3d35.0639427!4d136.9623465!16s%2Fg%2F11h07pv06t!19sChIJI4C-rOF9A2ARlMP2AP8Pcao?authuser=0&hl=ko&rclk=1,,4.0,1.0
234,Japan,Nagoya,One Pond,,,,,,https://www.google.com/maps/place/One+Pond/data=!4m7!3m6!1s0x600364b77ca94d5f:0x4a91b6296a92bee8!8m2!3d35.1176873!4d136.9900759!16s%2Fg%2F11bw4d73h0!19sChIJX02pfLdkA2AR6L6Saim2kUo?authuser=0&hl=ko&rclk=1,,3.0,1.0
235,Japan,Nagoya,Long Beach,,,,,,https://www.google.com/maps/place/Long+Beach/data=!4m7!3m6!1s0x60049cef783639dd:0xb68953b5bf1fa39!8m2!3d34.9924602!4d137.0070289!16s%2Fg%2F1v27vftf!19sChIJ3Tk2eO-cBGAROfrxWzuVaAs?authuser=0&hl=ko&rclk=1,,1.0,1.0
236,Japan,Nagoya,アートプレース,,,,,,https://www.google.com/maps/place/%E3%82%A2%E3%83%BC%E3%83%88%E3%83%97%E3%83%AC%E3%83%BC%E3%82%B9/data=!4m7!3m6!1s0x600370ce01bcdc31:0x2c3a64e4658481db!8m2!3d35.1654213!4d136.9081138!16s%2Fg%2F1ptxz3fkx!19sChIJMdy8Ac5wA2AR24GEZeRkOiw?authuser=0&hl=ko&rclk=1,,0.0,0.0
237,Japan,Nagoya,GARDENS nagoya,,,,,,https://www.google.com/maps/place/GARDENS+nagoya/data=!4m7!3m6!1s0x60036f8035496483:0x78b1b31172ed0ec7!8m2!3d35.189214!4d137.018229!16s%2Fg%2F11clzv0q58!19sChIJg2RJNYBvA2ARxw7tchGzsXg?authuser=0&hl=ko&rclk=1,,0.0,0.0
238,Japan,Nagoya,Wall Do Garden,,,,,,https://www.google.com/maps/place/Wall+Do+Garden/data=!4m7!3m6!1s0x600379ac2bbdc5b5:0x2bbd843a4ea3abc6!8m2!3d35.0707057!4d136.8775635!16s%2Fg%2F11sqchs9q8!19sChIJtcW9K6x5A2ARxqujTjqEvSs?authuser=0&hl=ko&rclk=1,,0.0,0.0
239,Japan,Nagoya,Beach Garden Surf,,,,,,https://www.google.com/maps/place/Beach+Garden+Surf/data=!4m7!3m6!1s0x60036544a8268309:0x929e9d221523240!8m2!3d35.1672605!4d136.9949543!16s%2Fg%2F1tnmrnf8!19sChIJCYMmqERlA2ARQDJSIdLpKQk?authuser=0&hl=ko&rclk=1,,0.0,0.0
240,Japan,Nagoya,（株）日本体験センター,,,,,,https://www.google.com/maps/place/%EF%BC%88%E6%A0%AA%EF%BC%89%E6%97%A5%E6%9C%AC%E4%BD%93%E9%A8%93%E3%82%BB%E3%83%B3%E3%82%BF%E3%83%BC/data=!4m7!3m6!1s0x600370f24748a46f:0x15c2d3ac9a17138a!8m2!3d35.1709885!4d136.9335343!16s%2Fg%2F11c58rvd6c!19sChIJb6RIR_JwA2ARihMXmqzTwhU?authuser=0&hl=ko&rclk=1,,0.0,0.0
241,Japan,Nagoya,나고야시,,,,,,https://www.google.com/maps/place/%EB%82%98%EA%B3%A0%EC%95%BC%EC%8B%9C/data=!4m7!3m6!1s0x6003709e107b2365:0x2a9622d4e8ceb352!8m2!3d35.1814506!4d136.9065571!16zL20vMGdxZnk!19sChIJZSN7EJ5wA2ARUrPO6NQilio?authuser=0&hl=ko&rclk=1,,0.0,0.0
242,Japan,Nagoya,Arts Gallery Nagoya,,,,,,https://www.google.com/maps/place/Arts+Gallery+Nagoya/data=!4m7!3m6!1s0x600370c58a255555:0x5c98bb2d84981b9a!8m2!3d35.1660427!4d136.9104354!16s%2Fg%2F11f0wpx465!19sChIJVVUlisVwA2ARmhuYhC27mFw?authuser=0&hl=ko&rclk=1,,0.0,0.0
243,Japan,Nagoya,東海の森,,,,,,https://www.google.com/maps/place/%E6%9D%B1%E6%B5%B7%E3%81%AE%E6%A3%AE/data=!4m7!3m6!1s0x6003653a35ca4325:0x5ddc8d043055dc47!8m2!3d35.156651!4d136.983329!16s%2Fg%2F11n03x8_c8!19sChIJJUPKNTplA2ARR9xVMASN3F0?authuser=0&hl=ko&rclk=1,,0.0,0.0
244,Japan,Nagoya,Nagoya Metropolitan Area,,,,,,https://www.google.com/maps/place/Nagoya+Metropolitan+Area/data=!4m7!3m6!1s0x6003620dcac1c0b7:0xef09f91f6ef0e51!8m2!3d35.2080505!4d136.9028375!16zL20vMDl0eHlm!19sChIJt8DByg1iA2ARUQ7v9pGf8A4?authuser=0&hl=ko&rclk=1,,0.0,0.0
245,Japan,Nagoya,鶴舞FORT,,,,,,https://www.google.com/maps/place/%E9%B6%B4%E8%88%9EFORT/data=!4m7!3m6!1s0x6003714cd5589b9b:0xe6f7c339447a056a!8m2!3d35.152025!4d136.915007!16s%2Fg%2F11h4zkfzsx!19sChIJm5tY1UxxA2ARagV6RDnD9-Y?authuser=0&hl=ko&rclk=1,,0.0,0.0
246,Japan,Nagoya,Nagoya City Tourism and Culture Exchange Bureau,,,,,,https://www.google.com/maps/place/Nagoya+City+Tourism+and+Culture+Exchange+Bureau/data=!4m7!3m6!1s0x6003712ddaeccfff:0x6f81bab95df59842!8m2!3d35.181421!4d136.907184!16s%2Fg%2F11c1wsb7c9!19sChIJ_8_s2i1xA2ARQpj1Xbm6gW8?authuser=0&hl=ko&rclk=1,,0.0,0.0
247,Japan,Nagoya,ニホンアナグマ舎,,,,,,https://www.google.com/maps/place/%E3%83%8B%E3%83%9B%E3%83%B3%E3%82%A2%E3%83%8A%E3%82%B0%E3%83%9E%E8%88%8E/data=!4m7!3m6!1s0x6003658cff0dd2bb:0xa9e687e2cf9d878a!8m2!3d35.1531549!4d136.9814088!16s%2Fg%2F11s17_7nvj!19sChIJu9IN_4xlA2ARioedz-KH5qk?authuser=0&hl=ko&rclk=1,,0.0,0.0
248,Japan,Nagoya,Palco do Festival,,,,,,https://www.google.com/maps/place/Palco+do+Festival/data=!4m7!3m6!1s0x6004c10f8828888d:0xfc16b8ffe0964a85!8m2!3d34.8165626!4d137.1716805!16s%2Fg%2F11ghfpcpy0!19sChIJjYgoiA_BBGARhUqW4P-4Fvw?authuser=0&hl=ko&rclk=1,,0.0,0.0
249,Japan,Nagoya,GARDENS GARDEN 名古屋中川,,,,,,https://www.google.com/maps/place/GARDENS+GARDEN+%E5%90%8D%E5%8F%A4%E5%B1%8B%E4%B8%AD%E5%B7%9D/data=!4m7!3m6!1s0x60037771da2dac1b:0x20cd201cc6d054d0!8m2!3d35.1287805!4d136.842766!16s%2Fg%2F11s64_prqt!19sChIJG6wt2nF3A2AR0FTQxhwgzSA?authuser=0&hl=ko&rclk=1,,0.0,0.0
250,Japan,Nagoya,Harmony Garden,,,,,,https://www.google.com/maps/place/Harmony+Garden/data=!4m7!3m6!1s0x600371e7ade4f7c3:0xce58f5cd6cd5a1fa!8m2!3d35.1611386!4d136.9081784!16s%2Fg%2F11sx739z_c!19sChIJw_fkredxA2AR-qHVbM31WM4?authuser=0&hl=ko&rclk=1,,0.0,0.0
251,Japan,Nagoya,나고야 성(Nagoya Castle),"월, 화, 수, 목, 금, 토, 일: 09:00~16:30",,,,"전화번호: +81 52-231-1700, 홈페이지: https://www.nagoyajo.city.nagoya.jp/",https://www.google.com/maps/place/?q=place_id:ChIJse-wx8t2A2ARd6Z1knjp07k,35743.0,4.2,
252,Japan,Nagoya,나고야항 수족관(Port Of Nagoya Public Aquarium),"월: 09:00~17:30; 화, 수, 목, 금, 토, 일: 09:30~17:30",,,,"전화번호: +81 52-654-7080, 홈페이지: https://nagoyaaqua.jp/",https://www.google.com/maps/place/?q=place_id:ChIJsyTJ06B5A2ARvt6FJ9xiqaE,18650.0,4.3,
253,Japan,Nagoya,아쓰타 신궁(Atsuta-jingu Shrine),"월, 화, 수, 목, 금, 토, 일: Open 24 hours",,,,"전화번호: +81 52-671-4151, 홈페이지: https://www.atsutajingu.or.jp/",https://www.google.com/maps/place/?q=place_id:ChIJ3abhnht6A2ARu-Y4yDEWlao,17832.0,4.5,
254,Japan,Nagoya,나고야 시 과학관(Nagoya City Science Museum),"월: 휴무; 화, 수, 목, 금, 토, 일: 09:30~17:00",,,,"전화번호: +81 52-201-4486, 홈페이지: http://www.ncsm.city.nagoya.jp/",https://www.google.com/maps/place/?q=place_id:ChIJNfP0RCx3A2ARE9dwKx_ZRzk,10503.0,4.4,
255,Japan,Nagoya,도요타 산업기술 기념관(Toyota Commemorative Museum of Industry and Technology),"월: 휴무; 화, 수, 목, 금, 토, 일: 09:30~17:00",,,,"전화번호: +81 52-551-6115, 홈페이지: https://www.tcmit.org/",https://www.google.com/maps/place/?q=place_id:ChIJ____05N2A2ARK1ejw7VH1KM,10144.0,4.6,
256,Japan,Nagoya,리니어 철도관(SCMaglev and Railway Park),"월, 수, 목, 금, 토, 일: 10:00~17:30; 화: 휴무",,,,"전화번호: +81 52-389-6100, 홈페이지: http://museum.jr-central.co.jp/",https://www.google.com/maps/place/?q=place_id:ChIJ9W5bFM94A2ARkrOUnGq06Ew,9539.0,4.4,
257,Japan,Nagoya,오아시스 21(Oasis 21),"월, 화, 수, 목, 금, 토, 일: 10:00~21:00",,,,"전화번호: +81 52-962-1011, 홈페이지: http://www.sakaepark.co.jp/",https://www.google.com/maps/place/?q=place_id:ChIJT5niKdRwA2AR1oO7t2LlvlQ,9488.0,4.0,
258,Japan,Nagoya,노리타케 정원(Noritake Garden),"월: 휴무; 화, 수, 목, 금, 토, 일: 10:00~18:00",,,,"전화번호: +81 52-561-7114, 홈페이지: https://www.noritake.co.jp/mori/",https://www.google.com/maps/place/?q=place_id:ChIJkVqv3Op2A2AR0laSdx5UWOA,6612.0,4.1,
259,Japan,Nagoya,히가시야마 동식물원(Higashiyama Zoo and Botanical Gardens),"월: 휴무; 화, 수, 목, 금, 토, 일: 09:00~16:30",,,,"전화번호: +81 52-782-2111, 홈페이지: http://www.higashiyama.city.nagoya.jp/",https://www.google.com/maps/place/?q=place_id:ChIJt7ZD20plA2ARbRV7VnfVBnA,6329.0,4.4,
260,Japan,Nagoya,시라카와 공원(Shirakawa Park),"월, 화, 수, 목, 금, 토, 일: Open 24 hours",,,,"전화번호: +81 52-261-6641, 홈페이지: https://www.oshimazoen.co.jp/park_management/shirakawa_park",https://www.google.com/maps/place/?q=place_id:ChIJw_hcrC13A2ARxHR9-sZas6E,6277.0,4.0,
261,Japan,Nagoya,중부전력 미라이 타워(Chubu Electric Power MIRAI TOWER),"월, 화, 수, 목, 금, 일: 10:00~21:00; 토: 10:00~21:40",,,,"전화번호: +81 52-971-8546, 홈페이지: http://www.nagoya-tv-tower.co.jp/",https://www.google.com/maps/place/?q=place_id:ChIJRQSoYtZwA2ARwpz475VYYeo,5789.0,4.1,
262,Japan,Nagoya,도쿠가와원(Tokugawa Park),"월: 휴무; 화, 수, 목, 금, 토, 일: 09:30~17:30",,,,"전화번호: +81 52-935-8988, 홈페이지: https://www.tokugawaen.aichi.jp/",https://www.google.com/maps/place/?q=place_id:ChIJC9iGK_VwA2ARo3u3Cgs1Axs,5469.0,4.2,
263,Japan,Nagoya,히사야오도리 공원(Hisaya Ōdōri Park),"월, 화, 수, 목, 금, 토, 일: Open 24 hours",,,,전화번호: +81 52-972-2768,https://www.google.com/maps/place/?q=place_id:ChIJxfFf3dFwA2ARM8-ff8RXTQ4,4749.0,4.1,
264,Japan,Nagoya,이온몰나고야 노리타케 가든(AEON MALL Nagoya Noritake Garden),"월, 화, 수, 목, 금, 토, 일: 10:00~21:00",,,,"전화번호: +81 52-587-1600, 홈페이지: https://nagoya-noritake-garden.aeonmall.com/",https://www.google.com/maps/place/?q=place_id:ChIJRfCWc-p3A2AR4olIdF_c4V4,4094.0,4.1,
265,Japan,Nagoya,메이조 공원(Meijō Park),"월, 화, 수, 목, 금, 토, 일: Open 24 hours",,,,"전화번호: +81 52-913-0087, 홈페이지: http://www.meijyo-fp.com/",https://www.google.com/maps/place/?q=place_id:ChIJGXlLvcp2A2ARjzehP-PoMqk,3505.0,4.1,
266,Japan,Nagoya,아이치 예술 문화 센터(Aichi Arts Center),"월, 화, 수, 목, 금, 토, 일: 09:00~22:00",,,,"전화번호: +81 52-971-5511, 홈페이지: http://www.aac.pref.aichi.jp/",https://www.google.com/maps/place/?q=place_id:ChIJXbkLytBwA2AR3YR8wCvQM7o,3442.0,4.1,
267,Japan,Nagoya,도쿠가와 미술관(The Tokugawa Art Museum),"월: 휴무; 화, 수, 목, 금, 토, 일: 10:00~17:00",,,,"전화번호: +81 52-935-6262, 홈페이지: https://www.tokugawa-art-museum.jp/",https://www.google.com/maps/place/?q=place_id:ChIJp-eMF_1wA2ARC_ohxjLyXbY,3362.0,4.2,
268,Japan,Nagoya,오다카 녹지공원(Odaka Ryokuchi Greens),"월, 화, 수, 목, 금, 토, 일: 07:00~19:00",,,,"전화번호: +81 52-622-2281, 홈페이지: https://www.aichi-koen.com/odaka/",https://www.google.com/maps/place/?q=place_id:ChIJXe_dGOx8A2ARfq6rlXAN0gA,2925.0,4.1,
269,Japan,Nagoya,Shirotori Garden,"월: 휴무; 화, 수, 목, 금, 토, 일: 09:00~17:00",,,,"전화번호: +81 52-681-8928, 홈페이지: http://www.shirotori-garden.jp/index.html",https://www.google.com/maps/place/?q=place_id:ChIJtUfmv_d5A2ARVSbgPtJmCAo,2524.0,4.3,
270,Japan,Nagoya,킨샤치 요코쵸(Kinshachi Yokocho),"월, 화, 수, 목, 금, 토, 일: 10:30~17:30",,,,"전화번호: +81 52-951-0788, 홈페이지: http://kinshachi-y.jp/",https://www.google.com/maps/place/?q=place_id:ChIJQ02iFcx2A2ARMRob2W5qhtY,2493.0,3.5,
271,Japan,Nagoya,나고야시 박물관(Nagoya City Museum),알 수 없음,,,,"전화번호: +81 52-853-2655, 홈페이지: http://www.museum.city.nagoya.jp/",https://www.google.com/maps/place/?q=place_id:ChIJK0MXhWZ6A2ARo7LJQY39kZk,2482.0,3.9,
272,Japan,Nagoya,나고야시 미술관(Nagoya City Art Museum),"월: 휴무; 화, 수, 목, 토, 일: 09:30~17:00; 금: 09:30~20:00",,,,"전화번호: +81 52-212-0001, 홈페이지: https://art-museum.city.nagoya.jp/",https://www.google.com/maps/place/?q=place_id:ChIJiaAgDi13A2ARt6jZobbCNuw,2296.0,4.0,
273,Japan,Nagoya,아이치현 미술관(Aichi Prefectural Museum Of Art),"월: 휴무; 화, 수, 목, 토, 일: 10:00~18:00; 금: 10:00~20:00",,,,"전화번호: +81 52-971-5511, 홈페이지: http://www-art.aac.pref.aichi.jp/",https://www.google.com/maps/place/?q=place_id:ChIJD5FhuNBwA2ARhC5UKiCL4Qg,2251.0,4.1,
274,Japan,Nagoya,아이치현 예술 극장(Aichi Prefectural Art Theater),"월: 휴무; 화, 수, 목, 금, 토, 일: 09:00~22:00",,,,"전화번호: +81 52-971-5511, 홈페이지: https://www.aac.pref.aichi.jp/",https://www.google.com/maps/place/?q=place_id:ChIJXbkLytBwA2AR2zON2OAtAUE,2238.0,4.3,
275,Japan,Nagoya,히가시야마 스카이타워(Higashiyama Sky Tower),"월: 휴무; 화, 수, 목, 금, 토, 일: 09:00~21:30",,,,"전화번호: +81 52-781-5586, 홈페이지: http://www.higashiyamaskytower.jp/",https://www.google.com/maps/place/?q=place_id:ChIJyxV6ZbN6A2ARi6XVH3sJgc0,2135.0,4.1,
276,Japan,Nagoya,Nagoya Lucent Tower,알 수 없음,,,,"전화번호: +81 52-589-0631, 홈페이지: https://www.lucent-tower.jp/",https://www.google.com/maps/place/?q=place_id:ChIJU1WVn-l2A2ARmLQVj7rnTFg,2121.0,3.7,
277,Japan,Nagoya,히사야오도리 정원 플라리에(Hisaya-odori Garden Flarie),"월, 화, 수, 목, 금, 토, 일: 09:00~22:30",,,,"전화번호: +81 52-243-0511, 홈페이지: http://www.flarie.jp/",https://www.google.com/maps/place/?q=place_id:ChIJsxuWrM5wA2ARgB6OEgdkr-Y,1714.0,4.1,
278,Japan,Nagoya,야나기바시 중앙시장(Yanagibashi Central Market),"월, 화, 목, 금, 토: 04:00~10:00; 수, 일: 휴무",,,,"전화번호: +81 52-581-8111, 홈페이지: http://www.marunaka-center.co.jp/",https://www.google.com/maps/place/?q=place_id:ChIJO7D5qt52A2ARssqBgiIQo8E,1275.0,3.9,
279,Japan,Nagoya,도다가와어린이랜드(Park Todagawa Kids Land),"월: 휴무; 화, 수, 목, 금, 토, 일: 09:00~17:00",,,,"전화번호: +81 52-304-1500, 홈페이지: http://www.todagawa.jp/",https://www.google.com/maps/place/?q=place_id:ChIJx-dPW2mdA2ARSthJ4uaOgjg,1241.0,4.3,
280,Japan,Nagoya,평화공원(Heiwa Park),"월, 화, 수, 목, 금, 토, 일: Open 24 hours",,,,"전화번호: +81 52-781-2703, 홈페이지: http://www.city.nagoya.jp/chikusa/page/0000000819.html",https://www.google.com/maps/place/?q=place_id:ChIJjdnClwFwA2AR_HREBJgAypU,1202.0,4.0,
281,Japan,Nagoya,나카무라 공원(Nakamura Park),"월, 화, 수, 목, 금, 토, 일: Open 24 hours",,,,"전화번호: +81 52-413-5525, 홈페이지: http://www.nakamura-park.com/",https://www.google.com/maps/place/?q=place_id:ChIJ7We9-WV2A2AR0gDrvoQ-Wj8,1163.0,3.9,
282,Japan,Nagoya,나고야 포트 빌딩(Nagoya Port Building),"월: 휴무; 화, 수, 목, 금, 토, 일: 09:30~17:00",,,,"전화번호: +81 52-652-1111, 홈페이지: https://nagoyaaqua.jp/garden-pier/port-building/",https://www.google.com/maps/place/?q=place_id:ChIJXX4uYAp5A2ARA-5AKHBDmvY,1054.0,3.9,
283,Japan,Nagoya,나고야항 시트레인랜드(Nagoya Port Sea Train Land),"월: 휴무; 화, 수, 목, 금: 12:00~20:00; 토, 일: 10:00~21:00",,,,"전화번호: +81 52-661-1520, 홈페이지: http://www.senyo.co.jp/seatrainland/",https://www.google.com/maps/place/?q=place_id:ChIJ8y5ho6Z5A2ARPeNQkDU8afQ,1030.0,3.9,
284,Japan,Nagoya,린쿠 해변(Rinku Beach),알 수 없음,,,,"전화번호: +81 80-2632-7228, 홈페이지: http://rinku-beach.jp/",https://www.google.com/maps/place/?q=place_id:ChIJ13XwZQB-BGAR9x74TEMXPKo,1014.0,4.0,
285,Japan,Nagoya,옥외전망대 스카이 프롬나드(Sky Promenade),"월, 화, 수, 목, 금, 토, 일: 11:00~22:00",,,,"전화번호: +81 52-527-8877, 홈페이지: http://www.midland-square.com/sky-promenade/",https://www.google.com/maps/place/?q=place_id:ChIJFzn4mt52A2ARiB__8576cz4,1003.0,4.3,
286,Japan,Nagoya,나고야시 시정자료관(Nagoya City Archives and Museum),"월: 휴무; 화, 수, 목, 금, 토, 일: 09:00~17:00",,,,"전화번호: +81 52-953-0051, 홈페이지: http://www.city.nagoya.jp/kurashi/category/19-15-2-9-0-0-0-0-0-0.html",https://www.google.com/maps/place/?q=place_id:ChIJqQkwHC9xA2AR_Y4eVMku55w,943.0,4.3,
287,Japan,Nagoya,Nagoya City Central Wholesale Market,"월, 화, 수, 목, 금, 토, 일: Open 24 hours",,,,"전화번호: +81 52-671-1181, 홈페이지: http://www.city.nagoya.jp/kurashi/category/19-18-0-0-0-0-0-0-0-0.html",https://www.google.com/maps/place/?q=place_id:ChIJI4i5Rld3A2ARsbW0ySdEO8I,858.0,3.6,
288,Japan,Nagoya,나고야 항(Nagoya Port),알 수 없음,,,,"전화번호: +81 52-661-4111, 홈페이지: http://www.port-of-nagoya.jp/",https://www.google.com/maps/place/?q=place_id:ChIJt4YUNqd5A2ARXisk8PnlTDU,831.0,4.1,
289,Japan,Nagoya,Yaba Park,"월, 화, 수, 목, 금, 토, 일: Open 24 hours",,,,"전화번호: +81 52-261-6641, 홈페이지: http://www.city.nagoya.jp/naka/",https://www.google.com/maps/place/?q=place_id:ChIJG2XkfNJwA2ARZx1Fsgn1Ols,786.0,3.6,
290,Japan,Nagoya,Matsuzakaya Art Gallery,"월, 화, 수, 목, 금, 토, 일: 10:00~18:00",,,,"전화번호: +81 52-251-1111, 홈페이지: https://www.matsuzakaya.co.jp/nagoya/museum/",https://www.google.com/maps/place/?q=place_id:ChIJp7G4Ac5wA2ARHD_Bn70RpZs,715.0,4.1,
291,Japan,Nagoya,체감! 시다미 고분 뮤지엄 SHIDAMU 시다뮤(Shidami Kofungun Experience Musium),"월: 휴무; 화, 수, 목, 금, 토, 일: 09:00~17:00",,,,"전화번호: +81 52-739-0520, 홈페이지: http://www.rekishinosato.city.nagoya.jp/",https://www.google.com/maps/place/?q=place_id:ChIJE54S2xBvA2ARtS4Y9LoU0n8,707.0,4.0,
292,Japan,Nagoya,마키노가이케 녹지공원(Makinogaike Green Park),"월, 화, 수, 목, 금, 토, 일: 08:30~19:30",,,,"전화번호: +81 52-701-3089, 홈페이지: http://www.aichi-koen.com/makino/",https://www.google.com/maps/place/?q=place_id:ChIJc892BfxkA2ARfDdyGmXNr6Q,704.0,4.0,
293,Japan,Nagoya,Spaceship-Aqua Observation Deck,"월, 화, 수, 목, 금, 토, 일: 10:00~21:00",,,,"전화번호: +81 52-962-1011, 홈페이지: https://www.sakaepark.co.jp/",https://www.google.com/maps/place/?q=place_id:ChIJQ5TN09ZwA2ARCrOr-ba1EWw,702.0,4.2,
294,Japan,Nagoya,Showa Era Lifestyle Museum,"월: 휴무; 화, 수, 목, 금: 09:00~19:00; 토, 일: 09:00~17:00",,,,"전화번호: +81 568-25-3600, 홈페이지: http://www.city.kitanagoya.lg.jp/rekimin/index.php",https://www.google.com/maps/place/?q=place_id:ChIJod6Hg5R0A2ARuICp7TBsikQ,643.0,4.4,
295,Japan,Nagoya,가리야 시 미술관(Kariya City Art Museum),"월: 휴무; 화, 수, 목, 금, 토, 일: 09:00~17:00",,,,"전화번호: +81 566-23-1636, 홈페이지: http://www.city.kariya.lg.jp/museum/",https://www.google.com/maps/place/?q=place_id:ChIJbWB4ieycBGARCXd3MUkWGzw,636.0,4.0,
296,Japan,Nagoya,Nagoya City Performing Arts Center,"월: 휴무; 화, 수, 목, 금, 토, 일: 09:00~20:00",,,,"전화번호: +81 52-931-1811, 홈페이지: https://www.bunka758.or.jp/facility/geijutsusouzou/",https://www.google.com/maps/place/?q=place_id:ChIJIWxfAN1wA2ARfLHf7wSL2L8,614.0,3.7,
297,Japan,Nagoya,Mazak Corporation,"월: 휴무; 화, 수, 목, 금, 토, 일: 10:00~17:00",,,,"전화번호: +81 52-937-3737, 홈페이지: https://www.mazak-art.com/",https://www.google.com/maps/place/?q=place_id:ChIJYZ3HKd1wA2ARdDWRsYjKLSA,601.0,4.2,
298,Japan,Nagoya,Antarctic Museum and Former Research Ship Fuji,"월: 휴무; 화, 수, 목, 금, 토, 일: 09:30~17:00",,,,"전화번호: +81 52-652-1111, 홈페이지: https://nagoyaaqua.jp/garden-pier/fuji/",https://www.google.com/maps/place/?q=place_id:ChIJGxcnYAp5A2AR817TMEMoYZs,601.0,4.3,
299,Japan,Nagoya,요비쓰기공원(Yobitsugi Park),"월, 화, 수, 목, 금, 토, 일: Open 24 hours",,,,전화번호: +81 52-612-3211,https://www.google.com/maps/place/?q=place_id:ChIJaS2yNbB7A2ARS3ImfLpLUnE,573.0,3.8,
300,Japan,Nagoya,Cultural Path Futaba Museum,"월: 휴무; 화, 수, 목, 금, 토, 일: 10:00~17:00",,,,"전화번호: +81 52-936-3836, 홈페이지: https://www.futabakan.jp/",https://www.google.com/maps/place/?q=place_id:ChIJX1ho6iBxA2ARZYRytSmRstg,557.0,4.2,
301,Japan,Nagoya,Menard Art Museum,"월: 휴무; 화, 수, 목, 금, 토, 일: 10:00~17:00",,,,"전화번호: +81 568-75-5787, 홈페이지: http://museum.menard.co.jp/",https://www.google.com/maps/place/?q=place_id:ChIJEy1_HbUMA2ARepDDwt-H-90,506.0,4.2,
302,Japan,Nagoya,Meijo Park Flower Plaza,"월: 휴무; 화, 수, 목, 금, 토, 일: 09:00~16:30",,,,"전화번호: +81 52-913-0087, 홈페이지: http://www.meijyo-fp.com/",https://www.google.com/maps/place/?q=place_id:ChIJKbyVqMt2A2ARHk4KKV09gQU,490.0,3.9,
303,Japan,Nagoya,아쓰타 신궁 문화전(보물관)(Bunkaden Treasure House),"월, 화, 수, 목, 금, 토, 일: 09:00~16:10",,,,"전화번호: +81 52-671-0852, 홈페이지: https://www.atsutajingu.or.jp/jingu/sp/treasure_guide/",https://www.google.com/maps/place/?q=place_id:ChIJ_1xMbhl6A2ARJ8eRPfV_H7o,486.0,4.0,
304,Japan,Nagoya,시케거리(Shike-michi Townscape Preservation District),"월, 화, 수, 목, 금, 토, 일: Open 24 hours",,,,"전화번호: +81 52-972-2782, 홈페이지: http://shikemichikaiwai.jp/",https://www.google.com/maps/place/?q=place_id:ChIJJTJniNp2A2AROm6YeS1I6v4,472.0,4.0,
305,Japan,Nagoya,Dino Adventure Nagoya,"월: 휴무; 화, 수, 목, 금: 10:00~17:00; 토, 일: 09:00~17:00",,,,"전화번호: +81 52-693-8798, 홈페이지: https://www.dinoadventure.jp/",https://www.google.com/maps/place/?q=place_id:ChIJqwI_uIt9A2ARyA7gV9Eum1o,412.0,4.2,
306,Japan,Nagoya,Sky-Boat,"월, 화, 수, 목, 금, 토, 일: 12:00~22:00",,,,"전화번호: +81 52-310-2211, 홈페이지: https://www.sunshine-sakae.jp/floor/3f/01.html",https://www.google.com/maps/place/?q=place_id:ChIJA_9ectRwA2ARAkXd4E2mSOQ,370.0,4.1,
307,Japan,Nagoya,Higashi Betsuin handmade Morning Market (Eastern Baie twin handmade hemp one),"월, 화, 수, 목, 금, 토, 일: 10:00~14:00",,,,"전화번호: +81 52-331-9576, 홈페이지: https://higashi-asaichi.jp/",https://www.google.com/maps/place/?q=place_id:ChIJ_zEW1bRwA2ARYxSNGy6NqyE,312.0,4.2,
308,Japan,Nagoya,大名古屋食品卸センター,"월, 화, 목, 금, 토: 06:00~12:00; 수, 일: 휴무",,,,전화번호: +81 52-681-5651,https://www.google.com/maps/place/?q=place_id:ChIJrYDQTOB3A2ARtu5XuQf7GqQ,290.0,4.0,
309,Japan,Nagoya,차야가사카 공원(Chayagasaka Park),"월, 화, 수, 목, 금, 토, 일: Open 24 hours",,,,"전화번호: +81 52-781-5211, 홈페이지: http://www.city.nagoya.jp/",https://www.google.com/maps/place/?q=place_id:ChIJWV1fJD5wA2AR-ly6C12g4Ig,285.0,3.8,
310,Japan,Nagoya,문화의길 슈모쿠관(Cultural Path Shumokukan),"월: 휴무; 화, 수, 목, 금, 토, 일: 10:00~17:00",,,,"전화번호: +81 52-939-2850, 홈페이지: https://www.shumokukan.jp/?utm_source=gbp&utm_medium=search",https://www.google.com/maps/place/?q=place_id:ChIJ-6LL4yZxA2AR9tyISZKvrt8,278.0,4.2,
311,Japan,Nagoya,Furukawa Art Museum,"월: 휴무; 화, 수, 목, 금, 토, 일: 10:00~17:00",,,,"전화번호: +81 52-763-1991, 홈페이지: http://www.furukawa-museum.or.jp/",https://www.google.com/maps/place/?q=place_id:ChIJtchnNmRwA2ARlbJZRgyDJN4,261.0,4.3,
312,Japan,Nagoya,Blue Sun Beach,"월, 화, 수, 목, 금, 토, 일: 09:00~17:00",,,,"전화번호: +81 562-56-3980, 홈페이지: http://www.marine-park.jp/beach/index.html",https://www.google.com/maps/place/?q=place_id:ChIJwR7ovP5_BGAR-hkpW17XdQ0,258.0,4.0,
313,Japan,Nagoya,Brother Museum,"월, 화, 수, 목, 금: 10:00~17:00; 토, 일: 휴무",,,,"전화번호: +81 52-824-2227, 홈페이지: https://global.brother/ja/corporate/museum/",https://www.google.com/maps/place/?q=place_id:ChIJlW_nXDh6A2ARZtUzN-T7E10,223.0,4.2,
314,Japan,Nagoya,Children’s Zoo (Petting Zoo),"월: 휴무; 화, 수, 목, 금, 토, 일: 09:00~16:00",,,,"전화번호: +81 52-782-2111, 홈페이지: http://www.higashiyama.city.nagoya.jp/",https://www.google.com/maps/place/?q=place_id:ChIJycP_VzVlA2AROz50tVJnhZE,213.0,4.0,
315,Japan,Nagoya,Tamesaburo Memorial Museum,"월: 휴무; 화, 수, 목, 금, 토, 일: 10:00~17:00",,,,"전화번호: +81 52-763-1991, 홈페이지: https://visitkakuozan.com/",https://www.google.com/maps/place/?q=place_id:ChIJRxtYWmRwA2ARxmBwzwcN2cw,209.0,4.4,
316,Japan,Nagoya,Meito Art Museum,"월: 휴무; 화, 수, 목, 금, 토, 일: 10:00~17:00",,,,"전화번호: +81 561-62-8884, 홈페이지: http://www.meito.hayatele.co.jp/",https://www.google.com/maps/place/?q=place_id:ChIJcUyreLhlA2AR1jljWwlz4ho,209.0,4.2,
317,Japan,Nagoya,아이오야마녹지공원(Aioiyama Ryokuchi Park),"월, 화, 수, 목, 금, 토, 일: Open 24 hours",,,,"전화번호: +81 52-803-6644, 홈페이지: http://www.city.nagoya.jp/ryokuseidoboku/page/0000009519.html",https://www.google.com/maps/place/?q=place_id:ChIJI91w7Ed7A2AR0nJWxPgGl38,199.0,4.0,
318,Japan,Nagoya,Kiyosu city Haruhi Museum of Art,"월: 휴무; 화, 수, 목, 금, 토, 일: 10:00~19:00",,,,"전화번호: +81 52-401-3881, 홈페이지: http://www.museum-kiyosu.jp/",https://www.google.com/maps/place/?q=place_id:ChIJ51Cd60F1A2ARbDMH1ER_xek,184.0,4.0,
319,Japan,Nagoya,가토 기요마사 상(Kato Kiyomasa Statue),"월, 화, 수, 목, 금, 토, 일: Open 24 hours",,,,홈페이지: https://busho-tai.jp/pilgrimage/katokiyomasa/,https://www.google.com/maps/place/?q=place_id:ChIJlTyF6s52A2AR40jZlt6n9bU,179.0,4.2,
320,Japan,Nagoya,Nayabashi Yoichi,알 수 없음,,,,"전화번호: +81 70-5256-8802, 홈페이지: http://natsu1yoichi.blog133.fc2.com/",https://www.google.com/maps/place/?q=place_id:ChIJo5nuONh2A2ARYmLo67vkLtw,147.0,4.1,
321,Japan,Nagoya,Gocho Park,"월, 화, 수, 목, 금, 토, 일: Open 24 hours",,,,전화번호: +81 52-522-8381,https://www.google.com/maps/place/?q=place_id:ChIJkRPoJhN0A2ARiAGVZkROYCg,144.0,3.8,
322,Japan,Nagoya,아이치•나고야 전쟁에 관한 자료관(Aichi - Nagoya War Museum),"월, 화: 휴무; 수, 목, 금, 토, 일: 10:00~16:00",,,,"전화번호: +81 52-957-3090, 홈페이지: http://www.pref.aichi.jp/kenmin-soumu/chosakai/",https://www.google.com/maps/place/?q=place_id:ChIJMX9yhCtxA2ARyrP6IMzjqWc,137.0,4.2,
323,Japan,Nagoya,Japanese Sword Collection Room Nagoya - Marunouchi (Touken Corporation),"월, 화, 수, 목, 금: 09:30~17:30; 토, 일: 휴무",,,,"전화번호: +81 52-262-6000, 홈페이지: https://www.touken-collection-nagoya.jp/",https://www.google.com/maps/place/?q=place_id:ChIJezvPptd3A2ARlsy_vD-aqpo,129.0,4.4,
324,Japan,Nagoya,Yokoyama Museum,"월: 휴무; 화, 수, 목, 금, 토, 일: 10:00~17:00",,,,"전화번호: +81 52-931-0006, 홈페이지: https://www.yokoyama-art-museum.or.jp/",https://www.google.com/maps/place/?q=place_id:ChIJxXeDrN1wA2ARF_KL4HvKnG0,123.0,4.3,
325,Japan,Nagoya,Sky Garden (5F Dai Nagoya Building),"월, 화, 수, 목, 금, 토, 일: 11:00~23:00",,,,전화번호: +81 80-2431-3766,https://www.google.com/maps/place/?q=place_id:ChIJR4hJQM53A2ARwg4uzRWt0IU,110.0,4.2,
326,Japan,Nagoya,마키노 공원(Makino Park),"월, 화, 수, 목, 금, 토, 일: Open 24 hours",,,,,https://www.google.com/maps/place/?q=place_id:ChIJsQOpyOV2A2ARypfTXU_Y1g4,110.0,3.5,
327,Japan,Nagoya,Seto-shi Sinseiki Kogeikan,"월, 수, 목, 금, 토, 일: 10:00~18:00; 화: 휴무",,,,"전화번호: +81 561-97-1001, 홈페이지: https://instagram.com/setoshinseiki?igshid=YmMyMTA2M2Y=",https://www.google.com/maps/place/?q=place_id:ChIJB6L5tHhoA2ARofiP5Kbg8ks,109.0,3.9,
328,Japan,Nagoya,Nagoya City Miharashidai Archeological Museum,"월: 휴무; 화, 수, 목, 금, 토, 일: 09:15~17:00",,,,"전화번호: +81 52-823-3200, 홈페이지: http://www.city.nagoya.jp/kurashi/category/19-15-2-8-0-0-0-0-0-0.html",https://www.google.com/maps/place/?q=place_id:ChIJA1vfMKB7A2ARqueSLVtYSWI,106.0,4.0,
329,Japan,Nagoya,Inaei Park,"월, 화, 수, 목, 금, 토, 일: Open 24 hours",,,,전화번호: +81 52-661-1581 ,https://maps.app.goo.gl/wR1adNcTgbfDyQYt5,848.0,3.7,
330,Japan,Nagoya,쓰루마 공원(鶴舞公園),"월, 화, 수, 목, 금, 토, 일: Open 24 hours",,,,전화번호: +81 52-733-8340 홈페이지: https://tsurumapark.info/,https://maps.app.goo.gl/Gd4d9H8CjcBTKmGg9,7104.0,4.2,
331,Japan,Nagoya,미들랜드 스퀘어(Midland Square),"월, 화, 수, 목, 금, 토, 일: 11:00~20:00",,,,"전화번호: +81 52-527-8877, 홈페이지: https://www.midland-square.com/",https://www.google.com/maps/place/?q=place_id:ChIJLxoOuN12A2ARqQKdP2OW-_k,9584.0,3.9,
332,Japan,Nagoya,플라이트 오브 드림즈(FLIGHT OF DREAMS),"월, 화, 수, 목, 금, 토, 일: 10:00~17:00",,,,"전화번호: +81 569-38-1195, 홈페이지: https://www.centrair.jp/service/flightofdreams.html",https://www.google.com/maps/place/?q=place_id:ChIJg-2hs1h9BGARsG7AQ7AkxTI,5234.0,4.2,
333,Japan,Nagoya,나고야 호빵맨 박물관(Nagoya Anpanman Children's Museum & Park),"월, 화, 수, 목, 금, 토, 일: 10:00~17:00",,,,"전화번호: +81 594-45-8877, 홈페이지: http://www.nagoya-anpanman.jp/",https://www.google.com/maps/place/?q=place_id:ChIJd49qcIyEA2ARmkauC95jTi0,2775.0,4.0,
334,Japan,Nagoya,Togokusan Fruits Park,"월: 휴무; 화, 수, 목, 금, 토, 일: 09:00~16:30",,,,"전화번호: +81 52-736-3344, 홈페이지: http://www.fruitpark.org/",https://www.google.com/maps/place/?q=place_id:ChIJJbaEK8ZuA2ARcxjo7phfbT4,1937.0,3.9,
335,Japan,Nagoya,Koijigahama Beach,"월, 화, 수, 목, 금, 토, 일: Open 24 hours",,,,"전화번호: +81 531-23-3516, 홈페이지: http://www.taharakankou.gr.jp/",https://www.google.com/maps/place/?q=place_id:ChIJaz5Fn6nlBGAR9GTun1bikyE,1329.0,4.0,
336,Japan,Nagoya,긴테쓰나고야 역(Kintetsu Nagoya Station),알 수 없음,,,,"전화번호: +81 52-541-1094, 홈페이지: http://www.kintetsu.co.jp/station/station_info/station17048.html",https://www.google.com/maps/place/?q=place_id:ChIJM38S9N12A2ARZenfXWsongQ,856.0,3.8,
337,Japan,Nagoya,덴파쿠공원(Tenpaku Park),"월, 화, 수, 목, 금, 토, 일: Open 24 hours",,,,"전화번호: +81 52-803-6644, 홈페이지: https://www.city.nagoya.jp/kurashi/category/15-12-16-11-0-0-0-0-0-0.html",https://www.google.com/maps/place/?q=place_id:ChIJPwJhFrdkA2ARzCkdC3Kt364,817.0,3.9,
338,Japan,Nagoya,지쿠사공원(Chikusa Park),"월, 화, 수, 목, 금, 토, 일: Open 24 hours",,,,"전화번호: +81 52-781-5211, 홈페이지: http://www.city.nagoya.jp/ryokuseidoboku/page/0000004967.html",https://www.google.com/maps/place/?q=place_id:ChIJ5yLlLllwA2ARUpgFX0IOX-o,677.0,4.0,
339,Japan,Nagoya,고쇼지공원(Koshoji Park),"월, 화, 수, 목, 금, 토, 일: Open 24 hours",,,,전화번호: +81 52-751-5128,https://www.google.com/maps/place/?q=place_id:ChIJ98LKy8N6A2ARnVrcgTJ0f_M,345.0,3.8,
340,Japan,Nagoya,Inabaji Park,"월, 화, 수, 목, 금, 토, 일: Open 24 hours",,,,"전화번호: +81 52-972-2470, 홈페이지: http://www.city.nagoya.jp/index.html",https://www.google.com/maps/place/?q=place_id:ChIJs_Tp12p2A2ARLvjdbNsbHOQ,331.0,3.8,
341,Japan,Nagoya,Hosoguchiike Park,"월, 화, 수, 목, 금, 토, 일: Open 24 hours",,,,"전화번호: +81 52-803-6644, 홈페이지: http://www.city.nagoya.jp/ryokuseidoboku/page/0000058605.html",https://www.google.com/maps/place/?q=place_id:ChIJ6Tug1ZhkA2ARc4pZZPo0E2g,220.0,3.9,
342,Japan,Nagoya,오스칸논,"월, 화, 수, 목, 금, 토, 일: 오전 6:00 ~ 오후 7:00",,,,전화번호: +81522316525 홈페이지: http://www.osu-kannon.jp/,https://maps.app.goo.gl/3mzBQmq7g4EeJKv96,10743.0,4.2,
343,Japan,Nagoya,진종 오타니파 나고야별원,"월, 화, 수, 목, 금, 토, 일: 오전 9:00 ~ 오후 4:30",,,,전화번호: +81523219201 홈페이지: https://www.ohigashi.net/,https://maps.app.goo.gl/dQh6F4AEVv2kQBb69,1577.0,4.1,
344,Japan,Nagoya,"마츠자카야백화점 나고야점","월, 화, 수, 목, 금, 토, 일: 오전 10:00 ~ 오후 8:00",,,,전화번호: +815017827000 홈페이지: https://www.ohigashi.net/,https://maps.app.goo.gl/3Au1yRpuotGP22t3A,11604.0,3.9,
345,Japan,Nagoya,오스상점가,"월, 화, 수, 목, 금, 토, 일: Open 24 hours",,,,전화번호: +81522612287 홈페이지: https://osu.nagoya/,https://maps.app.goo.gl/82GKVyoX9eTuxPae9,9378.0,4.2,
346,Japan,Nagoya,Miwa Shrine,"월, 화, 수, 목, 금, 토, 일: 오전 9:00 ~ 오후 5:00",,,,전화번호: +81522417468 홈페이지: http://miwajinnjya.com/,https://maps.app.goo.gl/WUsy98S7WoWpKecr7,1649.0,4.2,
347,Japan,Nagoya,Electricity Museum,"월, 화, 수, 목, 금, 토, 일: 오전 9:30 ~ 오후 5:00",,,,전화번호: +81522011026 홈페이지: http://www.chuden.co.jp/e-museum/,https://maps.app.goo.gl/dG9dvcjYLut3VixQ9,1164.0,4.2,
348,Japan,Nagoya,"엔도지 상점가",알 수 없음,,,,전화번호: +81525516800 홈페이지: https://endojishotengai.com/,https://maps.app.goo.gl/FQF52VqizN69bUTcA,1341.0,3.8,
349,Japan,Nagoya,"JR Nagoya Takashimaya","월, 화, 수, 목, 금, 토, 일: 오전 10:00 ~ 오후 8:00",,,,전화번호: +81525661101 홈페이지: https://www.jr-takashimaya.co.jp/,https://maps.app.goo.gl/ocm441eSvA76C1FV7,11053.0,4.0,
350,Japan,Nagoya,이 박물관,"월, 화, 수, 금: 휴무, 목, 토: 오전 10:00~오후 12:00, 오후 1:00~4:00",,,,전화번호: +81529628020 홈페이지: https://aichi8020.net/,https://maps.app.goo.gl/wYox81VYEv6YGJzBA,57.0,3.8,
351,Japan,Nagoya,"메타워터 하수도 과학관 나고야","월, 화, 수, 목, 금, 토, 일: 오전 9:30 ~ 오후 4:30",,,,전화번호: +81529112301 홈페이지: http://waterlab.nagoya/,https://maps.app.goo.gl/fFdVkgfM97gDubVSA,242.0,3.8,
352,Japan,Nagoya,Shimochaya Park,"월, 화, 수, 목, 금, 토, 일: 오전 6:00 ~ 오후 10:00",,,,전화번호: +81529722492,https://maps.app.goo.gl/UhMzysBrjUYSE9Jg8,95.0,3.8,
353,Japan,Nagoya,"사쿠라 천신사","월, 화, 수, 목, 금, 토, 일: 오전 10:00 ~ 오후 3:00",,,,전화번호: +81522314879 홈페이지: http://sakuratenjin.com/,https://maps.app.goo.gl/k4gacbb28PrQYYQz6,425.0,4.0,
354,Japan,Nagoya,시모조노 공원,"월, 화, 수, 목, 금, 토, 일: Open 24 hours",,,,,https://maps.app.goo.gl/NQB8o4BmTPk1dAAg9,472.0,3.7,
