data id_info,nation,region,name,operationTime,expense,infoTitle,infoContent,information,map_url,popularity,rating
1,Japan,Nara,나라 공원(Nara Park),"월, 화, 수, 목, 금, 토, 일: Open 24 hours",,,,국제전화번호: +81 742-22-0375 홈페이지: https://www3.pref.nara.jp/park/,https://www.google.com/maps/place/?q=place_id:ChIJYWCMvZY5AWARVnREV_OsbPk,57559,4.5
2,Japan,Nara,도다이지,,,일본 최대 규모의 청동 불상이 있는 불교 사찰로 700년대 중반에 세워졌습니다.,,,https://www.google.com/maps/place/%EB%8F%84%EB%8B%A4%EC%9D%B4%EC%A7%80/data=!4m7!3m6!1s0x600139907a0876dd:0xf890ac3f9dd53c8f!8m2!3d34.6889851!4d135.8398158!16zL20vMDJoNnR3!19sChIJ3XYIepA5AWARjzzVnT-skPg?authuser=0&hl=ko&rclk=1,24609,4.6
3,Japan,Nara,덴노지동물원(Tennoji Zoo),"월: 휴무; 화, 수, 목, 금, 토, 일: 09:30~17:00",,,,국제전화번호: +81 6-6771-8401 홈페이지: https://www.tennojizoo.jp/,https://www.google.com/maps/place/?q=place_id:ChIJVVWVxPXdAGARk6J-88X_gBo,14541,4.0
4,Japan,Nara,카스가타이샤(Kasuga Taisha),"월, 화, 수, 목, 금, 토, 일: 06:30~17:30",,,,국제전화번호: +81 742-22-7788 홈페이지: http://www.kasugataisha.or.jp/,https://www.google.com/maps/place/?q=place_id:ChIJ1Wqwa8A5AWARlpXjgoPnl0w,11955,4.5
5,Japan,Nara,카스가타이샤,,,768년에 건립된 신사로 밝은 주홍빛 기둥이 지붕을 지지하고 있습니다.,,,https://www.google.com/maps/place/%EC%B9%B4%EC%8A%A4%EA%B0%80%ED%83%80%EC%9D%B4%EC%83%A4/data=!4m7!3m6!1s0x600139c06bb06ad5:0x4c97e78382e39596!8m2!3d34.6815454!4d135.8484719!16zL20vMDNrMnpo!19sChIJ1Wqwa8A5AWARlpXjgoPnl0w?authuser=0&hl=ko&rclk=1,11948,4.5
6,Japan,Nara,고후쿠지(흥복사),,,"불교 사찰, 탑, 국가 보물을 소장한 박물관이 있는 사찰 단지입니다.",,,https://www.google.com/maps/place/%EA%B3%A0%ED%9B%84%EC%BF%A0%EC%A7%80%28%ED%9D%A5%EB%B3%B5%EC%82%AC%29/data=!4m7!3m6!1s0x60013988b23decb3:0x11830f4737834593!8m2!3d34.682883!4d135.8322271!16zL20vMDNjc3E0!19sChIJs-w9sog5AWARk0WDN0cPgxE?authuser=0&hl=ko&rclk=1,10964,4.4
7,Japan,Nara,Heijō Palace Site Historical National Park,"월, 화, 수, 목, 금, 토, 일: Open 24 hours",,,,국제전화번호: +81 742-36-8780 홈페이지: https://www.heijo-park.jp/,https://www.google.com/maps/place/?q=place_id:ChIJFZVuxKM7AWARd4rzIg38E70,5032,4.1
8,Japan,Nara,Heijō Palace Site Historical Park,,,성이 있던 옛 부지에 재건한 8세기 황궁입니다.,,,https://www.google.com/maps/place/Heij%C5%8D+Palace+Site+Historical+Park/data=!4m7!3m6!1s0x60013ba3c46e9515:0xbd13fc0d22f38a77!8m2!3d34.6904894!4d135.7957316!16zL20vMDU4djhi!19sChIJFZVuxKM7AWARd4rzIg38E70?authuser=0&hl=ko&rclk=1,5029,4.1
9,Japan,Nara,야쿠시지(약사사)(Yakushi-ji),"월, 화, 수, 목, 금, 토, 일: 09:00~17:00",,,,국제전화번호: +81 742-33-6001 홈페이지: https://yakushiji.or.jp/,https://www.google.com/maps/place/?q=place_id:ChIJn3rdOfw6AWARJwWCcfoiD4c,4856,4.4
10,Japan,Nara,나카타니도,,,일본 전통 찹쌀떡을 맛볼 수 있는 유명한 매장으로 떡 만드는 모습도 볼 수 있습니다.,,,https://www.google.com/maps/place/%EB%82%98%EC%B9%B4%ED%83%80%EB%8B%88%EB%8F%84/data=!4m7!3m6!1s0x6001398812073c9b:0xca16527bbdfdc288!8m2!3d34.681943!4d135.8288995!16s%2Fg%2F11bwyxtz0r!19sChIJmzwHEog5AWARiML9vXtSFso?authuser=0&hl=ko&rclk=1,4351,4.3
11,Japan,Nara,나라국립박물관,,,1889년에 설립된 국립 박물관으로 방대한 일본 불교 미술 컬렉션을 소장하고 있습니다.,,,https://www.google.com/maps/place/%EB%82%98%EB%9D%BC%EA%B5%AD%EB%A6%BD%EB%B0%95%EB%AC%BC%EA%B4%80/data=!4m7!3m6!1s0x60013991ec762bd1:0x86534c8f9901a7ed!8m2!3d34.6831318!4d135.8383055!16s%2Fg%2F11vb0styt!19sChIJ0St27JE5AWAR7acBmY9MU4Y?authuser=0&hl=ko&rclk=1,3811,4.4
12,Japan,Nara,나라국립박물관(Nara National Museum),"월: 휴무; 화, 수, 목, 금, 일: 09:30~17:00; 토: 09:30~20:00",,,,국제전화번호: +81 50-5542-8600 홈페이지: https://www.narahaku.go.jp/,https://www.google.com/maps/place/?q=place_id:ChIJ0St27JE5AWAR7acBmY9MU4Y,3811,4.4
13,Japan,Nara,Umami-kyuryo Park,"월, 화, 수, 목, 금, 토, 일: Open 24 hours",,,,국제전화번호: +81 745-56-3851 홈페이지: http://www.pref.nara.jp/1780.htm,https://www.google.com/maps/place/?q=place_id:ChIJUWNbEiQuAWARg6M-xF1AGSo,3771,4.2
14,Japan,Nara,Mi Nara,"월, 화, 수, 목, 금, 토, 일: 10:00~20:00",,,,국제전화번호: +81 742-32-5133 홈페이지: https://www.mina-ra.com/,https://www.google.com/maps/place/?q=place_id:ChIJqSusDrE7AWARsOD6zR73MTY,3739,3.5
15,Japan,Nara,이코마산조 유원지(Ikomasanjo Amusement Park),"월, 화, 수, 금, 토, 일: 10:00~17:00; 목: 휴무",,,,국제전화번호: +81 743-74-2173 홈페이지: http://www.ikomasanjou.com/,https://www.google.com/maps/place/?q=place_id:ChIJM3sSNdkjAWAR4F-Aqbf3h3M,3359,4.1
16,Japan,Nara,이코마산조 유원지,,,"스릴 넘치는 놀이 기구, 수영장, 식당이 있는 드넓은 놀이공원입니다.",,,https://www.google.com/maps/place/%EC%9D%B4%EC%BD%94%EB%A7%88%EC%82%B0%EC%A1%B0+%EC%9C%A0%EC%9B%90%EC%A7%80/data=!4m7!3m6!1s0x600123d935127b33:0x7387f7b7a9805fe0!8m2!3d34.6792181!4d135.6791714!16s%2Fg%2F122vf86l!19sChIJM3sSNdkjAWAR4F-Aqbf3h3M?authuser=0&hl=ko&rclk=1,3353,4.1
17,Japan,Nara,Nara Kenko Land,"월, 화, 수, 목, 금, 토, 일: Open 24 hours",,,,국제전화번호: +81 743-64-1126 홈페이지: https://narakenkoland.net/,https://www.google.com/maps/place/?q=place_id:ChIJe7W0hA4xAWARAcO3jYl6Lqo,3097,3.9
18,Japan,Nara,도다이지 남대문,,,1203년에 완공된 거대한 목조 사원 문으로 2층 지붕과 2개의 수호상이 있습니다.,,,https://www.google.com/maps/place/%EB%8F%84%EB%8B%A4%EC%9D%B4%EC%A7%80+%EB%82%A8%EB%8C%80%EB%AC%B8/data=!4m7!3m6!1s0x60013990f91570e9:0x802a25db25e31110!8m2!3d34.6858076!4d135.8398768!16s%2Fg%2F11bc70xv_2!19sChIJ6XAV-ZA5AWAREBHjJdslKoA?authuser=0&hl=ko&rclk=1,2980,4.6
19,Japan,Nara,토다이지 니가츠도(이월당)(Todai-ji Nigatsudo (February Hall)),"월, 화, 수, 목, 금, 토, 일: Open 24 hours",,,,국제전화번호: +81 742-22-3386 홈페이지: http://www.todaiji.or.jp/contents/guidance/guidance6.html,https://www.google.com/maps/place/?q=place_id:ChIJ3XYIepA5AWAR-uzxmllSqgg,2814,4.6
20,Japan,Nara,토다이지 니가츠도(이월당),,,도다이지 불교 사찰의 일부인 언덕 위의 회당으로 발코니에서 나라의 절경을 한눈에 감상할 수 있습니다.,,,https://www.google.com/maps/place/%ED%86%A0%EB%8B%A4%EC%9D%B4%EC%A7%80+%EB%8B%88%EA%B0%80%EC%B8%A0%EB%8F%84%28%EC%9D%B4%EC%9B%94%EB%8B%B9%29/data=!4m7!3m6!1s0x600139907a0876dd:0x8aa52599af1ecfa!8m2!3d34.6892747!4d135.8442433!16zL20vMGJweHp4!19sChIJ3XYIepA5AWAR-uzxmllSqgg?authuser=0&hl=ko&rclk=1,2809,4.6
21,Japan,Nara,동대사 대불전,,,,,,https://www.google.com/maps/place/%EB%8F%99%EB%8C%80%EC%82%AC+%EB%8C%80%EB%B6%88%EC%A0%84/data=!4m7!3m6!1s0x6001399a588f90d3:0x1d99db6bad6e7d27!8m2!3d34.6888653!4d135.839818!16s%2Fg%2F12222267!19sChIJ05CPWJo5AWARJ31urWvbmR0?authuser=0&hl=ko&rclk=1,2508,4.6
22,Japan,Nara,Higashimuki Shopping Street,,,,,국제전화번호: +81 742-24-4986 홈페이지: http://higashimuki.jp/,https://www.google.com/maps/place/?q=place_id:ChIJU8954oc5AWAR8tWXL6iEksg,2308,4.1
23,Japan,Nara,고리야마 성(Koriyama Castle Ruins),"월, 화, 수, 목, 금, 토, 일: Open 24 hours",,,,홈페이지: https://www.city.yamatokoriyama.lg.jp/soshiki/chiikishinkoka/kanko/2/1630.html,https://www.google.com/maps/place/?q=place_id:ChIJoZSiPe06AWARQCxLOOvN8zc,1781,4.0
24,Japan,Nara,고리야마 성,,,16세기 성의 고고학 유적으로 벚꽃이 유명한 공원에 위치합니다.,,,https://www.google.com/maps/place/%EA%B3%A0%EB%A6%AC%EC%95%BC%EB%A7%88+%EC%84%B1/data=!4m7!3m6!1s0x60013aed3da294a1:0x37f3cdeb384b2c40!8m2!3d34.651744!4d135.7791513!16s%2Fm%2F043s7ys!19sChIJoZSiPe06AWARQCxLOOvN8zc?authuser=0&hl=ko&rclk=1,1781,4.0
25,Japan,Nara,NARA KINGYO MUSEUM,"월, 화, 수, 목, 금, 토, 일: 10:00~17:30",,,,국제전화번호: +81 80-4689-2142 홈페이지: https://kingyomuseum.com/,https://www.google.com/maps/place/?q=place_id:ChIJg09Po4Q7AWARSko3JnhdXyc,1592,3.9
26,Japan,Nara,Soni Highlands,"월, 화, 수, 목, 금: 09:00~17:00; 토, 일: 휴무",,,,국제전화번호: +81 745-94-2106 홈페이지: http://www.soni-kogen.com/,https://www.google.com/maps/place/?q=place_id:ChIJEXKR9ZyoBmARQBSPoMwPlZM,1470,4.4
27,Japan,Nara,旬の駅 ならやま本店,,,,,,https://www.google.com/maps/place/%E6%97%AC%E3%81%AE%E9%A7%85+%E3%81%AA%E3%82%89%E3%82%84%E3%81%BE%E6%9C%AC%E5%BA%97/data=!4m7!3m6!1s0x60013bdff81ffd01:0xc63cde045f745bd7!8m2!3d34.7083001!4d135.8279091!16s%2Fg%2F11by_gh6l0!19sChIJAf0f-N87AWAR11t0XwTePMY?authuser=0&hl=ko&rclk=1,1463,3.9
28,Japan,Nara,Fujiwara Palace Ruins,"월, 화, 수, 목, 금, 토, 일: Open 24 hours",,,,국제전화번호: +81 744-21-1115 홈페이지: https://www.city.kashihara.nara.jp/soshiki/1058/gyomu/3/2/3/1/3872.html,https://www.google.com/maps/place/?q=place_id:ChIJu_VYqbTMBmARCi22i41TXx8,1443,4.2
29,Japan,Nara,Nararekishigeijutsubunkamura Rest Area,,,,,,https://www.google.com/maps/place/Nararekishigeijutsubunkamura+Rest+Area/data=!4m7!3m6!1s0x60013544902be6e1:0x48fa45c7077a386!8m2!3d34.589072!4d135.8472186!16s%2Fg%2F11rj_g1tg3!19sChIJ4eYrkEQ1AWARhqN3cFykjwQ?authuser=0&hl=ko&rclk=1,1442,3.8
30,Japan,Nara,Uda Animal Park,"월: 휴무; 화, 수, 목, 금, 토, 일: 09:00~17:00",,,,국제전화번호: +81 745-87-2520 홈페이지: http://www.pref.nara.jp/1839.htm,https://www.google.com/maps/place/?q=place_id:ChIJzzyU3te1BmAR4Df1kGCcaZs,1347,4.1
31,Japan,Nara,와카쿠사야마(Wakakusayama Hill),"월, 화, 수, 목, 금, 토, 일: 09:00~17:00",,,,국제전화번호: +81 742-22-0375 홈페이지: http://www3.pref.nara.jp/park/item/2585.htm,https://www.google.com/maps/place/?q=place_id:ChIJjVRjzbs5AWAR8QYRWah8aB8,1260,4.5
32,Japan,Nara,와카쿠사야마,,,,,,https://www.google.com/maps/place/%EC%99%80%EC%B9%B4%EC%BF%A0%EC%82%AC%EC%95%BC%EB%A7%88/data=!4m7!3m6!1s0x600139bbcd63548d:0x1f687ca8591106f1!8m2!3d34.6906189!4d135.8540221!16s%2Fg%2F1tfjqm4v!19sChIJjVRjzbs5AWAR8QYRWah8aB8?authuser=0&hl=ko&rclk=1,1257,4.5
33,Japan,Nara,석무대 고분(Ishibutai Tumulus),"월, 화, 수, 목, 금, 토, 일: 09:00~17:00",,,,국제전화번호: +81 744-54-4577 홈페이지: https://www.asuka-park.jp/area/ishibutai/tumulus/,https://www.google.com/maps/place/?q=place_id:ChIJ0TPuh3fMBmARY7dPT_cNWfQ,1204,4.2
34,Japan,Nara,석무대 고분,,,,,,https://www.google.com/maps/place/%EC%84%9D%EB%AC%B4%EB%8C%80+%EA%B3%A0%EB%B6%84/data=!4m7!3m6!1s0x6006cc7787ee33d1:0xf4590df74f4fb763!8m2!3d34.4668518!4d135.8261485!16s%2Fm%2F02pwpq9!19sChIJ0TPuh3fMBmARY7dPT_cNWfQ?authuser=0&hl=ko&rclk=1,1202,4.2
35,Japan,Nara,우키미도,,,다리를 건너면 고요한 호수가 내려다보이는 고풍스러운 정자로 이어지며 울창한 나무를 볼 수 있습니다.,,,https://www.google.com/maps/place/%EC%9A%B0%ED%82%A4%EB%AF%B8%EB%8F%84/data=!4m7!3m6!1s0x60013992a4484099:0xe532d67cb8730666!8m2!3d34.6801167!4d135.8386398!16s%2Fg%2F1ypj4q33w!19sChIJmUBIpJI5AWARZgZzuHzWMuU?authuser=0&hl=ko&rclk=1,1199,4.4
36,Japan,Nara,Rohto Nara Konoike Park,"월, 화, 목, 금, 토, 일: Open 24 hours; 수: 휴무",,,,국제전화번호: +81 742-22-0001 홈페이지: https://www.city.nara.lg.jp/site/shisetsu/3620.html,https://www.google.com/maps/place/?q=place_id:ChIJq9esh305AWARM_F-t6bVZtw,1144,3.9
37,Japan,Nara,국영 아스카 역사공원관,,,,,,https://www.google.com/maps/place/%EA%B5%AD%EC%98%81+%EC%95%84%EC%8A%A4%EC%B9%B4+%EC%97%AD%EC%82%AC%EA%B3%B5%EC%9B%90%EA%B4%80/data=!4m7!3m6!1s0x6006cc5edf640641:0x12a485125f1637f7!8m2!3d34.465609!4d135.803626!16s%2Fm%2F0j_32c6!19sChIJQQZk317MBmAR9zcWXxKFpBI?authuser=0&hl=ko&rclk=1,1113,4.1
38,Japan,Nara,"Nara Thai, Colaba","월, 화, 수, 목, 금, 토, 일: 12:00~01:30",,,,국제전화번호: +91 83558 78888 홈페이지: https://www.kahospitality.com/brand-nara.html,https://www.google.com/maps/place/?q=place_id:ChIJL5HKSBjR5zsRptSVwXw3ZuI,1049,4.5
39,Japan,Nara,의수원·영락미술관,,,"중국의 고대 청동기, 거울, 도장과 한국 도자기가 전시된 대규모 박물관입니다.",,,https://www.google.com/maps/place/%EC%9D%98%EC%88%98%EC%9B%90%C2%B7%EC%98%81%EB%9D%BD%EB%AF%B8%EC%88%A0%EA%B4%80/data=!4m7!3m6!1s0x6001398ff95a7d73:0x5a11579a3324bda3!8m2!3d34.6860413!4d135.8371815!16s%2Fm%2F04qb2qn!19sChIJc31a-Y85AWARo70kM5pXEVo?authuser=0&hl=ko&rclk=1,965,4.5
40,Japan,Nara,Shigisan Nodokamura,,,"온실과 과일을 딸 수 있는 밭이 있으며 염소 먹이 주기 체험, 요리 강습, 피자 카페를 이용할 수 있는 공원입니다.",,,https://www.google.com/maps/place/Shigisan+Nodokamura/data=!4m7!3m6!1s0x6001266837da1fe9:0x3af6feb4c0c76517!8m2!3d34.6031577!4d135.6585884!16s%2Fg%2F1tjbs1xy!19sChIJ6R_aN2gmAWARF2XHwLT-9jo?authuser=0&hl=ko&rclk=1,913,3.9
41,Japan,Nara,나다니엘 앨런 레크리에이션 에어리어(Nathaniel Alan Recreation Area (NARA Park)),,,,,국제전화번호: +1 978-929-6641 홈페이지: http://www.acton-ma.gov/312/NARA-Park,https://www.google.com/maps/place/?q=place_id:ChIJzRm7dA6X44kRce7JTILwLWI,900,4.6
42,Japan,Nara,나라(Nara Station),,,,,,https://www.google.com/maps/place/?q=place_id:ChIJD1JfOC46AWARdOZKeBQrWLc,878,4.0
43,Japan,Nara,나라,,,,,,https://www.google.com/maps/place/%EB%82%98%EB%9D%BC/data=!4m7!3m6!1s0x60013a2e385f520f:0xb7582b14784ae674!8m2!3d34.6808126!4d135.8189522!16s%2Fg%2F11b638n7tt!19sChIJD1JfOC46AWARdOZKeBQrWLc?authuser=0&hl=ko&rclk=1,877,4.0
44,Japan,Nara,Nara Prefectural Cultural Hall,,,,,,https://www.google.com/maps/place/Nara+Prefectural+Cultural+Hall/data=!4m7!3m6!1s0x60013986f21f9cd7:0xa54a98952f55970c!8m2!3d34.6858481!4d135.8313444!16s%2Fg%2F120mc2jt!19sChIJ15wf8oY5AWARDJdVL5WYSqU?authuser=0&hl=ko&rclk=1,835,3.6
45,Japan,Nara,요시키엔 정원(Yoshikien Garden),"월, 화, 수, 목, 금, 토, 일: 09:00~17:00",,,,국제전화번호: +81 742-22-5911 홈페이지: https://www.pref.nara.jp/39910.htm,https://www.google.com/maps/place/?q=place_id:ChIJVVXR5I85AWARNCgUmaCemHE,818,4.6
46,Japan,Nara,요시키엔 정원,,,,,,https://www.google.com/maps/place/%EC%9A%94%EC%8B%9C%ED%82%A4%EC%97%94+%EC%A0%95%EC%9B%90/data=!4m7!3m6!1s0x6001398fe4d15555:0x71989ea099142834!8m2!3d34.6854761!4d135.8363105!16s%2Fg%2F11bwy_ckv9!19sChIJVVXR5I85AWARNCgUmaCemHE?authuser=0&hl=ko&rclk=1,817,4.6
47,Japan,Nara,다카토리성(Takatori-jō Castle Ruins),"월, 화, 수, 목, 금, 토, 일: Open 24 hours",,,,국제전화번호: +81 744-52-1150 홈페이지: http://www.town.takatori.nara.jp/contents_detail.php?frmId=236,https://www.google.com/maps/place/?q=place_id:ChIJnwXy3bLOBmARWOPTgfbIdu4,767,4.4
48,Japan,Nara,다카토리성,,,,,,https://www.google.com/maps/place/%EB%8B%A4%EC%B9%B4%ED%86%A0%EB%A6%AC%EC%84%B1/data=!4m7!3m6!1s0x6006ceb2ddf2059f:0xee76c8f681d3e358!8m2!3d34.4294957!4d135.8268431!16s%2Fm%2F0nbf8sj!19sChIJnwXy3bLOBmARWOPTgfbIdu4?authuser=0&hl=ko&rclk=1,766,4.4
49,Japan,Nara,JR나라역 구 역사(Former JR Nara Station Building),"월, 화, 수, 목, 금, 토, 일: 09:00~21:00",,,,국제전화번호: +81 742-27-2223 홈페이지: https://committees.jsce.or.jp/heritage/node/666,https://www.google.com/maps/place/?q=place_id:ChIJrwbSQS46AWARVx3-tmOJPTg,761,4.2
50,Japan,Nara,JR나라역 구 역사,,,,,,https://www.google.com/maps/place/JR%EB%82%98%EB%9D%BC%EC%97%AD+%EA%B5%AC+%EC%97%AD%EC%82%AC/data=!4m7!3m6!1s0x60013a2e41d206af:0x383d8963b6fe1d57!8m2!3d34.6817219!4d135.8198165!16s%2Fg%2F11b_2k9r60!19sChIJrwbSQS46AWARVx3-tmOJPTg?authuser=0&hl=ko&rclk=1,761,4.2
51,Japan,Nara,Naramachi Koshi-no-Ie (Lattice House),"월: 휴무; 화, 수, 목, 금, 토, 일: 09:00~17:00",,,,국제전화번호: +81 742-23-4820 홈페이지: https://www.city.nara.lg.jp/site/shisetsu/6242.html,https://www.google.com/maps/place/?q=place_id:ChIJazaMJYs5AWARFWZYGvf5im4,744,4.3
52,Japan,Nara,와카야마 산성공원 동물원,,,,,,https://www.google.com/maps/place/%EC%99%80%EC%B9%B4%EC%95%BC%EB%A7%88+%EC%82%B0%EC%84%B1%EA%B3%B5%EC%9B%90+%EB%8F%99%EB%AC%BC%EC%9B%90/data=!4m7!3m6!1s0x6000b2c3e76effc5:0xfb7e407af984dc4c!8m2!3d34.2267918!4d135.1733528!16s%2Fg%2F122tp4gh!19sChIJxf9u58OyAGARTNyE-XpAfvs?authuser=0&hl=ko&rclk=1,707,4.0
53,Japan,Nara,도다이지뮤지엄(Todai-ji Museum),"월, 화, 수, 목, 금, 토, 일: 09:30~17:30",,,,국제전화번호: +81 742-20-5511 홈페이지: https://www.todaiji.or.jp/information/museum/,https://www.google.com/maps/place/?q=place_id:ChIJUeXsZ5A5AWAR0K3g2iLit-g,650,4.2
54,Japan,Nara,나라현 가시하라고고학연구소 부속박물관,,,,,,https://www.google.com/maps/place/%EB%82%98%EB%9D%BC%ED%98%84+%EA%B0%80%EC%8B%9C%ED%95%98%EB%9D%BC%EA%B3%A0%EA%B3%A0%ED%95%99%EC%97%B0%EA%B5%AC%EC%86%8C+%EB%B6%80%EC%86%8D%EB%B0%95%EB%AC%BC%EA%B4%80/data=!4m7!3m6!1s0x6006ccd5c1a97d2b:0xeed512c43b98a93a!8m2!3d34.4921246!4d135.7914571!16s%2Fg%2F1ylhlnvrw!19sChIJK32pwdXMBmAROqmYO8QS1e4?authuser=0&hl=ko&rclk=1,649,4.4
55,Japan,Nara,도다이지뮤지엄,,,,,,https://www.google.com/maps/place/%EB%8F%84%EB%8B%A4%EC%9D%B4%EC%A7%80%EB%AE%A4%EC%A7%80%EC%97%84/data=!4m7!3m6!1s0x6001399067ece551:0xe8b7e222dae0add0!8m2!3d34.6862259!4d135.8392888!16s%2Fg%2F1hc3c0gbg!19sChIJUeXsZ5A5AWAR0K3g2iLit-g?authuser=0&hl=ko&rclk=1,649,4.2
56,Japan,Nara,"나라현 가시하라고고학연구소 부속박물관(The Museum, Archaeological Institute of Kashihara, Nara Prefecture)","월: 휴무; 화, 수, 목, 금, 토, 일: 09:00~17:00",,,,국제전화번호: +81 744-24-1185 홈페이지: http://www.kashikoken.jp/museum/top.html,https://www.google.com/maps/place/?q=place_id:ChIJK32pwdXMBmAROqmYO8QS1e4,649,4.4
57,Japan,Nara,후쿠치야마시 동물원,,,,,,https://www.google.com/maps/place/%ED%9B%84%EC%BF%A0%EC%B9%98%EC%95%BC%EB%A7%88%EC%8B%9C+%EB%8F%99%EB%AC%BC%EC%9B%90/data=!4m7!3m6!1s0x600002c7b95c6029:0x155640bb5b3e521f!8m2!3d35.3106249!4d135.1384965!16s%2Fg%2F12135_qy!19sChIJKWBcuccCAGARH1I-W7tAVhU?authuser=0&hl=ko&rclk=1,628,4.0
58,Japan,Nara,Ōnaka Park,"월, 화, 수, 목, 금, 토, 일: Open 24 hours",,,,국제전화번호: +81 745-22-1101 홈페이지: https://www.city.yamatotakada.nara.jp/soshikikarasagasu/toshikeikakuka/koen/2070.html,https://www.google.com/maps/place/?q=place_id:ChIJkZyUsp4tAWAR7wQmK1B2l4c,628,4.1
59,Japan,Nara,Kanenonaru Observatory,"월, 화, 수, 목, 금, 토, 일: 06:30~00:00",,,,국제전화번호: +81 743-74-2125 홈페이지: http://www.kintetsu.co.jp/leisure/skyline/romanticview/#observatory,https://www.google.com/maps/place/?q=place_id:ChIJKbBxcbAmAWARzIaRznQrZbs,606,4.1
60,Japan,Nara,가스가 대사 신원•만엽식물원,,,시를 테마로 한 매력적인 식물원으로 매년 일본 클래식 음악 축제를 개최합니다.,,,https://www.google.com/maps/place/%EA%B0%80%EC%8A%A4%EA%B0%80+%EB%8C%80%EC%82%AC+%EC%8B%A0%EC%9B%90%E2%80%A2%EB%A7%8C%EC%97%BD%EC%8B%9D%EB%AC%BC%EC%9B%90/data=!4m7!3m6!1s0x60013994e280654f:0x925506070ccf9c30!8m2!3d34.6824519!4d135.8442139!16s%2Fm%2F03cbg2x!19sChIJT2WA4pQ5AWARMJzPDAcGVZI?authuser=0&hl=ko&rclk=1,601,4.2
61,Japan,Nara,가스가 대사 신원•만엽식물원(Manyo Botanical Gardens),"월, 수, 목, 금, 토, 일: 09:00~16:30; 화: 휴무",,,,국제전화번호: +81 742-22-7788 홈페이지: http://www.kasugataisha.or.jp/h_s_tearoom/manyou-s/,https://www.google.com/maps/place/?q=place_id:ChIJT2WA4pQ5AWARMJzPDAcGVZI,601,4.2
62,Japan,Nara,아마카시 언덕(Amakashi-no-Oka Observatory),"월, 화, 수, 목, 금, 토, 일: Open 24 hours",,,,국제전화번호: +81 744-54-2441,https://www.google.com/maps/place/?q=place_id:ChIJHYQrJo7MBmARW3LmHiUfez0,571,4.2
63,Japan,Nara,Heijo Palace Site Museum,"월: 휴무; 화, 수, 목, 금, 토, 일: 09:00~16:30",,,,국제전화번호: +81 742-30-6753 홈페이지: http://www.nabunken.go.jp/heijo/museum/,https://www.google.com/maps/place/?q=place_id:ChIJFZVuxKM7AWARireR0ZR8XiQ,526,4.1
64,Japan,Nara,The Former Nara Prison,,,,,홈페이지: http://former-nara-prison.com/index.html,https://www.google.com/maps/place/?q=place_id:ChIJ_8RZfXk5AWARUNmB8QPvzFo,520,4.2
65,Japan,Nara,나라 국제포럼 이라카,,,,,,https://www.google.com/maps/place/%EB%82%98%EB%9D%BC+%EA%B5%AD%EC%A0%9C%ED%8F%AC%EB%9F%BC+%EC%9D%B4%EB%9D%BC%EC%B9%B4/data=!4m7!3m6!1s0x60013994164e4ac5:0x3aa098a1d0be6910!8m2!3d34.683866!4d135.843275!16s%2Fg%2F123587nm!19sChIJxUpOFpQ5AWAREGm-0KGYoDo?authuser=0&hl=ko&rclk=1,490,4.1
66,Japan,Nara,"Moto-Yakushi-ji Temple Ruins, Nationally Designated Special Historic Site",,,,,,"https://www.google.com/maps/place/Moto-Yakushi-ji+Temple+Ruins,+Nationally+Designated+Special+Historic+Site/data=!4m7!3m6!1s0x6006cccfcef4acb1:0x1cff9dbd6c94341d!8m2!3d34.492756!4d135.8001749!16s%2Fg%2F1pv0vbv8!19sChIJsaz0zs_MBmARHTSUbL2d_xw?authuser=0&hl=ko&rclk=1",482,4.0
67,Japan,Nara,"아스카 자료관(Asuka Historical Museum, Nara National Institute for Cultural Properties)","월: 휴무; 화, 수, 목, 금, 토, 일: 09:00~16:30",,,,국제전화번호: +81 744-54-3561 홈페이지: https://www.nabunken.go.jp/asuka/index.html,https://www.google.com/maps/place/?q=place_id:ChIJiQOGzZzMBmARPc65rOEXm84,481,4.2
68,Japan,Nara,아스카 자료관,,,,,,https://www.google.com/maps/place/%EC%95%84%EC%8A%A4%EC%B9%B4+%EC%9E%90%EB%A3%8C%EA%B4%80/data=!4m7!3m6!1s0x6006cc9ccd860389:0xce9b17e1acb9ce3d!8m2!3d34.484385!4d135.8249872!16s%2Fm%2F0j_6prx!19sChIJiQOGzZzMBmARPc65rOEXm84?authuser=0&hl=ko&rclk=1,480,4.2
69,Japan,Nara,Forest Park Konoyama,,,,,국제전화번호: +81 743-87-0285 홈페이지: http://fpkonoyama.blogspot.jp/,https://www.google.com/maps/place/?q=place_id:ChIJT4SaI5lOAWARJmD6qirW2hw,479,4.1
70,Japan,Nara,Inamura-no-Hi no Yakata,,,,,,https://www.google.com/maps/place/Inamura-no-Hi+no+Yakata/data=!4m7!3m6!1s0x600744e5e3575339:0xee6552993c12e2c7!8m2!3d34.0259618!4d135.1730974!16s%2Fg%2F11cm04ky9k!19sChIJOVNX4-VEB2ARx-ISPJlSZe4?authuser=0&hl=ko&rclk=1,462,4.1
71,Japan,Nara,쿠론도 연못 자연공원,,,,,,https://www.google.com/maps/place/%EC%BF%A0%EB%A1%A0%EB%8F%84+%EC%97%B0%EB%AA%BB+%EC%9E%90%EC%97%B0%EA%B3%B5%EC%9B%90/data=!4m7!3m6!1s0x6001186020fc8adb:0x6539228ee8688e99!8m2!3d34.7627642!4d135.714264!16s%2Fg%2F119vjhd1z!19sChIJ24r8IGAYAWARmY5o6I4iOWU?authuser=0&hl=ko&rclk=1,444,4.0
72,Japan,Nara,가라쿠리 오모차관(Naramachi Karakuri Toy Museum),"월, 화, 목, 금, 토, 일: 09:00~17:00; 수: 휴무",,,,국제전화번호: +81 742-26-5656 홈페이지: http://karakuri-omochakan.jimdofree.com/,https://www.google.com/maps/place/?q=place_id:ChIJwRQbB4o5AWARxtFUPehWCuo,431,4.3
73,Japan,Nara,요시노산(Mount Yoshino),,,,,,https://www.google.com/maps/place/?q=place_id:ChIJ05Spo7LHBmARoHN4E0GQq9g,418,4.4
74,Japan,Nara,카스가타이샤 국보전(Kasuga Taisha Museum),"월, 화, 수, 목, 금, 토, 일: 10:00~17:00",,,,국제전화번호: +81 742-22-7788 홈페이지: https://www.kasugataisha.or.jp/museum/,https://www.google.com/maps/place/?q=place_id:ChIJxYYZrOo5AWARgyvrZXFfVYk,396,4.1
75,Japan,Nara,나라현립미술관(Nara Prefectural Museum of Art),"월: 휴무; 화, 수, 목, 금, 토, 일: 09:00~17:00",,,,국제전화번호: +81 742-23-3968 홈페이지: http://www.pref.nara.jp/11842.htm,https://www.google.com/maps/place/?q=place_id:ChIJ_yGId4Y5AWAREKvkZRlJsMg,389,3.9
76,Japan,Nara,나라현립미술관,,,,,,https://www.google.com/maps/place/%EB%82%98%EB%9D%BC%ED%98%84%EB%A6%BD%EB%AF%B8%EC%88%A0%EA%B4%80/data=!4m7!3m6!1s0x60013986778821ff:0xc8b0491965e4ab10!8m2!3d34.6858549!4d135.832503!16s%2Fg%2F120jxnxf!19sChIJ_yGId4Y5AWAREKvkZRlJsMg?authuser=0&hl=ko&rclk=1,389,3.9
77,Japan,Nara,Naramachi Nigiwai-no-le,,,,,,https://www.google.com/maps/place/Naramachi+Nigiwai-no-le/data=!4m7!3m6!1s0x6001398a4cd23473:0xb67828dbeed199d0!8m2!3d34.6772379!4d135.8303932!16s%2Fg%2F11bx461trl!19sChIJczTSTIo5AWAR0JnR7tsoeLY?authuser=0&hl=ko&rclk=1,388,4.4
78,Japan,Nara,Irie Taikichi Memorial Museum of Photography Nara City,"월: 휴무; 화, 수, 목, 금, 토, 일: 09:30~17:00",,,,국제전화번호: +81 742-22-9811 홈페이지: https://naracmp.jp/,https://www.google.com/maps/place/?q=place_id:ChIJo6tFluk5AWARTPCdZmezFHM,382,4.2
79,Japan,Nara,나라공원 노보리오지 원지,,,,,,https://www.google.com/maps/place/%EB%82%98%EB%9D%BC%EA%B3%B5%EC%9B%90+%EB%85%B8%EB%B3%B4%EB%A6%AC%EC%98%A4%EC%A7%80+%EC%9B%90%EC%A7%80/data=!4m7!3m6!1s0x6001398f6ac9e6ab:0x622536af2c182bf1!8m2!3d34.6838673!4d135.8337838!16s%2Fg%2F11bycf8__h!19sChIJq-bJao85AWAR8SsYLK82JWI?authuser=0&hl=ko&rclk=1,382,4.4
80,Japan,Nara,Shiga Naoya's Old Residence,"월, 화, 수, 목, 금, 토, 일: 09:30~16:30",,,,국제전화번호: +81 742-26-6490 홈페이지: http://www.naragakuen.jp/sgnoy/,https://www.google.com/maps/place/?q=place_id:ChIJtU9Coes5AWAR6A72OBxm1m4,371,4.4
81,Japan,Nara,Wanpaku Zoo,"월, 화, 수, 목: 휴무; 금, 토, 일: 10:00~16:30",,,,국제전화번호: +81 743-89-0640 홈페이지: https://www.wampakudobutsuen.com/,https://www.google.com/maps/place/?q=place_id:ChIJe5WQVMxJAWARjnub7YTE9Ds,347,4.2
82,Japan,Nara,Mt. Myojin Nature observation deck,"월, 화, 수, 목, 금, 토, 일: Open 24 hours",,,,국제전화번호: +81 745-33-6668 홈페이지: http://home.oji-kanko.kokosil.net/ja/myojinsan,https://www.google.com/maps/place/?q=place_id:ChIJ-35cSbMoAWARCQi2oD_tuic,318,4.4
83,Japan,Nara,평성궁 주작문,,,,,,https://www.google.com/maps/place/%ED%8F%89%EC%84%B1%EA%B6%81+%EC%A3%BC%EC%9E%91%EB%AC%B8/data=!4m7!3m6!1s0x60013b7be7a8a15d:0xc1933c3582cabdc8!8m2!3d34.6869403!4d135.7943094!16s%2Fg%2F11jcp466_l!19sChIJXaGo53s7AWARyL3KgjU8k8E?authuser=0&hl=ko&rclk=1,312,4.2
84,Japan,Nara,도부히노 원지,,,,,,https://www.google.com/maps/place/%EB%8F%84%EB%B6%80%ED%9E%88%EB%85%B8+%EC%9B%90%EC%A7%80/data=!4m7!3m6!1s0x600139c06bb06ad5:0x52e323d5c2c14327!8m2!3d34.6813673!4d135.8404913!16s%2Fg%2F1jgm0y72s!19sChIJ1Wqwa8A5AWARJ0PBwtUj41I?authuser=0&hl=ko&rclk=1,282,4.5
85,Japan,Nara,도부히노 원지(Tobihino),"월, 화, 수, 목, 금, 토, 일: Open 24 hours",,,,국제전화번호: +81 742-22-7788,https://www.google.com/maps/place/?q=place_id:ChIJ1Wqwa8A5AWARJ0PBwtUj41I,282,4.5
86,Japan,Nara,비조궁 터,,,,,,https://www.google.com/maps/place/%EB%B9%84%EC%A1%B0%EA%B6%81+%ED%84%B0/data=!4m7!3m6!1s0x6006cc7d84025acd:0xbb48a21800c17320!8m2!3d34.473378!4d135.8211147!16s%2Fg%2F1236h06y!19sChIJzVoChH3MBmARIHPBABiiSLs?authuser=0&hl=ko&rclk=1,279,4.0
87,Japan,Nara,Chūgū-ji Temple Ruin Historic Site Park,,,,,,https://www.google.com/maps/place/Ch%C5%ABg%C5%AB-ji+Temple+Ruin+Historic+Site+Park/data=!4m7!3m6!1s0x60012ff843cba61b:0xa61488ba1f72faa9!8m2!3d34.6163242!4d135.7441108!16s%2Fg%2F11c6z_8msh!19sChIJG6bLQ_gvAWARqfpyH7qIFKY?authuser=0&hl=ko&rclk=1,259,4.1
88,Japan,Nara,NARANICLE,"월, 화, 수, 목, 금, 토, 일: 09:00~17:00",,,,홈페이지: https://narashikanko.or.jp/info/,https://www.google.com/maps/place/?q=place_id:ChIJPeROZyg6AWAR396AFEvsw2g,255,3.8
89,Japan,Nara,"Museum Shop, Nara National Museum","월: 휴무; 화, 수, 목, 금, 토, 일: 09:30~17:00",,,,국제전화번호: +81 742-26-3868 홈페이지: http://www.narahaku-shop.com/,https://www.google.com/maps/place/?q=place_id:ChIJoaRW2ZE5AWARFYHo2eUJj1Q,249,4.1
90,Japan,Nara,Sarusawa-Ike Pond Park,"월, 화, 수, 목, 금, 토, 일: Open 24 hours",,,,국제전화번호: +81 742-22-0375 홈페이지: https://www3.pref.nara.jp/park/item/2683.htm,https://www.google.com/maps/place/?q=place_id:ChIJNSHAOLQ5AWARURJ-2WWJbUk,248,4.3
91,Japan,Nara,나라마치자료관,,,,,,https://www.google.com/maps/place/%EB%82%98%EB%9D%BC%EB%A7%88%EC%B9%98%EC%9E%90%EB%A3%8C%EA%B4%80/data=!4m7!3m6!1s0x6001398a51e30a67:0xbebf5ac872a9afcf!8m2!3d34.6769653!4d135.8301532!16s%2Fg%2F120zcl0p!19sChIJZwrjUYo5AWARz6-pcshav74?authuser=0&hl=ko&rclk=1,241,3.9
92,Japan,Nara,奈良わんぱくランド はしゃきっズ,"월, 화, 수, 목, 금: 12:00~20:00; 토, 일: 10:00~20:00",,,,국제전화번호: +81 743-64-1126 홈페이지: https://www.narakenkoland.net/hashakids,https://www.google.com/maps/place/?q=place_id:ChIJz4C-vQ4xAWARVzLhL4uUqaU,232,3.9
93,Japan,Nara,Nakagawa Masashichi Shoten Branch Souvenir Nara Sanjo,,,,,,https://www.google.com/maps/place/Nakagawa+Masashichi+Shoten+Branch+Souvenir+Nara+Sanjo/data=!4m7!3m6!1s0x6001398802c55555:0xbef02773a2d7f34a!8m2!3d34.6817634!4d135.828053!16s%2Fg%2F1thq0mdr!19sChIJVVXFAog5AWARSvPXonMn8L4?authuser=0&hl=ko&rclk=1,228,4.2
94,Japan,Nara,Kasugano,,,,,,https://www.google.com/maps/place/Kasugano/data=!4m7!3m6!1s0x600139966e1261a7:0x469428129a00e4ab!8m2!3d34.6861749!4d135.8456485!16s%2Fg%2F1tgdngkp!19sChIJp2ESbpY5AWARq-QAmhIolEY?authuser=0&hl=ko&rclk=1,227,3.7
95,Japan,Nara,Nara Prefectural Museum of Folklore,,,,,,https://www.google.com/maps/place/Nara+Prefectural+Museum+of+Folklore/data=!4m7!3m6!1s0x60013ad37e7113c9:0x3307e18ea563c8d6!8m2!3d34.652836!4d135.7543444!16s%2Fg%2F120z6pl_!19sChIJyRNxftM6AWAR1shjpY7hBzM?authuser=0&hl=ko&rclk=1,224,3.7
96,Japan,Nara,Okumura Commemorative Museum,,,,,,https://www.google.com/maps/place/Okumura+Commemorative+Museum/data=!4m7!3m6!1s0x60013991c711c205:0xd77baf996ff0296d!8m2!3d34.6839366!4d135.8385603!16s%2Fg%2F1tdg7q3v!19sChIJBcIRx5E5AWARbSnwb5mve9c?authuser=0&hl=ko&rclk=1,224,4.5
97,Japan,Nara,Itto-seki Split Boulder,"월, 화, 수, 목, 금, 토, 일: Open 24 hours",,,,국제전화번호: +81 742-94-0002 홈페이지: https://narashikanko.or.jp/en/spot/others/ittoseki/,https://www.google.com/maps/place/?q=place_id:ChIJ2xrLRHFHAWARQsmhjL0loAk,215,4.3
98,Japan,Nara,Uguisu Waterfall,,,,,,https://www.google.com/maps/place/Uguisu+Waterfall/data=!4m7!3m6!1s0x60013830b4d0db15:0xf616c4a59b14c9ec!8m2!3d34.6891367!4d135.873537!16s%2Fg%2F11bv1nx017!19sChIJFdvQtDA4AWAR7MkUm6XEFvY?authuser=0&hl=ko&rclk=1,213,4.1
99,Japan,Nara,사루사와 이케(연못)(Sarusawa-ike Pond),"월, 화, 수, 목, 금, 토, 일: Open 24 hours",,,,국제전화번호: +81 742-22-0375 홈페이지: https://narashikanko.or.jp/spot/nature/sarusawaike/,https://www.google.com/maps/place/?q=place_id:ChIJs1cUZII5AWAR1tQY7zIobrg,211,4.4
100,Japan,Nara,Daibutsu Tetsudo Memorial Park,"월, 화, 수, 목, 금, 토, 일: Open 24 hours",,,,,https://www.google.com/maps/place/?q=place_id:ChIJcScDd9M7AWARDSasd1gbjUE,199,3.8
101,Japan,Nara,가스가노 원지(Kasuganoenchi),"월, 화, 수, 목, 금, 토, 일: Open 24 hours",,,,국제전화번호: +81 742-22-0375 홈페이지: https://www3.pref.nara.jp/park/item/2682.htm,https://www.google.com/maps/place/?q=place_id:ChIJpbpLS5E5AWAR9ImzmO252Gc,184,4.4
102,Japan,Nara,가스가노 원지,,,,,,https://www.google.com/maps/place/%EA%B0%80%EC%8A%A4%EA%B0%80%EB%85%B8+%EC%9B%90%EC%A7%80/data=!4m7!3m6!1s0x600139914b4bbaa5:0x67d8b9ed98b389f4!8m2!3d34.6855392!4d135.8420463!16s%2Fg%2F11b7q1lkz3!19sChIJpbpLS5E5AWAR9ImzmO252Gc?authuser=0&hl=ko&rclk=1,184,4.4
103,Japan,Nara,Karako Kagi Archeological Museum,"월: 휴무; 화, 수, 목, 금, 토, 일: 09:00~17:00",,,,국제전화번호: +81 744-34-7100 홈페이지: http://www.town.tawaramoto.nara.jp/karako_kagi/museum/index.html,https://www.google.com/maps/place/?q=place_id:ChIJkayb8cYzAWARdulA3uqeOWw,173,4.1
104,Japan,Nara,Sango Town Water Park,"월, 수, 목, 일: 09:30~16:30; 화, 금, 토: 09:30~20:30",,,,국제전화번호: +81 745-34-2355 홈페이지: https://sangotown-sports.island-sc.com/,https://www.google.com/maps/place/?q=place_id:ChIJrSc8wowlAWAR_-1Gp33ltV8,172,3.7
105,Japan,Nara,나라공예관,,,,,,https://www.google.com/maps/place/%EB%82%98%EB%9D%BC%EA%B3%B5%EC%98%88%EA%B4%80/data=!4m7!3m6!1s0x60013989e128faad:0x5040a84ab6aa112!8m2!3d34.678732!4d135.82824!16s%2Fg%2F1tcx1fhj!19sChIJrfoo4Yk5AWAREqFqq4QKBAU?authuser=0&hl=ko&rclk=1,169,4.1
106,Japan,Nara,Kehayaza Sumo Museum,"월, 목, 금, 토, 일: 10:00~17:00; 화, 수: 휴무",,,,국제전화번호: +81 745-48-4611 홈페이지: https://www.city.katsuragi.nara.jp/kanko_bunka_sports/sumo_fushu_yukari/5784.html,https://www.google.com/maps/place/?q=place_id:ChIJESW8WzosAWARVgM39AxHG7s,167,4.0
107,Japan,Nara,The Garden of the Former Daijyo-in Temple,,,,,,https://www.google.com/maps/place/The+Garden+of+the+Former+Daijyo-in+Temple/data=!4m7!3m6!1s0x6001398cefb8262b:0x4f8bddbef1512dd4!8m2!3d34.6784798!4d135.834164!16s%2Fg%2F1232c57_!19sChIJKya474w5AWAR1C1R8b7di08?authuser=0&hl=ko&rclk=1,161,4.1
108,Japan,Nara,나라국립박물관 나라 불상관(Nara National Museum Nara Buddhist Sculpture Hall),"월: 휴무; 화, 수, 목, 금, 토, 일: 09:30~17:00",,,,국제전화번호: +81 50-5542-8600 홈페이지: https://www.narahaku.go.jp/guide/butsuzo/,https://www.google.com/maps/place/?q=place_id:ChIJieLky2Y5AWARFLT2zk_4lgg,154,4.6
109,Japan,Nara,나라국립박물관 나라 불상관,,,,,,https://www.google.com/maps/place/%EB%82%98%EB%9D%BC%EA%B5%AD%EB%A6%BD%EB%B0%95%EB%AC%BC%EA%B4%80+%EB%82%98%EB%9D%BC+%EB%B6%88%EC%83%81%EA%B4%80/data=!4m7!3m6!1s0x60013966cbe4e289:0x896f84fcef6b414!8m2!3d34.6836592!4d135.8369984!16s%2Fg%2F11kpd16n65!19sChIJieLky2Y5AWARFLT2zk_4lgg?authuser=0&hl=ko&rclk=1,154,4.6
110,Japan,Nara,Kyū Yagyū-han karō yashiki,,,,,,https://www.google.com/maps/place/Ky%C5%AB+Yagy%C5%AB-han+kar%C5%8D+yashiki/data=!4m7!3m6!1s0x60014648c7a437e5:0xf0d00a4265b360b7!8m2!3d34.73246!4d135.9502411!16s%2Fg%2F122qywp6!19sChIJ5Tekx0hGAWARt2CzZUIK0PA?authuser=0&hl=ko&rclk=1,151,3.7
111,Japan,Nara,パノラマ展望台,"월, 화, 수, 목, 금, 토, 일: Open 24 hours",,,,,https://www.google.com/maps/place/?q=place_id:ChIJhxO5hsYhAWAR3GCf8l6_AkY,150,4.4
112,Japan,Nara,Nara Prefecture Historical and Artistic Culture Complex,,,,,,https://www.google.com/maps/place/Nara+Prefecture+Historical+and+Artistic+Culture+Complex/data=!4m7!3m6!1s0x6001358ca665a745:0x2b79556492ce23b!8m2!3d34.5894889!4d135.847824!16s%2Fg%2F11swk217j1!19sChIJRadlpow1AWARO-IsSVaVtwI?authuser=0&hl=ko&rclk=1,147,4.3
113,Japan,Nara,Yata Nature Park,,,,,국제전화번호: +81 743-52-1927 홈페이지: http://www.pref.nara.jp/3053.htm,https://www.google.com/maps/place/?q=place_id:ChIJbW8cEcEkAWARykjx7nZdca8,143,4.1
114,Japan,Nara,Heijokyu Izanai-kan （Guidance Center）,,,,,,https://www.google.com/maps/place/Heijokyu+Izanai-kan+%EF%BC%88Guidance+Center%EF%BC%89/data=!4m7!3m6!1s0x60013b8cc6d437c1:0x827e3766fc1b83a!8m2!3d34.6859734!4d135.7950892!16s%2Fg%2F11np0g8d1c!19sChIJwTfUxow7AWAROrjBb3bjJwg?authuser=0&hl=ko&rclk=1,140,4.3
115,Japan,Nara,Summit of Mt. Kongo (Kunimi-jo Castle Ruins site),,,,,,https://www.google.com/maps/place/Summit+of+Mt.+Kongo+%28Kunimi-jo+Castle+Ruins+site%29/data=!4m7!3m6!1s0x6006d498d883960f:0x123edfc8c5049602!8m2!3d34.4208573!4d135.6708502!16s%2Fg%2F11g8xhsrsw!19sChIJD5aD2JjUBmARApYExcjfPhI?authuser=0&hl=ko&rclk=1,139,4.4
116,Japan,Nara,녹원,,,,,,https://www.google.com/maps/place/%EB%85%B9%EC%9B%90/data=!4m7!3m6!1s0x60013994ba10e9c5:0x7653fbdfdd3b8e8e!8m2!3d34.6810292!4d135.8430668!16s%2Fg%2F11f10dmvch!19sChIJxekQupQ5AWARjo473d_7U3Y?authuser=0&hl=ko&rclk=1,133,4.4
117,Japan,Nara,Sports cart Hanna,"월, 화, 수, 목, 금: 11:00~21:00; 토, 일: 10:00~21:00",,,,국제전화번호: +81 743-75-5757 홈페이지: http://sportskart.com/s,https://www.google.com/maps/place/?q=place_id:ChIJr6wtTKcjAWARBY3Nk7yzD-c,132,4.4
118,Japan,Nara,스가와라노후시미노히가시 릉(수인천황릉),,,,,,https://www.google.com/maps/place/%EC%8A%A4%EA%B0%80%EC%99%80%EB%9D%BC%EB%85%B8%ED%9B%84%EC%8B%9C%EB%AF%B8%EB%85%B8%ED%9E%88%EA%B0%80%EC%8B%9C+%EB%A6%89%28%EC%88%98%EC%9D%B8%EC%B2%9C%ED%99%A9%EB%A6%89%29/data=!4m7!3m6!1s0x60013b0567eb15d5:0x323ebe3d6586eb54!8m2!3d34.6799608!4d135.7813182!16s%2Fg%2F1tdrx6s6!19sChIJ1RXrZwU7AWARVOuGZT2-PjI?authuser=0&hl=ko&rclk=1,132,4.1
119,Japan,Nara,우키구모 원지,,,,,,https://www.google.com/maps/place/%EC%9A%B0%ED%82%A4%EA%B5%AC%EB%AA%A8+%EC%9B%90%EC%A7%80/data=!4m7!3m6!1s0x6001399159a69a35:0xe311d28ef78833ba!8m2!3d34.6839713!4d135.8414884!16s%2Fg%2F11b7q3xkx7!19sChIJNZqmWZE5AWARujOI947SEeM?authuser=0&hl=ko&rclk=1,130,4.4
120,Japan,Nara,Nara Central Market,"월, 화, 수, 목, 금, 토, 일: Open 24 hours",,,,국제전화번호: +81 743-56-7000 홈페이지: http://www.pref.nara.jp/1756.htm,https://www.google.com/maps/place/?q=place_id:ChIJHWlpTF8wAWARnTxHEM3uiB4,128,3.6
121,Japan,Nara,奈良いきものミュージアム,,,,,,https://www.google.com/maps/place/%E5%A5%88%E8%89%AF%E3%81%84%E3%81%8D%E3%82%82%E3%81%AE%E3%83%9F%E3%83%A5%E3%83%BC%E3%82%B8%E3%82%A2%E3%83%A0/data=!4m7!3m6!1s0x60013b45aa155915:0xaef3301d0212d9db!8m2!3d34.6853242!4d135.8025722!16s%2Fg%2F11t_tqc5r8!19sChIJFVkVqkU7AWAR29kSAh0w864?authuser=0&hl=ko&rclk=1,125,4.0
122,Japan,Nara,Nara City Tourist Information Center,"월, 화, 수, 목, 금, 토, 일: 09:00~19:00",,,,국제전화번호: +81 742-27-2223 홈페이지: https://www.city.nara.lg.jp/site/kankou/71420.html,https://www.google.com/maps/place/?q=place_id:ChIJE9BbADA6AWARZTYW5mz1bXo,124,4.2
123,Japan,Nara,Kujira Falls,,,,,,https://www.google.com/maps/place/Kujira+Falls/data=!4m7!3m6!1s0x60012cc78b3e1c71:0xbbefc62bc3234c0c!8m2!3d34.4622802!4d135.695478!16s%2Fg%2F11g8zb_yxn!19sChIJcRw-i8csAWARDEwjwyvG77s?authuser=0&hl=ko&rclk=1,123,3.7
124,Japan,Nara,동원 정원,,,,,,https://www.google.com/maps/place/%EB%8F%99%EC%9B%90+%EC%A0%95%EC%9B%90/data=!4m7!3m6!1s0x60013b992ea227eb:0x2f5693e9a097cc24!8m2!3d34.689525!4d135.8018217!16s%2Fg%2F1tcwwmyx!19sChIJ6yeiLpk7AWARJMyXoOmTVi8?authuser=0&hl=ko&rclk=1,120,4.2
125,Japan,Nara,동원 정원(To-in Teien Garden),"월: 휴무; 화, 수, 목, 금, 토, 일: 09:00~16:30",,,,,https://www.google.com/maps/place/?q=place_id:ChIJ6yeiLpk7AWARJMyXoOmTVi8,120,4.2
126,Japan,Nara,평성궁터 자료관 유구전시관,,,,,,https://www.google.com/maps/place/%ED%8F%89%EC%84%B1%EA%B6%81%ED%84%B0+%EC%9E%90%EB%A3%8C%EA%B4%80+%EC%9C%A0%EA%B5%AC%EC%A0%84%EC%8B%9C%EA%B4%80/data=!4m7!3m6!1s0x60013ba4f091abb7:0x581915ef4cfdee0b!8m2!3d34.6940114!4d135.7989932!16s%2Fg%2F1hc1snj8s!19sChIJt6uR8KQ7AWARC-79TO8VGVg?authuser=0&hl=ko&rclk=1,116,4.0
127,Japan,Nara,"평성궁터 자료관 유구전시관(Nara Palace Site Museum, Excavation Site Exhibition Hall)","월: 휴무; 화, 수, 목, 금, 토, 일: 09:00~16:30",,,,국제전화번호: +81 742-30-6753 홈페이지: https://www.nabunken.go.jp/heijo/museum/guide.html,https://www.google.com/maps/place/?q=place_id:ChIJt6uR8KQ7AWARC-79TO8VGVg,116,4.0
128,Japan,Nara,Yugayama Enchi (Old Yamaguchi House Garden),,,,,,https://www.google.com/maps/place/Yugayama+Enchi+%28Old+Yamaguchi+House+Garden%29/data=!4m7!3m6!1s0x6001399844e6be47:0x85a2b876b13af0aa!8m2!3d34.6793408!4d135.8388951!16s%2Fg%2F11jh655tcd!19sChIJR77mRJg5AWARqvA6sXa4ooU?authuser=0&hl=ko&rclk=1,115,4.1
129,Japan,Nara,Saho Seseragi no Sato,"월, 화, 수, 목, 금, 토, 일: Open 24 hours",,,,국제전화번호: +81 742-27-7507 홈페이지: http://www.pref.nara.jp/dd.aspx?menuid=18508#chap112,https://www.google.com/maps/place/?q=place_id:ChIJT5AA8NI7AWAR_cTQs9QaWhw,109,4.4
130,Japan,Nara,奈良駅,,,,,,https://www.google.com/maps/place/%E5%A5%88%E8%89%AF%E9%A7%85/data=!4m7!3m6!1s0x60013a2e379f0f2b:0x8271897e6e648531!8m2!3d34.680993!4d135.8195309!16s%2Fm%2F02pnvlf!19sChIJKw-fNy46AWARMYVkbn6JcYI?authuser=0&hl=ko&rclk=1,107,3.8
131,Japan,Nara,Sarusawa-ike Monument,,,,,,https://www.google.com/maps/place/Sarusawa-ike+Monument/data=!4m7!3m6!1s0x60013988f671fce7:0x9712088510e7dc26!8m2!3d34.6817988!4d135.8304411!16s%2Fg%2F11c6t_0hk0!19sChIJ5_xx9og5AWARJtznEIUIEpc?authuser=0&hl=ko&rclk=1,105,4.1
132,Japan,Nara,Irie Taikichi Historic Residence Museum,,,,,,https://www.google.com/maps/place/Irie+Taikichi+Historic+Residence+Museum/data=!4m7!3m6!1s0x600139854427c7b3:0xba8d30e2c14a5097!8m2!3d34.6869927!4d135.8366372!16s%2Fg%2F11bxdrrpfc!19sChIJs8cnRIU5AWARl1BKweIwjbo?authuser=0&hl=ko&rclk=1,105,4.2
133,Japan,Nara,가시와기 공원,,,,,,https://www.google.com/maps/place/%EA%B0%80%EC%8B%9C%EC%99%80%EA%B8%B0+%EA%B3%B5%EC%9B%90/data=!4m7!3m6!1s0x60013a5a5bbaa1ad:0x35f2019efc9f42e0!8m2!3d34.6667235!4d135.7961281!16s%2Fg%2F119vj3jgt!19sChIJraG6W1o6AWAR4EKf_J4B8jU?authuser=0&hl=ko&rclk=1,104,3.6
134,Japan,Nara,Aoba Falls,,,,,,https://www.google.com/maps/place/Aoba+Falls/data=!4m7!3m6!1s0x6006b2903ac5eab5:0xe7ab937ac66c7a6f!8m2!3d34.584279!4d136.045095!16s%2Fg%2F11c2mvn8tk!19sChIJterFOpCyBmARb3psxnqTq-c?authuser=0&hl=ko&rclk=1,100,3.9
135,Japan,Nara,Heijo Urban Park,,,,,,https://www.google.com/maps/place/Heijo+Urban+Park/data=!4m7!3m6!1s0x60013c7b98e627c3:0x657246c01e9cc8ac!8m2!3d34.7188749!4d135.7954513!16s%2Fg%2F119w47sz_!19sChIJwyfmmHs8AWARrMicHsBGcmU?authuser=0&hl=ko&rclk=1,100,3.8
136,Japan,Nara,평성궁 제이차대극전 터,,,,,,https://www.google.com/maps/place/%ED%8F%89%EC%84%B1%EA%B6%81+%EC%A0%9C%EC%9D%B4%EC%B0%A8%EB%8C%80%EA%B7%B9%EC%A0%84+%ED%84%B0/data=!4m7!3m6!1s0x60013ba308007415:0x95052f2afb364ccf!8m2!3d34.6921531!4d135.7971844!16s%2Fg%2F1ywqfxx0h!19sChIJFXQACKM7AWARz0w2-yovBZU?authuser=0&hl=ko&rclk=1,91,4.2
137,Japan,Nara,Mt. Kasuga Primeval Forest,,,,,국제전화번호: +81 742-27-8677 홈페이지: https://www3.pref.nara.jp/park/item/2587.htm,https://www.google.com/maps/place/?q=place_id:ChIJzdIgLz45AWARIT5ospLVqf8,90,4.5
138,Japan,Nara,원흥사 탑 터,,,,,,https://www.google.com/maps/place/%EC%9B%90%ED%9D%A5%EC%82%AC+%ED%83%91+%ED%84%B0/data=!4m7!3m6!1s0x6001398b72bdcad1:0x18c82af63526bbe2!8m2!3d34.6765437!4d135.8316075!16s%2Fg%2F1tgtfdky!19sChIJ0cq9cos5AWAR4rsmNfYqyBg?authuser=0&hl=ko&rclk=1,90,4.0
139,Japan,Nara,Kataoka Bairin,,,,,,https://www.google.com/maps/place/Kataoka+Bairin/data=!4m7!3m6!1s0x60013992689a3341:0x6b2045148cf327c8!8m2!3d34.6810824!4d135.8389779!16s%2Fg%2F11b7c60ms6!19sChIJQTOaaJI5AWARyCfzjBRFIGs?authuser=0&hl=ko&rclk=1,90,4.0
140,Japan,Nara,아사지가하라 원지,,,,,,https://www.google.com/maps/place/%EC%95%84%EC%82%AC%EC%A7%80%EA%B0%80%ED%95%98%EB%9D%BC+%EC%9B%90%EC%A7%80/data=!4m7!3m6!1s0x6001399237ed4963:0x76e9d8800c5594d7!8m2!3d34.6816651!4d135.8389923!16s%2Fg%2F11b7qcjnxl!19sChIJY0ntN5I5AWAR15RVDIDY6XY?authuser=0&hl=ko&rclk=1,90,4.1
141,Japan,Nara,Nara Higashi Park,"월, 화, 수, 목, 금, 토, 일: Open 24 hours",,,,국제전화번호: +81 72-622-8121 홈페이지: http://www.city.ibaraki.osaka.jp/kikou/kodomoikusei/kosodate/menu/etc/oyako/park25.html,https://www.google.com/maps/place/?q=place_id:ChIJK1JVqd7iAGARbFBTncA4lzk,83,3.9
142,Japan,Nara,Baraen,,,,,,https://www.google.com/maps/place/Baraen/data=!4m7!3m6!1s0x60012e3c247120a1:0x90b215a7102dac79!8m2!3d34.564006!4d135.738193!16s%2Fg%2F11fy9hb5h0!19sChIJoSBxJDwuAWAReawtEKcVspA?authuser=0&hl=ko&rclk=1,82,4.1
143,Japan,Nara,나라 문화재연구소 등원궁 터 자료관,,,,,,https://www.google.com/maps/place/%EB%82%98%EB%9D%BC+%EB%AC%B8%ED%99%94%EC%9E%AC%EC%97%B0%EA%B5%AC%EC%86%8C+%EB%93%B1%EC%9B%90%EA%B6%81+%ED%84%B0+%EC%9E%90%EB%A3%8C%EA%B4%80/data=!4m7!3m6!1s0x6006ccba77c44a75:0x828ace43686363!8m2!3d34.4976122!4d135.8149947!16s%2Fg%2F1v4psz1j!19sChIJdUrEd7rMBmARY2NoQ86KggA?authuser=0&hl=ko&rclk=1,81,4.0
144,Japan,Nara,Seireino Falls,,,,,,https://www.google.com/maps/place/Seireino+Falls/data=!4m7!3m6!1s0x6006b8bdafbd925d:0x863c760c59ac8d8c!8m2!3d34.3536461!4d135.9163502!16s%2Fg%2F11gb3y32f7!19sChIJXZK9r724BmARjI2sWQx2PIY?authuser=0&hl=ko&rclk=1,81,4.5
145,Japan,Nara,어드밴쳐랜드,,,,,,https://www.google.com/maps/place/%EC%96%B4%EB%93%9C%EB%B0%B4%EC%B3%90%EB%9E%9C%EB%93%9C/data=!4m7!3m6!1s0x6006e056dc8360ab:0x1eeacc0ff0eac794!8m2!3d34.1116328!4d135.6339388!16s%2Fg%2F1tflg5pl!19sChIJq2CD3FbgBmARlMfq8A_M6h4?authuser=0&hl=ko&rclk=1,79,3.7
146,Japan,Nara,星の広場展望デッキ,,,,,홈페이지: http://www.ikomasanjou.com/,https://www.google.com/maps/place/?q=place_id:ChIJ8VSNxO4jAWAR95TSXlJWXuo,74,4.3
147,Japan,Nara,Nara Prefectural Outdoor Activity Center,"월: 휴무; 화, 수, 목, 금, 토, 일: 09:00~17:15",,,,국제전화번호: +81 743-82-0508 홈페이지: http://www.pref.nara.jp/31607.htm,https://www.google.com/maps/place/?q=place_id:ChIJq66BKjdLAWARU_edP2xLnG8,73,3.9
148,Japan,Nara,Daijyo-in Temple Garden Cultural Hall,"월: 휴무; 화, 수, 목, 금, 토, 일: 09:00~17:00",,,,국제전화번호: +81 742-24-0808 홈페이지: https://www.narahotel.co.jp/daijyo_in_toha.html,https://www.google.com/maps/place/?q=place_id:ChIJ_0vC74w5AWAR35wKvqH2xDk,71,4.1
149,Japan,Nara,다몬 성 터,,,,,,https://www.google.com/maps/place/%EB%8B%A4%EB%AA%AC+%EC%84%B1+%ED%84%B0/data=!4m7!3m6!1s0x6001397f19aa1055:0xd469587d7a6f4faa!8m2!3d34.6943678!4d135.8314277!16s%2Fm%2F0nbgf52!19sChIJVRCqGX85AWARqk9ven1YadQ?authuser=0&hl=ko&rclk=1,69,3.4
150,Japan,Nara,다몬 성 터(Tamonjo Castle Site),"월, 화, 수, 목, 금, 토, 일: Open 24 hours",,,,국제전화번호: +81 742-26-3273 홈페이지: http://www.pref.nara.jp/miryoku/ikasu-nara/naranoshiro/tamonjo/,https://www.google.com/maps/place/?q=place_id:ChIJVRCqGX85AWARqk9ven1YadQ,69,3.4
151,Japan,Nara,Momoono Falls,,,,,,https://www.google.com/maps/place/?q=place_id:ChIJwwsMXtA1AWARpX-qCT-Rzy4,66,4.5
152,Japan,Nara,Nara City Museum of Art,"월: 휴무; 화, 수, 목, 금, 토, 일: 10:00~17:30",,,,국제전화번호: +81 742-30-1510 홈페이지: https://ncmoa.art/,https://www.google.com/maps/place/?q=place_id:ChIJqSusDrE7AWARkLqYLsQYM8Y,66,3.7
153,Japan,Nara,나라마치 정보관,,,,,,https://www.google.com/maps/place/%EB%82%98%EB%9D%BC%EB%A7%88%EC%B9%98+%EC%A0%95%EB%B3%B4%EA%B4%80/data=!4m7!3m6!1s0x6001398bd23f5395:0xcd4121536b99e757!8m2!3d34.678352!4d135.83057!16s%2Fg%2F1tgw4ym7!19sChIJlVM_0os5AWARV-eZa1MhQc0?authuser=0&hl=ko&rclk=1,59,3.7
154,Japan,Nara,우와나베고분(Uwanabe Kofun),"월, 화, 수, 목, 금, 토, 일: Open 24 hours",,,,국제전화번호: +81 744-22-3338 홈페이지: https://narashikanko.or.jp/spot/remain/uwanabe-konabe/,https://www.google.com/maps/place/?q=place_id:ChIJIUjjf8A7AWARsYxJvOrONAo,57,4.2
155,Japan,Nara,Nara Higashimuki Shopping Street,"월, 화, 수, 목, 금, 토, 일: 10:00~20:00",,,,,https://www.google.com/maps/place/?q=place_id:ChIJ__9klIc5AWARRsRdBQENDH4,55,3.9
156,Japan,Nara,"Nagareyama Tumulus, Nationally Designated Historic Site",,,,,,"https://www.google.com/maps/place/Nagareyama+Tumulus,+Nationally+Designated+Historic+Site/data=!4m7!3m6!1s0x60012e1588dde023:0xee67c9cac91f7088!8m2!3d34.5600306!4d135.7362066!16s%2Fg%2F1pxx_xwpz!19sChIJI-DdiBUuAWARiHAfycrJZ-4?authuser=0&hl=ko&rclk=1",55,4.1
157,Japan,Nara,Tsubai Market,,,,,,https://www.google.com/maps/place/?q=place_id:ChIJk3fyjSc6AWARQS_-6GA1yyY,52,4.2
158,Japan,Nara,Shimononegi-michi Pathway,,,,,,https://www.google.com/maps/place/Shimononegi-michi+Pathway/data=!4m7!3m6!1s0x600139ea9334285b:0xa10260220ae0d843!8m2!3d34.6798018!4d135.8457921!16s%2Fg%2F11b6pxx0rp!19sChIJWyg0k-o5AWARQ9jgCiJgAqE?authuser=0&hl=ko&rclk=1,51,4.4
159,Japan,Nara,Nara Beach,,,,,,https://www.google.com/maps/place/?q=place_id:ChIJW0Q0xINKNUERHZsO9xqHcSk,51,4.7
160,Japan,Nara,The Rooftop of Nara Prefecture Office,"월, 화, 수, 목, 금: 08:30~17:30; 토, 일: 01:00~17:00",,,,국제전화번호: +81 742-27-8406 홈페이지: http://www.pref.nara.jp/4203.htm,https://www.google.com/maps/place/?q=place_id:ChIJ-7Pr4YU5AWARGdpNnKg_UOs,51,4.5
161,Japan,Nara,우네메 신사,,,,,,https://www.google.com/maps/place/%EC%9A%B0%EB%84%A4%EB%A9%94+%EC%8B%A0%EC%82%AC/data=!4m7!3m6!1s0x600139885fad01e7:0x91f238ea8cfb6160!8m2!3d34.6818774!4d135.8302215!16s%2Fg%2F11bwd_x8lc!19sChIJ5wGtX4g5AWARYGH7jOo48pE?authuser=0&hl=ko&rclk=1,50,3.7
162,Japan,Nara,Naramachi,,,,,,https://www.google.com/maps/place/?q=place_id:ChIJp9ocVdE5AWARg5lsZqlUc2c,50,4.2
163,Japan,Nara,ひつじがいる池（長池）,,,,,,https://www.google.com/maps/place/%E3%81%B2%E3%81%A4%E3%81%98%E3%81%8C%E3%81%84%E3%82%8B%E6%B1%A0%EF%BC%88%E9%95%B7%E6%B1%A0%EF%BC%89/data=!4m7!3m6!1s0x60012dcd1a14871d:0x3b6f73b0ed565e05!8m2!3d34.5214224!4d135.7151356!16s%2Fg%2F11g7z09h14!19sChIJHYcUGs0tAWARBV5W7bBzbzs?authuser=0&hl=ko&rclk=1,49,3.8
164,Japan,Nara,Ando Town Museum of History,,,,,,https://www.google.com/maps/place/Ando+Town+Museum+of+History/data=!4m7!3m6!1s0x6001302269753b19:0xd1a3ce52609fc766!8m2!3d34.604852!4d135.758333!16s%2Fg%2F121zphzq!19sChIJGTt1aSIwAWARZsefYFLOo9E?authuser=0&hl=ko&rclk=1,43,3.9
165,Japan,Nara,Uda City Urban Park,,,,,,https://www.google.com/maps/place/Uda+City+Urban+Park/data=!4m7!3m6!1s0x6006b584d98457bf:0xe54c9765a06aa736!8m2!3d34.5527864!4d135.9761849!16s%2Fg%2F11j4q1214r!19sChIJv1eE2YS1BmARNqdqoGWXTOU?authuser=0&hl=ko&rclk=1,40,4.1
166,Japan,Nara,Tree-lined trail with thousands of Japanese Cherry,,,,,,https://www.google.com/maps/place/Tree-lined+trail+with+thousands+of+Japanese+Cherry/data=!4m7!3m6!1s0x600125e73c53a1b1:0xafc2ab38f7beb37c!8m2!3d34.6052248!4d135.6821005!16s%2Fg%2F11b7jwktds!19sChIJsaFTPOclAWARfLO-9zirwq8?authuser=0&hl=ko&rclk=1,38,3.8
167,Japan,Nara,나카노 미술관(Nakano Museum of Art),"월: 휴무; 화, 수, 목, 금, 토, 일: 10:00~16:00",,,,국제전화번호: +81 742-48-1167 홈페이지: http://www.nakano-museum.jp/,https://www.google.com/maps/place/?q=place_id:ChIJ-ZO7Dqo8AWARcSRrxcnA4mM,37,3.9
168,Japan,Nara,나카노 미술관,,,,,,https://www.google.com/maps/place/%EB%82%98%EC%B9%B4%EB%85%B8+%EB%AF%B8%EC%88%A0%EA%B4%80/data=!4m7!3m6!1s0x60013caa0ebb93f9:0x63e2c0c9c56b2471!8m2!3d34.6942388!4d135.7560094!16s%2Fg%2F120_4lry!19sChIJ-ZO7Dqo8AWARcSRrxcnA4mM?authuser=0&hl=ko&rclk=1,37,3.9
169,Japan,Nara,Murou Lake,,,,,,https://www.google.com/maps/place/Murou+Lake/data=!4m7!3m6!1s0x6006b38558e1245f:0xf3db781cf3165b6b!8m2!3d34.5504003!4d135.9973466!16s%2Fg%2F11byl9b853!19sChIJXyThWIWzBmARa1sW8xx42_M?authuser=0&hl=ko&rclk=1,36,3.9
170,Japan,Nara,Nara Ikaruga Tourism Waikaru,,,,,,https://www.google.com/maps/place/Nara+Ikaruga+Tourism+Waikaru/data=!4m7!3m6!1s0x60012f8ced5e84c5:0xdfcfee71240c0f13!8m2!3d34.612507!4d135.7426865!16s%2Fg%2F11gyccx1zd!19sChIJxYRe7YwvAWAREw8MJHHuz98?authuser=0&hl=ko&rclk=1,35,4.8
171,Japan,Nara,나라사카노에 릉(반지원황후릉)(Hishiage Kofun),"월, 화, 수, 목, 금, 토, 일: Open 24 hours",,,,국제전화번호: +81 742-34-1111 홈페이지: http://www.city.nara.lg.jp/www/contents/1182152154399/index.html,https://www.google.com/maps/place/?q=place_id:ChIJy2nH4Zg7AWAR50GnwdjKO9A,34,3.8
172,Japan,Nara,Remains of Takayama-jo Castle.,,,,,,https://www.google.com/maps/place/Remains+of+Takayama-jo+Castle./data=!4m7!3m6!1s0x6001187b5fd12f79:0xde44abb5b177db22!8m2!3d34.7562215!4d135.7190632!16s%2Fg%2F11ghzllj7j!19sChIJeS_RX3sYAWARItt3sbWrRN4?authuser=0&hl=ko&rclk=1,31,3.5
173,Japan,Nara,Mount Wakakusa base North Gate,"월, 화, 수, 목, 금, 토, 일: 09:00~17:00",,,,국제전화번호: +81 742-22-0375 홈페이지: https://www3.pref.nara.jp/park/,https://www.google.com/maps/place/?q=place_id:ChIJH1T1POI5AWARzQ3lRo-IfAE,30,4.1
174,Japan,Nara,Araike Enchi,,,,,,https://www.google.com/maps/place/Araike+Enchi/data=!4m7!3m6!1s0x6001395013fc17cb:0xf1683c2709c84def!8m2!3d34.68026!4d135.8368861!16s%2Fg%2F11fklrj7gy!19sChIJyxf8E1A5AWAR703ICSc8aPE?authuser=0&hl=ko&rclk=1,30,4.5
175,Japan,Nara,Nara Park Management Office,"월, 화, 수, 목, 금: 08:30~17:00; 토, 일: 휴무",,,,국제전화번호: +81 742-22-0375 홈페이지: http://www.pref.nara.jp/1713.htm,https://www.google.com/maps/place/?q=place_id:ChIJizn7goQ5AWARvz97HcqfAao,29,3.8
176,Japan,Nara,Fudo Falls,,,,,,https://www.google.com/maps/place/Fudo+Falls/data=!4m7!3m6!1s0x6006a0ae8e07671d:0x7579737716ee070a!8m2!3d34.460715!4d136.2025538!16s%2Fg%2F11fylvhywk!19sChIJHWcHjq6gBmARCgfuFndzeXU?authuser=0&hl=ko&rclk=1,29,4.4
177,Japan,Nara,奈良県平群町信貴生駒スカイライン,,,,,,https://www.google.com/maps/place/%E5%A5%88%E8%89%AF%E7%9C%8C%E5%B9%B3%E7%BE%A4%E7%94%BA%E4%BF%A1%E8%B2%B4%E7%94%9F%E9%A7%92%E3%82%B9%E3%82%AB%E3%82%A4%E3%83%A9%E3%82%A4%E3%83%B3/data=!4m7!3m6!1s0x60012153f9cf2931:0x86e0dab3b7eaa700!8m2!3d34.6593113!4d135.6714371!16s%2Fg%2F11hcdxmgcf!19sChIJMSnP-VMhAWARAKfqt7Pa4IY?authuser=0&hl=ko&rclk=1,29,3.6
178,Japan,Nara,Site of the Pagoda of Kose Temple,,,,,,https://www.google.com/maps/place/Site+of+the+Pagoda+of+Kose+Temple/data=!4m7!3m6!1s0x6006cd8ab8ad0d95:0x751a26dd6a8cb2be!8m2!3d34.4253939!4d135.7527235!16s%2Fg%2F1228fq8z!19sChIJlQ2tuIrNBmARvrKMat0mGnU?authuser=0&hl=ko&rclk=1,29,3.7
179,Japan,Nara,Nara Park,"월, 화, 수, 목, 금, 토, 일: Open 24 hours",,,,국제전화번호: +81 48-646-3179,https://www.google.com/maps/place/?q=place_id:ChIJUdRoRszFGGARk80wA38CmHA,28,3.3
180,Japan,Nara,Ruin of Kataoka castle,"월, 화, 수, 목, 금, 토, 일: Open 24 hours",,,,,https://www.google.com/maps/place/?q=place_id:ChIJS06R7g4vAWARJuEraOjA9WE,27,3.0
181,Japan,Nara,奈良県高市郡高取城 天守跡,,,,,,https://www.google.com/maps/place/%E5%A5%88%E8%89%AF%E7%9C%8C%E9%AB%98%E5%B8%82%E9%83%A1%E9%AB%98%E5%8F%96%E5%9F%8E+%E5%A4%A9%E5%AE%88%E8%B7%A1/data=!4m7!3m6!1s0x6006ceb32f29d3c9:0xf0d15868cb1907db!8m2!3d34.4291823!4d135.8276007!16s%2Fg%2F11bzwnwxl3!19sChIJydMpL7POBmAR2wcZy2hY0fA?authuser=0&hl=ko&rclk=1,27,4.4
182,Japan,Nara,Sagiike pond,"월, 화, 수, 목, 금, 토, 일: Open 24 hours",,,,,https://www.google.com/maps/place/?q=place_id:ChIJHZxG6Wg5AWARP7zIZhZC8lg,26,4.5
183,Japan,Nara,Historical Materials Preservation House,,,,,,https://www.google.com/maps/place/Historical+Materials+Preservation+House/data=!4m7!3m6!1s0x6001398a228fa399:0xaa554e3852e0ef42!8m2!3d34.6777549!4d135.8291784!16s%2Fg%2F1tf35w7c!19sChIJmaOPIoo5AWARQu_gUjhOVao?authuser=0&hl=ko&rclk=1,25,3.6
184,Japan,Nara,Saijobo Waterfall,"월, 화, 수, 목, 금, 토, 일: Open 24 hours",,,,,https://www.google.com/maps/place/?q=place_id:ChIJQ38JRpOvBmARApSH441IPMk,23,4.4
185,Japan,Nara,Toreshaki Market,,,,,,https://www.google.com/maps/place/Toreshaki+Market/data=!4m7!3m6!1s0x60014b58a56608c7:0xbd4846b32d111905!8m2!3d34.6109087!4d135.9629224!16s%2Fg%2F11lg38v1fj!19sChIJxwhmpVhLAWARBRkRLbNGSL0?authuser=0&hl=ko&rclk=1,23,3.8
186,Japan,Nara,ムノ峯上池（矢田丘陵遊歩道）,,,,,,https://www.google.com/maps/place/%E3%83%A0%E3%83%8E%E5%B3%AF%E4%B8%8A%E6%B1%A0%EF%BC%88%E7%9F%A2%E7%94%B0%E4%B8%98%E9%99%B5%E9%81%8A%E6%AD%A9%E9%81%93%EF%BC%89/data=!4m7!3m6!1s0x6001230b2c9beb33:0xd0b5b3b5d1545c27!8m2!3d34.6940376!4d135.716892!16s%2Fg%2F11hbprm8vz!19sChIJM-ubLAsjAWARJ1xU0bWztdA?authuser=0&hl=ko&rclk=1,22,3.7
187,Japan,Nara,ニンジャ☆パーク奈良店,"월, 화, 수, 목, 금, 토, 일: 10:00~20:00",,,,국제전화번호: +81 742-95-9909 홈페이지: https://ninjapark.net/nara/,https://www.google.com/maps/place/?q=place_id:ChIJL2yxP0U7AWARM6_KvCJrMaQ,21,2.8
188,Japan,Nara,月日亭休憩舎,,,,,,https://www.google.com/maps/place/%E6%9C%88%E6%97%A5%E4%BA%AD%E4%BC%91%E6%86%A9%E8%88%8E/data=!4m7!3m6!1s0x600139bf4e641f27:0xea859845faf7e5e8!8m2!3d34.6844814!4d135.8513576!16s%2Fg%2F11dxs3xxn4!19sChIJJx9kTr85AWAR6OX3-kWYheo?authuser=0&hl=ko&rclk=1,20,4.2
189,Japan,Nara,나라문화재연구소(Nara National Research Institute for Cultural Properties),"월, 화, 수, 목, 금: 08:30~17:00; 토, 일: 휴무",,,,국제전화번호: +81 742-30-6733 홈페이지: https://www.nabunken.go.jp/,https://www.google.com/maps/place/?q=place_id:ChIJlW7-InU7AWARGUOqMXP0BLU,19,3.9
190,Japan,Nara,나라문화재연구소,,,,,,https://www.google.com/maps/place/%EB%82%98%EB%9D%BC%EB%AC%B8%ED%99%94%EC%9E%AC%EC%97%B0%EA%B5%AC%EC%86%8C/data=!4m7!3m6!1s0x60013b7522fe6e95:0xb504f47331aa4319!8m2!3d34.6915932!4d135.7883108!16zL20vMDlqdjJ4!19sChIJlW7-InU7AWARGUOqMXP0BLU?authuser=0&hl=ko&rclk=1,19,3.9
191,Japan,Nara,Tosekino Falls,,,,,,https://www.google.com/maps/place/?q=place_id:ChIJryd_nU2lBmARPW6aqaDKI_g,18,4.5
192,Japan,Nara,Nunome Lake,,,,,,https://www.google.com/maps/place/Nunome+Lake/data=!4m7!3m6!1s0x60014f2acb1f8099:0xd553bed2b407769b!8m2!3d34.6910701!4d135.9794897!16s%2Fg%2F11b8vbyjvk!19sChIJmYAfyypPAWARm3YHtNK-U9U?authuser=0&hl=ko&rclk=1,17,4.1
193,Japan,Nara,라군(Lagoon),,,,,홈페이지: https://www.usj.co.jp/web/ja/jp,https://www.google.com/maps/place/?q=place_id:ChIJay289O_pAGAROa0T2Vn2PJk,17,4.4
194,Japan,Nara,明治天皇玉座跡,,,,,,https://www.google.com/maps/place/%E6%98%8E%E6%B2%BB%E5%A4%A9%E7%9A%87%E7%8E%89%E5%BA%A7%E8%B7%A1/data=!4m7!3m6!1s0x60013993a267a76f:0x73640d4d10c371a9!8m2!3d34.6817049!4d135.8409586!16s%2Fg%2F11f4ppk07v!19sChIJb6dnopM5AWARqXHDEE0NZHM?authuser=0&hl=ko&rclk=1,17,4.1
195,Japan,Nara,鹿サポーターズクラブ,,,,,,https://www.google.com/maps/place/%E9%B9%BF%E3%82%B5%E3%83%9D%E3%83%BC%E3%82%BF%E3%83%BC%E3%82%BA%E3%82%AF%E3%83%A9%E3%83%96/data=!4m7!3m6!1s0x60013989204b772f:0xa3174947ecabe0e0!8m2!3d34.6818898!4d135.8308572!16s%2Fg%2F11bx1sr79q!19sChIJL3dLIIk5AWAR4OCr7EdJF6M?authuser=0&hl=ko&rclk=1,17,4.1
196,Japan,Nara,Japan Tour Adventure in Nara,"월, 화, 수, 목, 금, 토, 일: 09:00~17:00",,,,국제전화번호: +81 80-3852-9396 홈페이지: http://www.japantouradventure.com/,https://www.google.com/maps/place/?q=place_id:ChIJPZ5Wv707AWARrKI8NGZNf0c,17,4.9
197,Japan,Nara,旧奈良市水道 奈良阪水道計量器室,,,,,,https://www.google.com/maps/place/%E6%97%A7%E5%A5%88%E8%89%AF%E5%B8%82%E6%B0%B4%E9%81%93+%E5%A5%88%E8%89%AF%E9%98%AA%E6%B0%B4%E9%81%93%E8%A8%88%E9%87%8F%E5%99%A8%E5%AE%A4/data=!4m7!3m6!1s0x60013979000f7d05:0x3c7c63a3fbf8de31!8m2!3d34.6965224!4d135.8350669!16s%2Fg%2F11c6tgrfnq!19sChIJBX0PAHk5AWARMd74-6NjfDw?authuser=0&hl=ko&rclk=1,16,4.1
198,Japan,Nara,Taharayamasato Market,,,,,,https://www.google.com/maps/place/Taharayamasato+Market/data=!4m7!3m6!1s0x600137b347b276b7:0x3cc0587cad719a9a!8m2!3d34.6553683!4d135.9010676!16s%2Fg%2F11ny1pyx58!19sChIJt3ayR7M3AWARmppxrXxYwDw?authuser=0&hl=ko&rclk=1,16,3.9
199,Japan,Nara,UNESCO World Heritage Monument - Kasuga-taisha Grand Shrine,,,,,,https://www.google.com/maps/place/UNESCO+World+Heritage+Monument+-+Kasuga-taisha+Grand+Shrine/data=!4m7!3m6!1s0x600139044535d71b:0x52ed6a34eb99d625!8m2!3d34.6808678!4d135.8467928!16s%2Fg%2F11j1_gn5cm!19sChIJG9c1RQQ5AWARJdaZ6zRq7VI?authuser=0&hl=ko&rclk=1,14,4.4
200,Japan,Nara,Minakami Pond,,,,,,https://www.google.com/maps/place/Minakami+Pond/data=!4m7!3m6!1s0x60013b97a40e15c7:0xa6c3710952bde3e2!8m2!3d34.6982668!4d135.8015814!16s%2Fg%2F1tmy4zkb!19sChIJxxUOpJc7AWAR4uO9Uglxw6Y?authuser=0&hl=ko&rclk=1,14,4.6
201,Japan,Nara,Ensotei House,,,,,,https://www.google.com/maps/place/Ensotei+House/data=!4m7!3m6!1s0x6001395936f5f379:0x54ca252a1132796d!8m2!3d34.6824054!4d135.8438284!16s%2Fg%2F11h1080knq!19sChIJefP1Nlk5AWARbXkyESolylQ?authuser=0&hl=ko&rclk=1,14,4.3
202,Japan,Nara,Yata Hill Hiking Trailhead,,,,,,https://www.google.com/maps/place/Yata+Hill+Hiking+Trailhead/data=!4m7!3m6!1s0x60012370a5ec0b41:0x6a5b1d4db722342f!8m2!3d34.686597!4d135.7195877!16s%2Fg%2F11h9wff2cr!19sChIJQQvspXAjAWARLzQit00dW2o?authuser=0&hl=ko&rclk=1,13,3.8
203,Japan,Nara,TACHIHI BEACH NARA,"월, 화: 휴무; 수, 목, 금, 토, 일: 10:00~21:00",,,,국제전화번호: +81 742-81-8727 홈페이지: https://www.nara-tachihibeach.com/,https://www.google.com/maps/place/?q=place_id:ChIJ8wcbcS87AWARx1auJJfhk5w,11,3.5
204,Japan,Nara,Kazusara Falls,,,,,,https://www.google.com/maps/place/Kazusara+Falls/data=!4m7!3m6!1s0x6006bc982c3f66f3:0xc93816dec23a09e5!8m2!3d34.3823344!4d136.0350926!16s%2Fg%2F11f0l03rhd!19sChIJ82Y_LJi8BmAR5Qk6wt4WOMk?authuser=0&hl=ko&rclk=1,11,4.5
205,Japan,Nara,Nara Prefecture Visitors Bureau,"월, 화, 수, 목, 금: 09:00~17:45; 토, 일: 휴무",,,,국제전화번호: +81 742-23-8288 홈페이지: http://www.nara-kankou.or.jp/,https://www.google.com/maps/place/?q=place_id:ChIJcZ8PoYc5AWAR_up-KeaJJ_8,10,4.4
206,Japan,Nara,Ara Pond,,,,,,https://www.google.com/maps/place/Ara+Pond/data=!4m7!3m6!1s0x6001398c2760ed95:0xc4c19d1b87e91e4a!8m2!3d34.6802396!4d135.8358345!16s%2Fg%2F11g6ysctck!19sChIJle1gJ4w5AWARSh7phxudwcQ?authuser=0&hl=ko&rclk=1,10,3.9
207,Japan,Nara,Yamato-hyakusai Todaiji,,,,,,https://www.google.com/maps/place/Yamato-hyakusai+Todaiji/data=!4m7!3m6!1s0x60013991a5015113:0xe2804e32f290ab06!8m2!3d34.6842338!4d135.8389846!16s%2Fg%2F1v9lbpdj!19sChIJE1EBpZE5AWARBquQ8jJOgOI?authuser=0&hl=ko&rclk=1,10,3.9
208,Japan,Nara,Naramachi Historic District,,,,,,https://www.google.com/maps/place/Naramachi+Historic+District/data=!4m7!3m6!1s0x600139919319810b:0x596ab4cea78b1ffd!8m2!3d34.6771778!4d135.8304459!16s%2Fg%2F11h_4n0nmh!19sChIJC4EZk5E5AWAR_R-Lp860alk?authuser=0&hl=ko&rclk=1,9,4.8
209,Japan,Nara,Myojin Falls,,,,,,https://www.google.com/maps/place/?q=place_id:ChIJ4bTQ6tGbBmARSFksd6ICBmI,9,4.8
210,Japan,Nara,Stone monument of Saigoku nine Banminamiendo,,,,,,https://www.google.com/maps/place/Stone+monument+of+Saigoku+nine+Banminamiendo/data=!4m7!3m6!1s0x60013986343526bb:0xb4fb216accca66ea!8m2!3d34.6842627!4d135.8305772!16s%2Fg%2F11g893x63m!19sChIJuyY1NIY5AWAR6mbKzGoh-7Q?authuser=0&hl=ko&rclk=1,8,3.6
211,Japan,Nara,법화사 법락원,,,,,,https://www.google.com/maps/place/%EB%B2%95%ED%99%94%EC%82%AC+%EB%B2%95%EB%9D%BD%EC%9B%90/data=!4m7!3m6!1s0x60013b13e66bd4ef:0x8cadd32fe9d02ba9!8m2!3d34.6921633!4d135.8051331!16s%2Fg%2F11g19plckc!19sChIJ79Rr5hM7AWARqSvQ6S_TrYw?authuser=0&hl=ko&rclk=1,8,3.8
212,Japan,Nara,Mahoroba Lake,,,,,,https://www.google.com/maps/place/Mahoroba+Lake/data=!4m7!3m6!1s0x6006b5523ecad781:0x77e4bc6d54e2e88e!8m2!3d34.5458042!4d135.9128825!16s%2Fg%2F11c3q55bvg!19sChIJgdfKPlK1BmARjujiVG285Hc?authuser=0&hl=ko&rclk=1,8,4.1
213,Japan,Nara,Chayama-enchi,,,,,,https://www.google.com/maps/place/Chayama-enchi/data=!4m7!3m6!1s0x600139967e2931f9:0x8bd9cecadefff1fa!8m2!3d34.6850402!4d135.845216!16s%2Fg%2F11hcdvf0pm!19sChIJ-TEpfpY5AWAR-vH_3srO2Ys?authuser=0&hl=ko&rclk=1,8,4.8
214,Japan,Nara,인덕천황 시가비,,,,,,https://www.google.com/maps/place/%EC%9D%B8%EB%8D%95%EC%B2%9C%ED%99%A9+%EC%8B%9C%EA%B0%80%EB%B9%84/data=!4m7!3m6!1s0x6001399032765e4b:0x157772db17da9cf7!8m2!3d34.6846484!4d135.8380673!16s%2Fg%2F11f08jy76r!19sChIJS152MpA5AWAR95zaF9tydxU?authuser=0&hl=ko&rclk=1,7,4.3
215,Japan,Nara,평성궁지보존기념비,,,,,,https://www.google.com/maps/place/%ED%8F%89%EC%84%B1%EA%B6%81%EC%A7%80%EB%B3%B4%EC%A1%B4%EA%B8%B0%EB%85%90%EB%B9%84/data=!4m7!3m6!1s0x60013ba51030a39b:0x993983588a201118!8m2!3d34.6878085!4d135.7976735!16s%2Fg%2F11f3zh6db_!19sChIJm6MwEKU7AWARGBEgiliDOZk?authuser=0&hl=ko&rclk=1,7,4.6
216,Japan,Nara,Mount Kunimi-yama,,,,,,https://www.google.com/maps/place/Mount+Kunimi-yama/data=!4m7!3m6!1s0x6001361f786d638d:0x6e33996f4c50b6a!8m2!3d34.634637!4d135.901554!16s%2Fg%2F11dxc12ftd!19sChIJjWNteB82AWARagvF9JY54wY?authuser=0&hl=ko&rclk=1,7,4.1
217,Japan,Nara,Mt. Wakakusa Rest Shelter,,,,,,https://www.google.com/maps/place/Mt.+Wakakusa+Rest+Shelter/data=!4m7!3m6!1s0x600139fae67db4c9:0xece2df5cab1c1d76!8m2!3d34.6856327!4d135.8466322!16s%2Fg%2F11ft3fqrp1!19sChIJybR95vo5AWARdh0cq1zf4uw?authuser=0&hl=ko&rclk=1,7,4.9
218,Japan,Nara,上の禰宜道,,,,,,https://www.google.com/maps/place/%E4%B8%8A%E3%81%AE%E7%A6%B0%E5%AE%9C%E9%81%93/data=!4m7!3m6!1s0x6001399dbb82a7bd:0xb68b74ef1d6ccafb!8m2!3d34.6781023!4d135.8487109!16s%2Fg%2F11jzzxxln6!19sChIJvaeCu505AWAR-8psHe90i7Y?authuser=0&hl=ko&rclk=1,7,4.6
219,Japan,Nara,奈良市観光協会,,,,,,https://www.google.com/maps/place/%E5%A5%88%E8%89%AF%E5%B8%82%E8%A6%B3%E5%85%89%E5%8D%94%E4%BC%9A/data=!4m7!3m6!1s0x60013b62c1e02a93:0x8579a875f8b1da13!8m2!3d34.6816896!4d135.8186457!16s%2Fg%2F11fk14q0vk!19sChIJkyrgwWI7AWARE9qx-HWoeYU?authuser=0&hl=ko&rclk=1,6,3.3
220,Japan,Nara,Kaerumata Pond,,,,,,https://www.google.com/maps/place/Kaerumata+Pond/data=!4m7!3m6!1s0x60013b56149429d9:0x2a6374bed1ed930b!8m2!3d34.693868!4d135.7600953!16s%2Fg%2F11btyvb7dz!19sChIJ2SmUFFY7AWARC5Pt0b50Yyo?authuser=0&hl=ko&rclk=1,6,4.0
221,Japan,Nara,Biwano Falls,,,,,,https://www.google.com/maps/place/Biwano+Falls/data=!4m7!3m6!1s0x6006be3b86a8539b:0x37680861502b6c63!8m2!3d34.2951032!4d135.9559962!16s%2Fg%2F11fylvh11k!19sChIJm1Oohju-BmARY2wrUGEIaDc?authuser=0&hl=ko&rclk=1,6,4.0
222,Japan,Nara,Kujirano Falls,,,,,,https://www.google.com/maps/place/Kujirano+Falls/data=!4m7!3m6!1s0x60012cc78b3c4fc7:0x435f6640dafa76fd!8m2!3d34.4622662!4d135.6954682!16s%2Fg%2F11fylv5mjm!19sChIJx088i8csAWAR_Xb62kBmX0M?authuser=0&hl=ko&rclk=1,6,3.8
223,Japan,Nara,만엽의 낙원,,,,,,https://www.google.com/maps/place/%EB%A7%8C%EC%97%BD%EC%9D%98+%EB%82%99%EC%9B%90/data=!4m7!3m6!1s0x600135e85d5fb425:0x47957005a73a2507!8m2!3d34.5456828!4d135.8522767!16s%2Fg%2F11g0hxwy8s!19sChIJJbRfXeg1AWARByU6pwVwlUc?authuser=0&hl=ko&rclk=1,6,4.0
224,Japan,Nara,Prefectural Tsukigase-Konosan Natural Park 県立月ヶ瀬神野山自然公園,,,,,,https://www.google.com/maps/place/Prefectural+Tsukigase-Konosan+Natural+Park+%E7%9C%8C%E7%AB%8B%E6%9C%88%E3%83%B6%E7%80%AC%E7%A5%9E%E9%87%8E%E5%B1%B1%E8%87%AA%E7%84%B6%E5%85%AC%E5%9C%92/data=!4m7!3m6!1s0x60014e9862227677:0xe1162b76c24aba1c!8m2!3d34.669204!4d135.9979013!16s%2Fg%2F119t8896v!19sChIJd3YiYphOAWARHLpKwnYrFuE?authuser=0&hl=ko&rclk=1,6,4.2
225,Japan,Nara,おとたま きぃくら,,,,,,https://www.google.com/maps/place/%E3%81%8A%E3%81%A8%E3%81%9F%E3%81%BE+%E3%81%8D%E3%81%83%E3%81%8F%E3%82%89/data=!4m7!3m6!1s0x6006d104edf5fa41:0xc02ba32770725ad9!8m2!3d34.3557436!4d135.7064989!16s%2Fg%2F11f501rygg!19sChIJQfr17QTRBmAR2VpycCejK8A?authuser=0&hl=ko&rclk=1,5,3.8
226,Japan,Nara,O Pond,,,,,,https://www.google.com/maps/place/O+Pond/data=!4m7!3m6!1s0x60013ae2fd0a61cf:0xe3afcaad648aafba!8m2!3d34.6665539!4d135.7784632!16s%2Fg%2F11byl4r2y7!19sChIJz2EK_eI6AWARuq-KZK3Kr-M?authuser=0&hl=ko&rclk=1,5,4.8
227,Japan,Nara,Yamada Castle Ruins (Nara),,,,,,https://www.google.com/maps/place/Yamada+Castle+Ruins+%28Nara%29/data=!4m7!3m6!1s0x60014b7fd9d7d30d:0xefa96ac269ea9f6d!8m2!3d34.627202!4d135.935379!16s%2Fg%2F121zph_x!19sChIJDdPX2X9LAWARbZ_qacJqqe8?authuser=0&hl=ko&rclk=1,5,3.6
228,Japan,Nara,Dear Gallery NARA,,,,,,https://www.google.com/maps/place/Dear+Gallery+NARA/data=!4m7!3m6!1s0x60013beb20523adf:0x868b10ca5e659714!8m2!3d34.6789619!4d135.8278753!16s%2Fg%2F11kgpb2q35!19sChIJ3zpSIOs7AWARFJdlXsoQi4Y?authuser=0&hl=ko&rclk=1,5,4.6
229,Japan,Nara,Kitamura Castle Ruins,,,,,,https://www.google.com/maps/place/Kitamura+Castle+Ruins/data=!4m7!3m6!1s0x6001387dcaf7833f:0xab5b0bd354e5136e!8m2!3d34.7199214!4d135.897848!16s%2Fg%2F11bzq4p9m2!19sChIJP4P3yn04AWARbhPlVNMLW6s?authuser=0&hl=ko&rclk=1,5,2.4
230,Japan,Nara,Ringo-no-niwa Garden,,,,,,https://www.google.com/maps/place/Ringo-no-niwa+Garden/data=!4m7!3m6!1s0x6001392fd50f4ff7:0xfe0dc624a5d1c7b7!8m2!3d34.681345!4d135.8483519!16s%2Fg%2F11rsh5fqdr!19sChIJ908P1S85AWARt8fRpSTGDf4?authuser=0&hl=ko&rclk=1,4,4.3
231,Japan,Nara,Yaichi Aizu monument,,,,,,https://www.google.com/maps/place/Yaichi+Aizu+monument/data=!4m7!3m6!1s0x600139e9ea67f725:0x2c10e55601b434d6!8m2!3d34.6758408!4d135.8459567!16s%2Fg%2F11g728rd1n!19sChIJJfdn6uk5AWAR1jS0AVblECw?authuser=0&hl=ko&rclk=1,4,3.5
232,Japan,Nara,Fudono Falls,,,,,,https://www.google.com/maps/place/Fudono+Falls/data=!4m7!3m6!1s0x60012cb77ee4f54f:0xdadd8cf62d32f8d0!8m2!3d34.4596623!4d135.6927341!16s%2Fg%2F11fylvgg_d!19sChIJT_XkfrcsAWAR0PgyLfaM3do?authuser=0&hl=ko&rclk=1,4,4.3
233,Japan,Nara,東海自然歩道,,,,,,https://www.google.com/maps/place/%E6%9D%B1%E6%B5%B7%E8%87%AA%E7%84%B6%E6%AD%A9%E9%81%93/data=!4m7!3m6!1s0x6001498ba6a936fd:0x98428ad9b13d1245!8m2!3d34.6884819!4d135.9067024!16s%2Fg%2F11j7b_yygj!19sChIJ_TappotJAWARRRI9sdmKQpg?authuser=0&hl=ko&rclk=1,3,4.0
234,Japan,Nara,Poetry Monument of Abe no Nakamaro,,,,,,https://www.google.com/maps/place/Poetry+Monument+of+Abe+no+Nakamaro/data=!4m7!3m6!1s0x600139b0d09e4105:0x90c4af5980b454a7!8m2!3d34.6815862!4d135.847682!16s%2Fg%2F11j7xbcfcs!19sChIJBUGe0LA5AWARp1S0gFmvxJA?authuser=0&hl=ko&rclk=1,3,5.0
235,Japan,Nara,Nara Bike Tour,,,,,,https://www.google.com/maps/place/Nara+Bike+Tour/data=!4m7!3m6!1s0x600139daa6059bb5:0x6bc47a5bc0ccc72c!8m2!3d34.6853675!4d135.8288632!16s%2Fg%2F11j8vbpxnw!19sChIJtZsFpto5AWARLMfMwFt6xGs?authuser=0&hl=ko&rclk=1,3,3.7
236,Japan,Nara,Park,,,,,,https://www.google.com/maps/place/Park/data=!4m7!3m6!1s0x60013b7be86ea723:0x8926dacf7a7503de!8m2!3d34.6831252!4d135.8220444!16s%2Fg%2F11vc8xqzq3!19sChIJI6du6Hs7AWAR3gN1es_aJok?authuser=0&hl=ko&rclk=1,3,3.7
237,Japan,Nara,Ryuo Falls,,,,,,https://www.google.com/maps/place/Ryuo+Falls/data=!4m7!3m6!1s0x60014f023a55a571:0x7b292dd17b1afd19!8m2!3d34.7048225!4d136.0126722!16s%2Fg%2F11fylvmt37!19sChIJcaVVOgJPAWARGf0ae9EtKXs?authuser=0&hl=ko&rclk=1,3,5.0
238,Japan,Nara,Uguisuno Falls,,,,,,https://www.google.com/maps/place/Uguisuno+Falls/data=!4m7!3m6!1s0x60013830d2894e77:0x850bbccc2aeecf1c!8m2!3d34.6893273!4d135.873622!16s%2Fg%2F11f0l0cv71!19sChIJd06J0jA4AWARHM_uKsy8C4U?authuser=0&hl=ko&rclk=1,2,4.0
239,Japan,Nara,Mt. Inamura Trailhead,,,,,,https://www.google.com/maps/place/Mt.+Inamura+Trailhead/data=!4m7!3m6!1s0x6006c1bb4099d543:0x22a48f84a6f53e05!8m2!3d34.2657206!4d135.8983043!16s%2Fg%2F11nxv5rnl4!19sChIJQ9WZQLvBBmARBT71poSPpCI?authuser=0&hl=ko&rclk=1,2,4.0
240,Japan,Nara,ギャラリー彩玉（株式会社ナラセラ）,,,,,,https://www.google.com/maps/place/%E3%82%AE%E3%83%A3%E3%83%A9%E3%83%AA%E3%83%BC%E5%BD%A9%E7%8E%89%EF%BC%88%E6%A0%AA%E5%BC%8F%E4%BC%9A%E7%A4%BE%E3%83%8A%E3%83%A9%E3%82%BB%E3%83%A9%EF%BC%89/data=!4m7!3m6!1s0x60013a201569a323:0x32e137e083640283!8m2!3d34.673727!4d135.82684!16s%2Fg%2F11bccmcz1m!19sChIJI6NpFSA6AWARgwJkg-A34TI?authuser=0&hl=ko&rclk=1,2,3.5
241,Japan,Nara,殉國之碑・忠魂碑,,,,,,https://www.google.com/maps/place/%E6%AE%89%E5%9C%8B%E4%B9%8B%E7%A2%91%E3%83%BB%E5%BF%A0%E9%AD%82%E7%A2%91/data=!4m7!3m6!1s0x60013aaf0e5c7d41:0x18f12c1360d856a4!8m2!3d34.6306571!4d135.7600048!16s%2Fg%2F11clvsyfyd!19sChIJQX1cDq86AWARpFbYYBMs8Rg?authuser=0&hl=ko&rclk=1,2,3.5
242,Japan,Nara,Ｃａｓｔｌｅ,,,,,,https://www.google.com/maps/place/%EF%BC%A3%EF%BD%81%EF%BD%93%EF%BD%94%EF%BD%8C%EF%BD%85/data=!4m7!3m6!1s0x600132bc5655fa5f:0x3b174b7a49a6351d!8m2!3d34.498613!4d135.764101!16s%2Fg%2F1tff2yv4!19sChIJX_pVVrwyAWARHTWmSXpLFzs?authuser=0&hl=ko&rclk=1,2,2.0
243,Japan,Nara,Ayugaeshino Falls,,,,,,https://www.google.com/maps/place/Ayugaeshino+Falls/data=!4m7!3m6!1s0x600118be96309821:0xeb074d4698b4384b!8m2!3d34.750027!4d135.6917726!16s%2Fg%2F11gb3yzsht!19sChIJIZgwlr4YAWARSzi0mEZNB-s?authuser=0&hl=ko&rclk=1,2,4.0
244,Japan,Nara,Nara Pond,,,,,,https://www.google.com/maps/place/Nara+Pond/data=!4m7!3m6!1s0x60038ac4abcda561:0xdae60dfeeb47730b!8m2!3d34.8541333!4d136.5298019!16s%2Fg%2F11bymy1mkc!19sChIJYaXNq8SKA2ARC3NH6_4N5to?authuser=0&hl=ko&rclk=1,2,2.5
245,Japan,Nara,Mt. Makimukuyama,,,,,,https://www.google.com/maps/place/Mt.+Makimukuyama/data=!4m7!3m6!1s0x600135e66514a049:0xdffc55e87adcc979!8m2!3d34.5412298!4d135.8878023!16s%2Fg%2F11h7fmr2ln!19sChIJSaAUZeY1AWARecnceuhV_N8?authuser=0&hl=ko&rclk=1,2,4.5
246,Japan,Nara,千股池,,,,,,https://www.google.com/maps/place/%E5%8D%83%E8%82%A1%E6%B1%A0/data=!4m7!3m6!1s0x60012c27c34b69a1:0x5d71ba709cdf79f8!8m2!3d34.5262964!4d135.7044421!16s%2Fg%2F11c3q4zhlq!19sChIJoWlLwycsAWAR-HnfnHC6cV0?authuser=0&hl=ko&rclk=1,2,4.5
247,Japan,Nara,小さな庭,,,,,,https://www.google.com/maps/place/%E5%B0%8F%E3%81%95%E3%81%AA%E5%BA%AD/data=!4m7!3m6!1s0x60013b174e714db5:0xea3a085884e07963!8m2!3d34.6845086!4d135.8212049!16s%2Fg%2F11j8dz3z_5!19sChIJtU1xThc7AWARY3nghFgIOuo?authuser=0&hl=ko&rclk=1,2,3.5
248,Japan,Nara,Site of Takahi Castle,,,,,,https://www.google.com/maps/place/Site+of+Takahi+Castle/data=!4m7!3m6!1s0x600136fc38f24811:0xc4f4761c0b817c7!8m2!3d34.6308357!4d135.8629173!16s%2Fg%2F11c5_f7ql7!19sChIJEUjyOPw2AWARxxe4wGFHTww?authuser=0&hl=ko&rclk=1,1,5.0
249,Japan,Nara,Hirao Pond,,,,,,https://www.google.com/maps/place/Hirao+Pond/data=!4m7!3m6!1s0x60013767f5e1b6e1:0x785c92dd7c5af68!8m2!3d34.6557965!4d135.8465159!16s%2Fg%2F11bc8d3l57!19sChIJ4bbh9Wc3AWARaK_F1y3JhQc?authuser=0&hl=ko&rclk=1,1,5.0
250,Japan,Nara,Benzaiten Falls,,,,,,https://www.google.com/maps/place/Benzaiten+Falls/data=!4m7!3m6!1s0x60012664bc846de9:0x5905dec0b772b20e!8m2!3d34.6120754!4d135.6659756!16s%2Fg%2F11gb3xpl0l!19sChIJ6W2EvGQmAWARDrJyt8DeBVk?authuser=0&hl=ko&rclk=1,1,3.0
251,Japan,Nara,鷺原道,,,,,,https://www.google.com/maps/place/%E9%B7%BA%E5%8E%9F%E9%81%93/data=!4m7!3m6!1s0x6001396bbedd1f65:0x408b043168580e59!8m2!3d34.6806474!4d135.8444801!16s%2Fg%2F11sx361nlt!19sChIJZR_dvms5AWARWQ5YaDEEi0A?authuser=0&hl=ko&rclk=1,1,5.0
252,Japan,Nara,Tanka Monument of Aizu Yaichi,,,,,,https://www.google.com/maps/place/Tanka+Monument+of+Aizu+Yaichi/data=!4m7!3m6!1s0x60013bfc6f1a3aff:0x32d13c705fd54c18!8m2!3d34.6921674!4d135.8044756!16s%2Fg%2F11n0cjkq4g!19sChIJ_zoab_w7AWARGEzVX3A80TI?authuser=0&hl=ko&rclk=1,1,4.0
253,Japan,Nara,NARA BASE,,,,,,https://www.google.com/maps/place/NARA+BASE/data=!4m7!3m6!1s0x600147a986db1e99:0x12fe0c3cbecd8566!8m2!3d34.7264373!4d135.942088!16s%2Fg%2F11smdl2mbv!19sChIJmR7bhqlHAWARZoXNvjwM_hI?authuser=0&hl=ko&rclk=1,1,5.0
254,Japan,Nara,剣先道,,,,,,https://www.google.com/maps/place/%E5%89%A3%E5%85%88%E9%81%93/data=!4m7!3m6!1s0x60013900fe8372eb:0xb7fb0b1a04ab05cc!8m2!3d34.6808426!4d135.847288!16s%2Fg%2F11jzsbvrrt!19sChIJ63KD_gA5AWARzAWrBBoL-7c?authuser=0&hl=ko&rclk=1,1,4.0
255,Japan,Nara,"Import, Export and consulting",,,,,,"https://www.google.com/maps/place/Import,+Export+and+consulting/data=!4m7!3m6!1s0x6001235c72d2baf9:0x9c9ae5feab332483!8m2!3d34.6852962!4d135.6938117!16s%2Fg%2F11m7nkvkl7!19sChIJ-brSclwjAWARgyQzq_7lmpw?authuser=0&hl=ko&rclk=1",0,0.0
256,Japan,Nara,Hatanakafureai Park,,,,,,https://www.google.com/maps/place/Hatanakafureai+Park/data=!4m7!3m6!1s0x60013a2d31739543:0xa4fcd5c5778de323!8m2!3d34.6871111!4d135.8200906!16s%2Fg%2F11gf5jrkyv!19sChIJQ5VzMS06AWARI-ONd8XV_KQ?authuser=0&hl=ko&rclk=1,0,0.0
257,Japan,Nara,ニホンカモシカ生息地,,,,,,https://www.google.com/maps/place/%E3%83%8B%E3%83%9B%E3%83%B3%E3%82%AB%E3%83%A2%E3%82%B7%E3%82%AB%E7%94%9F%E6%81%AF%E5%9C%B0/data=!4m7!3m6!1s0x6006a7fdf75f667d:0x78e287cc5a074292!8m2!3d34.5185306!4d136.170858!16s%2Fg%2F11krs2144c!19sChIJfWZf9_2nBmARkkIHWsyH4ng?authuser=0&hl=ko&rclk=1,0,0.0
258,Japan,Nara,나라현,,,,,,https://www.google.com/maps/place/%EB%82%98%EB%9D%BC%ED%98%84/data=!4m7!3m6!1s0x6006c72a378527d3:0xea476003f6e9c172!8m2!3d34.2975528!4d135.8279734!16zL20vMDE4amZ4!19sChIJ0yeFNyrHBmARcsHp9gNgR-o?authuser=0&hl=ko&rclk=1,0,0.0
259,Japan,Nara,悲田院跡,,,,,,https://www.google.com/maps/place/%E6%82%B2%E7%94%B0%E9%99%A2%E8%B7%A1/data=!4m7!3m6!1s0x60013925f51a6573:0xe184431196b17f47!8m2!3d34.676483!4d135.8282911!16s%2Fg%2F11gphly44f!19sChIJc2Ua9SU5AWARR3-xlhFDhOE?authuser=0&hl=ko&rclk=1,0,0.0
260,Japan,Nara,Kinosebo Garden,,,,,,https://www.google.com/maps/place/Kinosebo+Garden/data=!4m7!3m6!1s0x60013978ebb59699:0x97ca4a50fac0c3bd!8m2!3d34.6765114!4d135.8300032!16s%2Fg%2F11t4brvf06!19sChIJmZa163g5AWARvcPA-lBKypc?authuser=0&hl=ko&rclk=1,0,0.0
261,Japan,Nara,Mt. Sanjogatake (Omine) Trailhead,,,,,,https://www.google.com/maps/place/Mt.+Sanjogatake+%28Omine%29+Trailhead/data=!4m7!3m6!1s0x6006bf002c61b403:0x8b326289e22291c3!8m2!3d34.2676241!4d135.9141409!16s%2Fg%2F11vz3x43yh!19sChIJA7RhLAC_BmARw5Ei4oliMos?authuser=0&hl=ko&rclk=1,0,0.0
262,Japan,Nara,나라시,,,,,,https://www.google.com/maps/place/%EB%82%98%EB%9D%BC%EC%8B%9C/data=!4m7!3m6!1s0x600137c578a70cc1:0x4afed9b0b9492622!8m2!3d34.685109!4d135.8048019!16zL20vMGdwNWdf!19sChIJwQyneMU3AWARIiZJubDZ_ko?authuser=0&hl=ko&rclk=1,0,0.0
263,Japan,Nara,Urban Vesta Ichinomoto Park,,,,,,https://www.google.com/maps/place/Urban+Vesta+Ichinomoto+Park/data=!4m7!3m6!1s0x600137510bff37e7:0x6867cfe99579ed95!8m2!3d34.619799!4d135.839002!16s%2Fg%2F11spq_11vc!19sChIJ5zf_C1E3AWARle15lenPZ2g?authuser=0&hl=ko&rclk=1,0,0.0
264,Japan,Nara,Shimonyu-jo Ancient Castle Ruins,,,,,,https://www.google.com/maps/place/Shimonyu-jo+Ancient+Castle+Ruins/data=!4m7!3m6!1s0x600148c659fa4eb5:0x40abbdbd82819605!8m2!3d34.698342!4d135.9684568!16s%2Fg%2F11gbnss8rk!19sChIJtU76WcZIAWARBZaBgr29q0A?authuser=0&hl=ko&rclk=1,0,0.0
265,Japan,Nara,アート,,,,,,https://www.google.com/maps/place/%E3%82%A2%E3%83%BC%E3%83%88/data=!4m7!3m6!1s0x60013bc857db8301:0xd5b7af135880d78a!8m2!3d34.6906249!4d135.8113506!16s%2Fg%2F1tpbbwzn!19sChIJAYPbV8g7AWARiteAWBOvt9U?authuser=0&hl=ko&rclk=1,0,0.0
266,Japan,Nara,나라자카초,,,,,,https://www.google.com/maps/place/%EB%82%98%EB%9D%BC%EC%9E%90%EC%B9%B4%EC%B4%88/data=!4m7!3m6!1s0x60013961d13061bd:0xeb248d5c163c2160!8m2!3d34.7061451!4d135.8244141!16s%2Fg%2F1pxz14sn3!19sChIJvWEw0WE5AWARYCE8FlyNJOs?authuser=0&hl=ko&rclk=1,0,0.0
267,Japan,Nara,나라마치,,,,,,https://www.google.com/maps/place/%EB%82%98%EB%9D%BC%EB%A7%88%EC%B9%98/data=!4m7!3m6!1s0x60013a8bef6cee9f:0xa09031c1c6c9cf4f!8m2!3d34.650334!4d135.7860198!16s%2Fg%2F1pxxprl_p!19sChIJn-5s74s6AWART8_JxsExkKA?authuser=0&hl=ko&rclk=1,0,0.0
268,Japan,Nara,Mae Pond,,,,,,https://www.google.com/maps/place/Mae+Pond/data=!4m7!3m6!1s0x60012e3afb95b909:0xe7f90cb1b24ac358!8m2!3d34.5690396!4d135.740402!16s%2Fg%2F11bw49qtys!19sChIJCbmV-zouAWARWMNKsrEM-ec?authuser=0&hl=ko&rclk=1,0,0.0
269,Japan,Nara,Kitamurakiyama Castle,,,,,,https://www.google.com/maps/place/Kitamurakiyama+Castle/data=!4m7!3m6!1s0x600139004cbed9e1:0xa9aa5ce2fcdefe93!8m2!3d34.7164362!4d135.9021157!16s%2Fg%2F11w3nchf78!19sChIJ4dm-TAA5AWARk_7e_OJcqqk?authuser=0&hl=ko&rclk=1,0,0.0
