data id_info,nation,region,name,operationTime,expense,infoTitle,infoContent,information,map_url,popularity,rating,Unnamed: 12
1,China,Guilin,Yangshuo Park,상시 이용,,,,"국제전화번호: 0773 882 2481, 국제 국제전화번호: +86 773 882 2481, 홈페이지: https://vacation.eztravel.com.tw/sight/PLC0000077838",https://www.google.com/maps/place/?q=place_id:ChIJJcnlCWKlpTYRDeac32Wjsu4,813,4.4,
2,China,Guilin,Guilin Rongshanhu Scenic Area,상시 이용,,,,,https://www.google.com/maps/place/?q=place_id:ChIJjdb1Vsn1pDYRoVkw2FLpdOk,641,4.3,
3,China,Guilin,Sightseeing Platform,,,,,,https://www.google.com/maps/place/?q=place_id:ChIJZzvRB52ypTYRXrtjycozKyo,447,4.3,
4,China,Guilin,Lijiang River,,,,,,https://www.google.com/maps/place/Lijiang+River/data=!4m7!3m6!1s0x36a4510317af703f:0xdc6ed0a59fcf2969!8m2!3d25.140228!4d110.434773!16s%2Fg%2F11c2qqzc0v!19sChIJP3CvFwNRpDYRaSnPn6XQbtw?authuser=0&hl=ko&rclk=1,414,4.5,
5,China,Guilin,龙脊梯田,,,,,홈페이지: http://www.mafengwo.cn/travel-scenic-spot/mafengwo/18065.html,https://www.google.com/maps/place/?q=place_id:ChIJGSI_7LhiozYR89O8BlwzX2Y,314,4.5,
6,China,Guilin,Reed Flute Cave,,,,,"국제전화번호: 0773 269 5075, 국제 국제전화번호: +86 773 269 5075",https://www.google.com/maps/place/?q=place_id:ChIJs8zoz1f0pDYRWhx3YnA2xV0,214,4.4,
7,China,Guilin,Xijie Pedestrian Street,,,,,,https://www.google.com/maps/place/?q=place_id:ChIJKWq50mGlpTYRB9fkA-mFKcY,212,4.1,
8,China,Guilin,Shangri La,,,,,,https://www.google.com/maps/place/Shangri+La/data=!4m7!3m6!1s0x36a5a97197d3fb81:0xabadf7ef224da9d4!8m2!3d24.865141!4d110.38839!16s%2Fg%2F1q5cccx9k!19sChIJgfvTl3GppTYR1KlNIu_3ras?authuser=0&hl=ko&rclk=1,211,4.2,
9,China,Guilin,Elephant Trunk Hill,,,,,,https://www.google.com/maps/place/?q=place_id:ChIJBx8lic71pDYRDs9lO3l8Q0w,209,4.2,
10,China,Guilin,Yijiang River,,,,,,https://www.google.com/maps/place/?q=place_id:ChIJ0zw4DV_rpDYRkf8zpUdUxz4,194,4.5,
11,China,Guilin,荔江湾,,,,,"국제전화번호: 0773 712 3358, 국제 국제전화번호: +86 773 712 3358",https://www.google.com/maps/place/?q=place_id:ChIJKVOGjladpTYRc9hDx_NwLQw,177,4.2,
12,China,Guilin,Jingjiang Princes' Palace,,,,,"국제전화번호: 0773 285 2203, 국제 국제전화번호: +86 773 285 2203",https://www.google.com/maps/place/?q=place_id:ChIJpyFnGLn1pDYRY0iyxiXLaHQ,175,4.2,
13,China,Guilin,Guilin Central Square,상시 이용,,,,,https://www.google.com/maps/place/?q=place_id:ChIJaY9NFsb1pDYR1PGKwv-5b1g,161,4.3,
14,China,Guilin,桂林两江四湖玻璃桥,,,,,,https://www.google.com/maps/place/%E6%A1%82%E6%9E%97%E4%B8%A4%E6%B1%9F%E5%9B%9B%E6%B9%96%E7%8E%BB%E7%92%83%E6%A1%A5/data=!4m7!3m6!1s0x36a4f5c8c5453fe1:0xf8acc86a0af7824e!8m2!3d25.274833!4d110.292955!16s%2Fg%2F113fx7pb5!19sChIJ4T9Fxcj1pDYRToL3CmrIrPg?authuser=0&hl=ko&rclk=1,151,4.1,
15,China,Guilin,Riyue Shuangta Cultural Park,,,,,,https://www.google.com/maps/place/?q=place_id:ChIJA3npd8_1pDYRWQkQmslvtlI,137,4.3,
16,China,Guilin,月亮山,,,,,,https://www.google.com/maps/place/?q=place_id:ChIJl8WfzPmkpTYRTuH2FJUskx8,132,4.5,
17,China,Guilin,Gunanmen,,,,,,https://www.google.com/maps/place/Gunanmen/data=!4m7!3m6!1s0x36a4f5c96b46d293:0x6d350af9ba6f1b12!8m2!3d25.2761348!4d110.2905329!16s%2Fg%2F155rlxsz!19sChIJk9JGa8n1pDYREhtvuvkKNW0?authuser=0&hl=ko&rclk=1,108,4.1,
18,China,Guilin,Seven Star Park,,,,,"국제전화번호: 0773 581 2174, 국제 국제전화번호: +86 773 581 2174",https://www.google.com/maps/place/?q=place_id:ChIJe9G-Zez1pDYRb3WjgPmtUT0,105,4.1,
19,China,Guilin,Chengyangzhai,,,,,,https://www.google.com/maps/place/?q=place_id:ChIJpWiTofRTozYRs1WSzR9I_z0,82,4.3,
20,China,Guilin,Shiwai Taoyuan,,,,,"국제전화번호: 0773 281 9133, 국제 국제전화번호: +86 773 281 9133, 홈페이지: https://niceview.cn/",https://www.google.com/maps/place/?q=place_id:ChIJc2rnzG2ppTYRBUpQYDEbTq4,80,3.7,
21,China,Guilin,Yangshuo Lijiang River Scenic Area,,,,,,https://www.google.com/maps/place/?q=place_id:ChIJQ7fORIOypTYR0rY1PdP7TSc,75,4.5,
22,China,Guilin,Xingping Scenic Area,,,,,,https://www.google.com/maps/place/?q=place_id:ChIJvbbORIOypTYRZB4lukLA8lw,71,4.4,
23,China,Guilin,구이린 디스 올드 플레이스 인터내셔널 유스호스텔,,,,,"국제전화번호: 0773 281 3598, 국제 국제전화번호: +86 773 281 3598",https://www.google.com/maps/place/?q=place_id:ChIJK5Mif8n1pDYR93-yGjZ6UNM,66,4.2,
24,China,Guilin,Guilin Animal Theme Paradise,,,,,,https://www.google.com/maps/place/?q=place_id:ChIJv_xHX-71pDYRFoEve4we12s,66,4.1,
25,China,Guilin,Zizhou Park,,,,,,https://www.google.com/maps/place/?q=place_id:ChIJedRlD8P1pDYR3loLt355_RY,66,3.9,
26,China,Guilin,Yulonghe Scenic Area,,,,,,https://www.google.com/maps/place/?q=place_id:ChIJx6LNQfqlpTYR5BbgA-9_hdQ,65,4.5,
27,China,Guilin,Xishan Park,,,,,,https://www.google.com/maps/place/Xishan+Park/data=!4m7!3m6!1s0x36a4f435ae8a22e7:0xf7e5cd0709f8774a!8m2!3d25.282366!4d110.275273!16s%2Fg%2F155sgxl_!19sChIJ5yKKrjX0pDYRSnf4CQfN5fc?authuser=0&hl=ko&rclk=1,62,4.1,
28,China,Guilin,Mulong Lake （West Gate）,,,,,"국제전화번호: 0773 283 2823, 국제 국제전화번호: +86 773 283 2823",https://www.google.com/maps/place/?q=place_id:ChIJbchD26T1pDYRDFCm0ySetRY,61,4.0,
29,China,Guilin,Guihai Tablets Forest,,,,,,https://www.google.com/maps/place/?q=place_id:ChIJ5RKpasL1pDYR1IbOjEeOK7o,58,4.2,
30,China,Guilin,아로마 티 하우스,,,,,,https://www.google.com/maps/place/%EC%95%84%EB%A1%9C%EB%A7%88+%ED%8B%B0+%ED%95%98%EC%9A%B0%EC%8A%A4/data=!4m10!3m9!1s0x36a4f5cc055fa719:0x375b5326cd71ecdf!5m2!4m1!1i2!8m2!3d25.274161!4d110.28843!16s%2Fg%2F1tflkq68!19sChIJGadfBcz1pDYR3-xxzSZTWzc?authuser=0&hl=ko&rclk=1,50,4.5,
31,China,Guilin,Crown Cave Scenic Spot,,,,,,https://www.google.com/maps/place/?q=place_id:ChIJaYB9mt9TpDYRC58OEWBB9g0,49,4.2,
32,China,Guilin,Solitary Beauty Peak Prince City Scenic Area,,,,,"국제전화번호: 0773 280 3149, 국제 국제전화번호: +86 773 280 3149",https://www.google.com/maps/place/?q=place_id:ChIJo93VZrn1pDYRzt4Wn6l4wZE,49,4.1,
33,China,Guilin,Guilin Two Rivers & Four Lakes Scenic Area,매일: 8:00~21:00,,,,"국제전화번호: 0773 280 5098, 국제 국제전화번호: +86 773 280 5098",https://www.google.com/maps/place/?q=place_id:ChIJg3u3pHv2pDYRXpZXY7qsCLQ,49,4.5,
34,China,Guilin,Longji Rice Terrace Scenic Spot,상시 이용,,,,"국제전화번호: 0773 758 3188, 국제 국제전화번호: +86 773 758 3188",https://www.google.com/maps/place/?q=place_id:ChIJBcA-D9FiozYRBSX7t28ZKj0,46,4.7,
35,China,Guilin,Guilin Zhengyang Road Pedestrian Street,,,,,,https://www.google.com/maps/place/?q=place_id:ChIJT6qgDMf1pDYRK-i7jjbBM-Y,45,4.0,
36,China,Guilin,Guilin Art Museum,,,,,"국제전화번호: 0773 288 3088, 국제 국제전화번호: +86 773 288 3088",https://www.google.com/maps/place/?q=place_id:ChIJ_YUZzsn1pDYR69GsI2rLpRo,45,4.4,
37,China,Guilin,Xiangshan Scenic Area （North Gate）,,,,,,https://www.google.com/maps/place/Xiangshan+Scenic+Area+%EF%BC%88North+Gate%EF%BC%89/data=!4m7!3m6!1s0x36a4f5c44b17bef5:0x369ba7993a21d85f!8m2!3d25.27168!4d110.298215!16s%2Fg%2F11cm1mlxql!19sChIJ9b4XS8T1pDYRX9ghOpmnmzY?authuser=0&hl=ko&rclk=1,45,4.1,
38,China,Guilin,Guilin Riverside Hostel,,,,,,https://www.google.com/maps/place/Guilin+Riverside+Hostel/data=!4m7!3m6!1s0x36a4f5cd3c18e2a5:0x3d44ae0ee7f27cfd!8m2!3d25.271428!4d110.2844203!16s%2Fg%2F11b73qntq8!19sChIJpeIYPM31pDYR_Xzy5w6uRD0?authuser=0&hl=ko&rclk=1,41,4.4,
39,China,Guilin,Guilin Sports Center,,,,,"국제전화번호: 0773 282 6816, 국제 국제전화번호: +86 773 282 6816",https://www.google.com/maps/place/?q=place_id:ChIJJ7tf4Qr2pDYRvYI4RINpJQg,37,4.2,
40,China,Guilin,七星岩,,,,,"국제전화번호: 0773 586 9546, 국제 국제전화번호: +86 773 586 9546",https://www.google.com/maps/place/?q=place_id:ChIJXQbPmur1pDYR_xdH727hH6M,36,4.5,
41,China,Guilin,Shan Lake,,,,,,https://www.google.com/maps/place/?q=place_id:ChIJ1bmThMX1pDYRloEURztEicU,36,4.3,
42,China,Guilin,Qixing Scenic Area （Southwest Gate 2）,,,,,,https://www.google.com/maps/place/Qixing+Scenic+Area+%EF%BC%88Southwest+Gate+2%EF%BC%89/data=!4m7!3m6!1s0x36a4f5c2152934a7:0x7c459e82cf5d6c4d!8m2!3d25.270864!4d110.305725!16s%2Fg%2F11cm1mb2kk!19sChIJpzQpFcL1pDYRTWxdz4KeRXw?authuser=0&hl=ko&rclk=1,35,4.1,
43,China,Guilin,Darongshu Scenic Area,,,,,"국제전화번호: 0773 882 2125, 국제 국제전화번호: +86 773 882 2125",https://www.google.com/maps/place/?q=place_id:ChIJD6y2Qx2lpTYRESgase-bcNA,33,4.2,
44,China,Guilin,Yulong River,,,,,,https://www.google.com/maps/place/?q=place_id:ChIJGwF-lbilpTYRtpQDbweP-50,30,4.5,
45,China,Guilin,Lemandi Park,,,,,,https://www.google.com/maps/place/?q=place_id:ChIJiWd-EfJ0pDYR6UqVMy8vWhg,30,4.0,
46,China,Guilin,Lijiang River Scenic Area,,,,,"국제전화번호: 028 8556 8847, 국제 국제전화번호: +86 28 8556 8847",https://www.google.com/maps/place/?q=place_id:ChIJj2k44Jf1pDYRk-5y8uY32ng,30,4.5,
47,China,Guilin,Xiangshan Scenic Area,,,,,"국제전화번호: 0773 258 6602, 국제 국제전화번호: +86 773 258 6602",https://www.google.com/maps/place/?q=place_id:ChIJYe99u9r1pDYRMIumXxTQ9VA,28,4.2,
48,China,Guilin,Liangjiang Sihu,,,,,,https://www.google.com/maps/place/Liangjiang+Sihu/data=!4m7!3m6!1s0x36a4f5a711e839e1:0x1567faa9bf0ddb54!8m2!3d25.299692!4d110.298917!16s%2Fg%2F155spnn3!19sChIJ4TnoEaf1pDYRVNsNv6n6ZxU?authuser=0&hl=ko&rclk=1,28,4.3,
49,China,Guilin,Guilin Shike,,,,,,https://www.google.com/maps/place/?q=place_id:ChIJ3YPTBrT1pDYRQ8z0OU0VjbI,27,4.5,
50,China,Guilin,Guilin Yaoshan Scenic Attraction,,,,,"국제전화번호: 0773 586 4592, 국제 국제전화번호: +86 773 586 4592",https://www.google.com/maps/place/?q=place_id:ChIJI15czKlfpDYRto76jgV9_0o,26,4.2,
51,China,Guilin,West Street,,,,,"국제전화번호: 0773 691 0888, 국제 국제전화번호: +86 773 691 0888",https://www.google.com/maps/place/?q=place_id:ChIJu7rqEX6lpTYRBFGsPFUDHEk,24,4.0,
52,China,Guilin,Lijiang Folk-custom Garden,,,,,,https://www.google.com/maps/place/Lijiang+Folk-custom+Garden/data=!4m7!3m6!1s0x36a4f597e79d1a25:0xfb24d6327ca0241a!8m2!3d25.287246!4d110.309013!16s%2Fg%2F155s40xj!19sChIJJRqd55f1pDYRGiSgfDLWJPs?authuser=0&hl=ko&rclk=1,24,4.1,
53,China,Guilin,Guilin Local Taxation Bureau Veteran Cadre Activity Room,,,,,,https://www.google.com/maps/place/?q=place_id:ChIJawbRYrf1pDYRUaF90TIUuCE,22,4.0,
54,China,Guilin,Yueliang Mountain,,,,,,https://www.google.com/maps/place/?q=place_id:ChIJSxglOFakpTYRlihe4Tm85Hg,20,4.1,
55,China,Guilin,Lijiang,,,,,,https://www.google.com/maps/place/?q=place_id:ChIJ5_NlNCK8pTYRUf3FbCMsgkM,19,4.8,
56,China,Guilin,Yangshuo Tianlai Butterfly Spring,,,,,"국제전화번호: 0773 881 1469, 국제 국제전화번호: +86 773 881 1469, 홈페이지: http://www.glhdq.com/",https://www.google.com/maps/place/?q=place_id:ChIJcwroGhilpTYReVngLbf0Dk0,19,3.2,
57,China,Guilin,Mosque,,,,,,https://www.google.com/maps/place/?q=place_id:ChIJAxqwTMz1pDYRV5xdBhI10h8,19,4.5,
58,China,Guilin,Xiaoyaolou Dongxi Ln Scenic Spot,,,,,,https://www.google.com/maps/place/Xiaoyaolou+Dongxi+Ln+Scenic+Spot/data=!4m7!3m6!1s0x36a4f5b883aeb2c3:0x3e7b2196713cb106!8m2!3d25.27913!4d110.29865!16s%2Fg%2F11rv8103s3!19sChIJw7Kug7j1pDYRBrE8cZYhez4?authuser=0&hl=ko&rclk=1,16,4.2,
59,China,Guilin,Longji Scenic Area,,,,,"국제전화번호: 0773 758 3188, 국제 국제전화번호: +86 773 758 3188",https://www.google.com/maps/place/?q=place_id:ChIJSQVikmWdpDYRgskatdc0FiE,16,4.6,
60,China,Guilin,老寨山,,,,,,https://www.google.com/maps/place/%E8%80%81%E5%AF%A8%E5%B1%B1/data=!4m10!3m9!1s0x36a5b29ab2c8d7dd:0x816d36b57a1abcb!5m2!4m1!1i2!8m2!3d24.916915!4d110.532605!16s%2Fg%2F11b6vsfx9s!19sChIJ3dfIspqypTYRy6uhV2vTFgg?authuser=0&hl=ko&rclk=1,16,4.5,
61,China,Guilin,Chuanshan Park （North Gate）,,,,,,https://www.google.com/maps/place/Chuanshan+Park+%EF%BC%88North+Gate%EF%BC%89/data=!4m7!3m6!1s0x36a4f6757592b449:0x9bae534b2d018430!8m2!3d25.2543288!4d110.3041503!16s%2Fg%2F1tcxbgqg!19sChIJSbSSdXX2pDYRMIQBLUtTrps?authuser=0&hl=ko&rclk=1,15,3.9,
62,China,Guilin,Fuboshan Park （West Gate）,,,,,,https://www.google.com/maps/place/?q=place_id:ChIJczEghr71pDYRKQXdP87x51k,15,4.3,
63,China,Guilin,桂林地区教育学院体育场,,,,,,https://www.google.com/maps/place/%E6%A1%82%E6%9E%97%E5%9C%B0%E5%8C%BA%E6%95%99%E8%82%B2%E5%AD%A6%E9%99%A2%E4%BD%93%E8%82%B2%E5%9C%BA/data=!4m7!3m6!1s0x36a4f5cb38586e67:0x5ffab2cbf70e6d40!8m2!3d25.276875!4d110.284149!16s%2Fg%2F1tdr1kw_!19sChIJZ25YOMv1pDYRQG0O98uy-l8?authuser=0&hl=ko&rclk=1,14,4.6,
64,China,Guilin,Chuanshan Park,,,,,,https://www.google.com/maps/place/Chuanshan+Park/data=!4m7!3m6!1s0x36a4f6744c14bc59:0xe428bb87b9c77f94!8m2!3d25.2525387!4d110.3029654!16s%2Fg%2F155rxgyc!19sChIJWbwUTHT2pDYRlH_HuYe7KOQ?authuser=0&hl=ko&rclk=1,13,4.3,
65,China,Guilin,Guilin Yaoshan Suodao,,,,,,https://www.google.com/maps/place/Guilin+Yaoshan+Suodao/data=!4m7!3m6!1s0x36a45fa9cccf1ebd:0xb13b3340919b1b6a!8m2!3d25.29237!4d110.369643!16s%2Fg%2F1td_3fyv!19sChIJvR7PzKlfpDYRahubkUAzO7E?authuser=0&hl=ko&rclk=1,13,4.3,
66,China,Guilin,Niuxi He,,,,,,https://www.google.com/maps/place/?q=place_id:ChIJ_T4smgFapDYRZnOnZIKqVgY,13,4.2,
67,China,Guilin,Xingping Ancient Town,,,,,,https://www.google.com/maps/place/?q=place_id:ChIJV3i2Q4OypTYRRmv2gWHhgi4,13,4.3,
68,China,Guilin,大圩古镇,,,,,,https://www.google.com/maps/place/?q=place_id:ChIJJ4rlEyhapDYRuro0S_O0pf0,13,3.8,
69,China,Guilin,Qixia Buddhist Temple,,,,,,https://www.google.com/maps/place/Qixia+Buddhist+Temple/data=!4m7!3m6!1s0x36a4f5eb5e0758d1:0x57ce2a4d0ad2dc94!8m2!3d25.275539!4d110.312637!16s%2Fg%2F11cm1l_j_k!19sChIJ0VgHXuv1pDYRlNzSCk0qzlc?authuser=0&hl=ko&rclk=1,12,4.8,
70,China,Guilin,Guilin Museum,,,,,"국제전화번호: 0773 289 8690, 국제 국제전화번호: +86 773 289 8690, 홈페이지: http://www.guilinmuseum.org.cn/",https://www.google.com/maps/place/?q=place_id:ChIJ22hqfzX0pDYRc41ylE4mbt0,11,3.6,0.0
71,China,Guilin,Guilin Lipu Lijiangwan Scenic Area,,,,,"국제전화번호: 0773 712 6388, 국제 국제전화번호: +86 773 712 6388",https://www.google.com/maps/place/?q=place_id:ChIJyeHx_FadpTYRj2ErYGnKIs8,11,4.1,
72,China,Guilin,Bajiaozhai Scenic Area,,,,,,https://www.google.com/maps/place/?q=place_id:ChIJHYqoDvHJozYRmVac4vB2BDQ,10,4.7,
73,China,Guilin,Lijiang Guanyan Scenic Area,,,,,"국제전화번호: 0773 384 8899, 국제 국제전화번호: +86 773 384 8899",https://www.google.com/maps/place/?q=place_id:ChIJJQxhAGFRpDYRb4JZZWjEMp4,9,4.6,
74,China,Guilin,Lijiang Gudong Scenic Area,,,,,"국제전화번호: 0773 584 9898, 국제 국제전화번호: +86 773 584 9898, 홈페이지: http://www.glgdst.com/",https://www.google.com/maps/place/?q=place_id:ChIJmURdFOZQpDYR8hNmDMn7hyY,9,4.2,
75,China,Guilin,Guilin Qianguqing Scenic Spot,,,,,"국제전화번호: 0773 888 0777, 국제 국제전화번호: +86 773 888 0777",https://www.google.com/maps/place/?q=place_id:ChIJO9V3kIOlpTYRo7eaRgdg0mY,9,4.7,
76,China,Guilin,Cuiping,,,,,,https://www.google.com/maps/place/?q=place_id:ChIJQzw3qiyqpTYR3R9sQcGNFdY,9,5.0,
77,China,Guilin,Yuzi Paradise,,,,,"국제전화번호: 0773 386 5555, 국제 국제전화번호: +86 773 386 5555",https://www.google.com/maps/place/?q=place_id:ChIJn3kEFItVpDYRmrCs6UQ8xdA,9,4.6,
78,China,Guilin,乐满地主题公园,,,,,,https://www.google.com/maps/place/%E4%B9%90%E6%BB%A1%E5%9C%B0%E4%B8%BB%E9%A2%98%E5%85%AC%E5%9B%AD/data=!4m7!3m6!1s0x36a474922f5cf5a5:0x5309e197ce741c76!8m2!3d25.580744!4d110.67876!16s%2Fg%2F1tf7_w9n!19sChIJpfVcL5J0pDYRdhx0zpfhCVM?authuser=0&hl=ko&rclk=1,9,4.3,
79,China,Guilin,日月双塔,,,,,,https://www.google.com/maps/place/?q=place_id:ChIJOfiUaKH2pDYRmS5Yc1uTthg,8,4.1,
80,China,Guilin,桂林阳朔文化古迹山水园,,,,,"국제전화번호: 0773 882 6486, 국제 국제전화번호: +86 773 882 6486",https://www.google.com/maps/place/?q=place_id:ChIJV_naBWClpTYRz9_kX09zDsk,8,4.6,
81,China,Guilin,Yangjiashan,,,,,,https://www.google.com/maps/place/?q=place_id:ChIJHcCm5z30pDYRsT21DGdSwUE,8,4.6,
82,China,Guilin,Solitary Beauty Peak,,,,,,https://www.google.com/maps/place/?q=place_id:ChIJs8oTDbn1pDYRhATHUEyXvmg,8,4.5,
83,China,Guilin,Yaoshan Mountain,,,,,,https://www.google.com/maps/place/?q=place_id:ChIJfTuJMjBepDYR6AqbFbbsxd8,7,4.6,
84,China,Guilin,Yaoshan Jingjiang Wangling Scenic Area,,,,,,https://www.google.com/maps/place/Yaoshan+Jingjiang+Wangling+Scenic+Area/data=!4m7!3m6!1s0x36a45f08210355cf:0xadb8b17131417f13!8m2!3d25.291906!4d110.364907!16s%2Fg%2F11cm1jvf8z!19sChIJz1UDIQhfpDYRE39BMXGxuK0?authuser=0&hl=ko&rclk=1,7,4.1,
85,China,Guilin,Bowlder Culture Museum,,,,,"국제전화번호: 0773 289 1168, 국제 국제전화번호: +86 773 289 1168",https://www.google.com/maps/place/?q=place_id:ChIJHYMQbjj0pDYRk6xQNaXINio,6,3.3,
86,China,Guilin,Guangxi Guilin National Forest Park,,,,,"국제전화번호: 0773 360 3430, 국제 국제전화번호: +86 773 360 3430, 홈페이지: https://m.tuniu.com/g38900/guide-0-0/",https://www.google.com/maps/place/?q=place_id:ChIJb75sBCT3pDYRcdtPDhUel5k,5,4.2,
87,China,Guilin,Yulong Bridge,,,,,,https://www.google.com/maps/place/?q=place_id:ChIJYeuH3OAHpTYRelM0vXcrTO8,5,4.2,
88,China,Guilin,Rong Lake,,,,,,https://www.google.com/maps/place/Rong+Lake/data=!4m7!3m6!1s0x36a4f5cbfcbf09c5:0x304eee8bd933b047!8m2!3d25.275286!4d110.288898!16s%2Fg%2F155r269y!19sChIJxQm__Mv1pDYRR7Az2YvuTjA?authuser=0&hl=ko&rclk=1,4,4.3,
89,China,Guilin,Jingjiang King Mausoleum Museum,,,,,,https://www.google.com/maps/place/Jingjiang+King+Mausoleum+Museum/data=!4m7!3m6!1s0x36a45f08250009df:0x2c7ef387d4523ba8!8m2!3d25.291621!4d110.364576!16s%2Fg%2F155s40_x!19sChIJ3wkAJQhfpDYRqDtS1Ifzfiw?authuser=0&hl=ko&rclk=1,4,4.3,
90,China,Guilin,Xin'an Linqu Dyke Tourism Scenic Area,,,,,,https://www.google.com/maps/place/Xin%27an+Linqu+Dyke+Tourism+Scenic+Area/data=!4m7!3m6!1s0x36a474e65db389a1:0xbed203979bfb6dd6!8m2!3d25.5987916!4d110.6840663!16s%2Fg%2F1w344x4r!19sChIJoYmzXeZ0pDYR1m37m5cD0r4?authuser=0&hl=ko&rclk=1,4,5.0,
91,China,Guilin,Heishan Botanical Garden,,,,,,https://www.google.com/maps/place/Heishan+Botanical+Garden/data=!4m7!3m6!1s0x36a4f68402540477:0xc33f2ab74d53dbe6!8m2!3d25.253159!4d110.277092!16s%2Fg%2F1trsw89t!19sChIJdwRUAoT2pDYR5ttTTbcqP8M?authuser=0&hl=ko&rclk=1,3,4.3,
92,China,Guilin,Lijiang Guanyan Scenic Area （North Gate）,,,,,,https://www.google.com/maps/place/Lijiang+Guanyan+Scenic+Area+%EF%BC%88North+Gate%EF%BC%89/data=!4m7!3m6!1s0x36a45160a24e02b3:0x97fd131c5a0bdced!8m2!3d25.0576372!4d110.4506755!16s%2Fg%2F1vvdsgzn!19sChIJswJOomBRpDYR7dwLWhwT_Zc?authuser=0&hl=ko&rclk=1,3,4.0,
93,China,Guilin,Guilin Feihu Park,,,,,,https://www.google.com/maps/place/Guilin+Feihu+Park/data=!4m7!3m6!1s0x36a4f03ec9b3b545:0xb1fd03a041eaec82!8m2!3d25.21314!4d110.159745!16s%2Fg%2F11cm1mbgg1!19sChIJRbWzyT7wpDYRguzqQaAD_bE?authuser=0&hl=ko&rclk=1,3,3.7,
94,China,Guilin,Guilin Botanical Garden （Northeast Gate）,,,,,,https://www.google.com/maps/place/Guilin+Botanical+Garden+%EF%BC%88Northeast+Gate%EF%BC%89/data=!4m7!3m6!1s0x36a4f681122dd927:0x1ead29e786f14f03!8m2!3d25.2554279!4d110.2791636!16s%2Fg%2F1tdp_dfv!19sChIJJ9ktEoH2pDYRA0_xhucprR4?authuser=0&hl=ko&rclk=1,3,4.7,
95,China,Guilin,Lijiang Jiangjing Building,,,,,,https://www.google.com/maps/place/Lijiang+Jiangjing+Building/data=!4m7!3m6!1s0x36a5ad6409a78617:0xafa6e655b6588f2c!8m2!3d24.92407!4d110.515402!16s%2Fg%2F11cm1m6lpm!19sChIJF4anCWStpTYRLI9YtlXmpq8?authuser=0&hl=ko&rclk=1,2,5.0,
96,China,Guilin,Guilin Railway,,,,,,https://www.google.com/maps/place/Guilin+Railway/data=!4m7!3m6!1s0x36a4f51078c72941:0xe5272060de3c3930!8m2!3d25.3122225!4d110.2960379!16s%2Fg%2F1tqtw4nn!19sChIJQSnHeBD1pDYRMDk83mAgJ-U?authuser=0&hl=ko&rclk=1,2,4.5,
97,China,Guilin,Sheli Pagoda,,,,,,https://www.google.com/maps/place/Sheli+Pagoda/data=!4m7!3m6!1s0x36a4f5d03561debb:0xbc26a9836384dfdb!8m2!3d25.267092!4d110.292267!16s%2Fg%2F1pv0lyzy!19sChIJu95hNdD1pDYR29-EY4OpJrw?authuser=0&hl=ko&rclk=1,2,5.0,
98,China,Guilin,Guilin Railway West Station-Parking Lot,,,,,,https://www.google.com/maps/place/Guilin+Railway+West+Station-Parking+Lot/data=!4m7!3m6!1s0x36a48b325649e251:0xcc341c70919e441c!8m2!3d25.35409!4d110.26886!16s%2Fg%2F11swqdhdhv!19sChIJUeJJVjKLpDYRHESekXAcNMw?authuser=0&hl=ko&rclk=1,2,5.0,
99,China,Guilin,Silver Cave,,,,,,https://www.google.com/maps/place/Silver+Cave/data=!4m7!3m6!1s0x36a4f1ae916e29ff:0xb0986988be3722ed!8m2!3d25.234479!4d110.179953!16s%2Fg%2F11h1mk44c0!19sChIJ_yluka7xpDYR7SI3vohpmLA?authuser=0&hl=ko&rclk=1,2,3.5,
100,China,Guilin,Fuda Sports Center,,,,,,https://www.google.com/maps/place/Fuda+Sports+Center/data=!4m7!3m6!1s0x36a4f15a1b5d33c5:0x4bdf6fc64f48ae15!8m2!3d25.261002!4d110.222821!16s%2Fg%2F1tjxcych!19sChIJxTNdG1rxpDYRFa5IT8Zv30s?authuser=0&hl=ko&rclk=1,2,3.5,
101,China,Guilin,Jiangtou Ancient Village,,,,,,https://www.google.com/maps/place/Jiangtou+Ancient+Village/data=!4m7!3m6!1s0x36a4888256412f2d:0xc643ba3a9effe0b4!8m2!3d25.529242!4d110.274392!16s%2Fg%2F1tds4znt!19sChIJLS9BVoKIpDYRtOD_njq6Q8Y?authuser=0&hl=ko&rclk=1,2,4.5,
102,China,Guilin,Lingui Culture Activity Center,,,,,,https://www.google.com/maps/place/Lingui+Culture+Activity+Center/data=!4m7!3m6!1s0x36a4f10dc7bc6b81:0x1c226345c989ac0f!8m2!3d25.2436987!4d110.1979853!16s%2Fg%2F1tg2bs1g!19sChIJgWu8xw3xpDYRD6yJyUVjIhw?authuser=0&hl=ko&rclk=1,1,5.0,
103,China,Guilin,1001 Fairyland,,,,,,https://www.google.com/maps/place/1001+Fairyland/data=!4m7!3m6!1s0x36a4f6872c9eb777:0x9771a7222327e928!8m2!3d25.250462!4d110.27598!16s%2Fg%2F1td51q69!19sChIJd7eeLIf2pDYRKOknIyKncZc?authuser=0&hl=ko&rclk=1,1,3.0,
104,China,Guilin,漓江景区,,,,,,https://www.google.com/maps/place/%E6%BC%93%E6%B1%9F%E6%99%AF%E5%8C%BA/data=!4m7!3m6!1s0x36a45a00b0f65d33:0xdd862f6d954c8ec3!8m2!3d25.147274!4d110.431748!16s%2Fg%2F1thkpzd0!19sChIJM132sABapDYRw45MlW0vht0?authuser=0&hl=ko&rclk=1,1,4.0,
105,China,Guilin,天坑,,,,,,https://www.google.com/maps/place/%E5%A4%A9%E5%9D%91/data=!4m7!3m6!1s0x36a51d4cf12863f3:0xf33646e0ccadd903!8m2!3d24.991813!4d110.137696!16s%2Fg%2F113dll4m0!19sChIJ82Mo8UwdpTYRA9mtzOBGNvM?authuser=0&hl=ko&rclk=1,1,5.0,
106,China,Guilin,Guilin Sports Center Natatorium,,,,,,https://www.google.com/maps/place/Guilin+Sports+Center+Natatorium/data=!4m7!3m6!1s0x36a4f60a539c7875:0xebf68c00cd3d635!8m2!3d25.252275!4d110.310549!16s%2Fg%2F1tznkmlk!19sChIJdXicUwr2pDYRNdbTDMBovw4?authuser=0&hl=ko&rclk=1,1,4.0,
107,China,Guilin,Examination Institute,,,,,,https://www.google.com/maps/place/Examination+Institute/data=!4m7!3m6!1s0x36a4f5b964945d75:0xbee4ae759c1863b3!8m2!3d25.284118!4d110.29897!16s%2Fg%2F155rhv1p!19sChIJdV2UZLn1pDYRs2MYnHWu5L4?authuser=0&hl=ko&rclk=1,0,0.0,
108,China,Guilin,International Travel Agency,,,,,,https://www.google.com/maps/place/International+Travel+Agency/data=!4m7!3m6!1s0x36a4f5d309d9e123:0x4fd2bfe052d19747!8m2!3d25.2644015!4d110.2850311!16s%2Fg%2F1thllbsc!19sChIJI-HZCdP1pDYRR5fRUuC_0k8?authuser=0&hl=ko&rclk=1,0,0.0,
109,China,Guilin,Guilin Zengpiyan Ruins Museum,,,,,,https://www.google.com/maps/place/Guilin+Zengpiyan+Ruins+Museum/data=!4m7!3m6!1s0x36a4f7aab48a66f9:0x9e1a273ba81e12ef!8m2!3d25.212688!4d110.284417!16s%2Fg%2F1wbfyp7d!19sChIJ-WaKtKr3pDYR7xIeqDsnGp4?authuser=0&hl=ko&rclk=1,0,0.0,
110,China,Guilin,Mengqihang Children Theme Paradise,,,,,,https://www.google.com/maps/place/Mengqihang+Children+Theme+Paradise/data=!4m7!3m6!1s0x36a4f5fad88a99d7:0x167a1de2640a98e6!8m2!3d25.26181!4d110.3199!16s%2Fg%2F11cm1mqhkh!19sChIJ15mK2Pr1pDYR5pgKZOIdehY?authuser=0&hl=ko&rclk=1,0,0.0,
111,China,Guilin,Kaixuan Kingdom Theme Amusement Pk.,,,,,,https://www.google.com/maps/place/Kaixuan+Kingdom+Theme+Amusement+Pk./data=!4m7!3m6!1s0x36a4f872e86675b9:0xf83e9589c430c3c2!8m2!3d25.13817!4d110.32113!16s%2Fg%2F11rv2x882c!19sChIJuXVm6HL4pDYRwsMwxImVPvg?authuser=0&hl=ko&rclk=1,0,0.0,
112,China,Guilin,Merryland Theme Park-Outdoor Stage,,,,,,https://www.google.com/maps/place/Merryland+Theme+Park-Outdoor+Stage/data=!4m7!3m6!1s0x36a474f2d09c8f51:0x39eb90dfda702f85!8m2!3d25.58735!4d110.67401!16s%2Fg%2F11q432tdv1!19sChIJUY-c0PJ0pDYRhS9w2t-Q6zk?authuser=0&hl=ko&rclk=1,0,0.0,
113,China,Guilin,Huaping National Nature Reserve,,,,,,https://www.google.com/maps/place/Huaping+National+Nature+Reserve/data=!4m7!3m6!1s0x36a4a2578d502f4f:0xb4cf32266563aaf1!8m2!3d25.62984!4d109.91326!16s%2Fg%2F11q46ljns1!19sChIJTy9QjVeipDYR8apjZSYyz7Q?authuser=0&hl=ko&rclk=1,0,0.0,
114,China,Guilin,桂林旅游,,,,,,https://www.google.com/maps/place/%E6%A1%82%E6%9E%97%E6%97%85%E6%B8%B8/data=!4m7!3m6!1s0x36a5a55ad8af0f21:0x673e2a8c6e3dfca1!8m2!3d24.762941!4d110.506682!16s%2Fg%2F11b6vkx0fs!19sChIJIQ-v2FqlpTYRofw9bowqPmc?authuser=0&hl=ko&rclk=1,0,0.0,
115,China,Guilin,Guilin Olympic Sports City,,,,,,https://www.google.com/maps/place/Guilin+Olympic+Sports+City/data=!4m7!3m6!1s0x36a4f1a0fc86076f:0x5f8abfa5b51d4248!8m2!3d25.24634!4d110.18526!16s%2Fg%2F11swx7k95h!19sChIJbweG_KDxpDYRSEIdtaW_il8?authuser=0&hl=ko&rclk=1,0,0.0,
116,China,Guilin,Lingui Bus Station,,,,,,https://www.google.com/maps/place/Lingui+Bus+Station/data=!4m7!3m6!1s0x36a4f114c97e9fe5:0x8e393d33b1afb07a!8m2!3d25.2462286!4d110.2071841!16s%2Fg%2F1td28lrm!19sChIJ5Z9-yRTxpDYRerCvsTM9OY4?authuser=0&hl=ko&rclk=1,0,0.0,
117,China,Guilin,New World Children Amusement Park,,,,,,https://www.google.com/maps/place/New+World+Children+Amusement+Park/data=!4m7!3m6!1s0x36a4f1a01a804987:0xe0d6c975e1d5331b!8m2!3d25.24878!4d110.18699!16s%2Fg%2F11swqvr0dt!19sChIJh0mAGqDxpDYRGzPV4XXJ1uA?authuser=0&hl=ko&rclk=1,0,0.0,
118,China,Guilin,体育场,,,,,,https://www.google.com/maps/place/%E4%BD%93%E8%82%B2%E5%9C%BA/data=!4m7!3m6!1s0x36a4f5c66892b90b:0xbcff636b4f014157!8m2!3d25.274648!4d110.297282!16s%2Fg%2F1tmpc68z!19sChIJC7mSaMb1pDYRV0EBT2tj_7w?authuser=0&hl=ko&rclk=1,0,0.0,
119,China,Guilin,天然游泳场,,,,,,https://www.google.com/maps/place/%E5%A4%A9%E7%84%B6%E6%B8%B8%E6%B3%B3%E5%9C%BA/data=!4m7!3m6!1s0x36a4f5bf07862e21:0x5ea104f8b43281d2!8m2!3d25.280415!4d110.30406!16s%2Fg%2F1tggrs_3!19sChIJIS6GB7_1pDYR0oEytPgEoV4?authuser=0&hl=ko&rclk=1,0,0.0,
120,China,Guilin,Guilin Art Gallery,,,,,,https://www.google.com/maps/place/Guilin+Art+Gallery/data=!4m7!3m6!1s0x36a4f67ba4a7a2f7:0xe46ef4d39c037af9!8m2!3d25.249505!4d110.291047!16s%2Fg%2F1tdpdgp0!19sChIJ96KnpHv2pDYR-XoDnNP0buQ?authuser=0&hl=ko&rclk=1,0,0.0,
121,China,Guilin,Tong'aidao Parent-child Paradise,,,,,,https://www.google.com/maps/place/Tong%27aidao+Parent-child+Paradise/data=!4m7!3m6!1s0x36a4f54a4215368d:0xba55474f8f925660!8m2!3d25.341673!4d110.308627!16s%2Fg%2F11ddx2z0vc!19sChIJjTYVQkr1pDYRYFaSj09HVbo?authuser=0&hl=ko&rclk=1,0,0.0,
122,China,Guilin,Guilin Children Educate Inst. Mon.,,,,,,https://www.google.com/maps/place/Guilin+Children+Educate+Inst.+Mon./data=!4m7!3m6!1s0x36a4f43d88b673bf:0xcbb123ed60dd3650!8m2!3d25.27677!4d110.25974!16s%2Fg%2F11swv9d9z1!19sChIJv3O2iD30pDYRUDbdYO0jscs?authuser=0&hl=ko&rclk=1,0,0.0,
123,China,Guilin,Sun Yat-Sen Monument,,,,,,https://www.google.com/maps/place/Sun+Yat-Sen+Monument/data=!4m7!3m6!1s0x36a4f5b94118891f:0xa9721dcd6656abb5!8m2!3d25.2832103!4d110.29988!16s%2Fg%2F11swq6wbqk!19sChIJH4kYQbn1pDYRtatWZs0dcqk?authuser=0&hl=ko&rclk=1,0,0.0,
124,China,Guilin,Lingui Station,,,,,,https://www.google.com/maps/place/Lingui+Station/data=!4m7!3m6!1s0x36a4f114b3aca11f:0xc1fad4724a930b7d!8m2!3d25.2465932!4d110.2067929!16s%2Fg%2F1tdxj40b!19sChIJH6GssxTxpDYRfQuTSnLU-sE?authuser=0&hl=ko&rclk=1,0,0.0,
125,China,Guilin,Guilin Local Taxation Bureau Yanshan Branch Lawn Tax Office,,,,,,https://www.google.com/maps/place/Guilin+Local+Taxation+Bureau+Yanshan+Branch+Lawn+Tax+Office/data=!4m7!3m6!1s0x36a4515e2c403741:0xffecf69b72a187c!8m2!3d25.0565053!4d110.4495907!16s%2Fg%2F1tcw6g95!19sChIJQTdALF5RpDYRfBgqt2nP_g8?authuser=0&hl=ko&rclk=1,0,0.0,
126,China,Guilin,Guilin Local Taxation Bureau,,,,,,https://www.google.com/maps/place/Guilin+Local+Taxation+Bureau/data=!4m7!3m6!1s0x36a4f5cc053bad1b:0xcaa6708392c2fd2e!8m2!3d25.2741301!4d110.2885949!16s%2Fg%2F1vgqbc28!19sChIJG607Bcz1pDYRLv3CkoNwpso?authuser=0&hl=ko&rclk=1,0,0.0,
127,China,Guilin,Ancient Town,,,,,,https://www.google.com/maps/place/Ancient+Town/data=!4m7!3m6!1s0x36a4a40ca5723149:0xe13866fb985cf047!8m2!3d25.661074!4d109.847874!16s%2Fg%2F1td9c0mc!19sChIJSTFypQykpDYRR_BcmPtmOOE?authuser=0&hl=ko&rclk=1,0,0.0,
128,China,Guilin,沃尔玛购物广场,,,,,,https://www.google.com/maps/place/%E6%B2%83%E5%B0%94%E7%8E%9B%E8%B4%AD%E7%89%A9%E5%B9%BF%E5%9C%BA/data=!4m7!3m6!1s0x36a4f5a73df3785b:0x906be055e652d310!8m2!3d25.299601!4d110.29963!16s%2Fg%2F11b6v8cqv1!19sChIJW3jzPaf1pDYRENNS5lXga5A?authuser=0&hl=ko&rclk=1,0,0.0,
129,China,Guilin,Qingshitanzhen,,,,,,https://www.google.com/maps/place/Qingshitanzhen/data=!4m7!3m6!1s0x36a488a3b61f1933:0xe2830955b187baee!8m2!3d25.52718!4d110.25583!16s%2Fg%2F11b6gl7tlf!19sChIJMxkftqOIpDYR7rqHsVUJg-I?authuser=0&hl=ko&rclk=1,0,0.0,
130,China,Guilin,Guilin Fei Materials Cultural Heritage Zhengji Office,,,,,,https://www.google.com/maps/place/Guilin+Fei+Materials+Cultural+Heritage+Zhengji+Office/data=!4m7!3m6!1s0x36a4f5c658e71daf:0x8f5262413fd02ff9!8m2!3d25.27523!4d110.29796!16s%2Fg%2F11q45dsd8y!19sChIJrx3nWMb1pDYR-S_QP0FiUo8?authuser=0&hl=ko&rclk=1,0,0.0,
131,China,Guilin,Yongning Prefecture City,,,,,,https://www.google.com/maps/place/Yongning+Prefecture+City/data=!4m7!3m6!1s0x36a4da169ddd5a9d:0x9b651f1f10ab7e53!8m2!3d25.1647!4d109.77893!16s%2Fg%2F11r80pqyb!19sChIJnVrdnRbapDYRU36rEB8fZZs?authuser=0&hl=ko&rclk=1,0,0.0,
132,China,Guilin,Guilin Intangible Cultural Heritage,,,,,,https://www.google.com/maps/place/Guilin+Intangible+Cultural+Heritage/data=!4m7!3m6!1s0x36a4f43588b1e45f:0xf6060e53e51e46ce!8m2!3d25.28134!4d110.27945!16s%2Fg%2F11rv5ymw69!19sChIJX-SxiDX0pDYRzkYe5VMOBvY?authuser=0&hl=ko&rclk=1,0,0.0,
133,China,Guilin,Red Army Martyrs' Monument,,,,,,https://www.google.com/maps/place/Red+Army+Martyrs%27+Monument/data=!4m7!3m6!1s0x36a1557539d179f7:0xc3d87873b770f4a7!8m2!3d25.632052!4d111.116798!16s%2Fg%2F11r7rgk53!19sChIJ93nROXVVoTYRp_Rwt3N42MM?authuser=0&hl=ko&rclk=1,0,0.0,
134,China,Guilin,Martyrs Monument,,,,,,https://www.google.com/maps/place/Martyrs+Monument/data=!4m7!3m6!1s0x36a4f5eb09a8c3db:0x45a704f1d88edc39!8m2!3d25.27449!4d110.311!16s%2Fg%2F11rv3w11sm!19sChIJ28OoCev1pDYROdyO2PEEp0U?authuser=0&hl=ko&rclk=1,0,0.0,
135,China,Guilin,People Struggle Meml. Monument Pk.,,,,,,https://www.google.com/maps/place/People+Struggle+Meml.+Monument+Pk./data=!4m7!3m6!1s0x36a48a79871d06d9:0xecccec890e3ea0cd!8m2!3d25.3974!4d110.3251!16s%2Fg%2F11swwlt0k0!19sChIJ2QYdh3mKpDYRzaA-DonszOw?authuser=0&hl=ko&rclk=1,0,0.0,
136,China,Guilin,Jiuhai Well Red Army Martyrs Monum.,,,,,,https://www.google.com/maps/place/Jiuhai+Well+Red+Army+Martyrs+Monum./data=!4m7!3m6!1s0x36a155754a366dff:0xffd33033b092cc10!8m2!3d25.63233!4d111.11729!16s%2Fg%2F11q467f25s!19sChIJ_202SnVVoTYREMySsDMw0_8?authuser=0&hl=ko&rclk=1,0,0.0,
137,China,Guilin,Guiling,,,,,,https://www.google.com/maps/place/Guiling/data=!4m7!3m6!1s0x36a43fec6ac9974d:0x65570701dab00386!8m2!3d25.266305!4d110.728741!16s%2Fg%2F1tfnww0t!19sChIJTZfJauw_pDYRhgOw2gEHV2U?authuser=0&hl=ko&rclk=1,0,0.0,
138,China,Guilin,Guilin Jinshi Gardens Limited Company,,,,,,https://www.google.com/maps/place/Guilin+Jinshi+Gardens+Limited+Company/data=!4m7!3m6!1s0x36a4f43d2f76d9c1:0xbe261025f3dc6290!8m2!3d25.2735!4d110.261833!16s%2Fg%2F1tdncjbn!19sChIJwdl2Lz30pDYRkGLc8yUQJr4?authuser=0&hl=ko&rclk=1,0,0.0,
139,China,Guilin,Huaping Nature Reserve,,,,,,https://www.google.com/maps/place/Huaping+Nature+Reserve/data=!4m7!3m6!1s0x36a4a2bc8b670257:0x81b733ee53b09159!8m2!3d25.598267!4d109.935139!16s%2Fg%2F1tflq8kw!19sChIJVwJni7yipDYRWZGwU-4zt4E?authuser=0&hl=ko&rclk=1,0,0.0,
140,China,Guilin,Zijing Gardens Floriculture,,,,,,https://www.google.com/maps/place/Zijing+Gardens+Floriculture/data=!4m7!3m6!1s0x36a4f67e190cb1df:0x701b1844f50db6c2!8m2!3d25.253876!4d110.283754!16s%2Fg%2F11cm1kqrjs!19sChIJ37EMGX72pDYRwrYN9UQYG3A?authuser=0&hl=ko&rclk=1,0,0.0,
141,China,Guilin,Usa Feihudui Guilin Heritage Park-Parking Lot,,,,,,https://www.google.com/maps/place/Usa+Feihudui+Guilin+Heritage+Park-Parking+Lot/data=!4m7!3m6!1s0x36a4f03eda120e07:0xd7645bad6b6ac41e!8m2!3d25.21277!4d110.16066!16s%2Fg%2F11swy4ckh6!19sChIJBw4S2j7wpDYRHsRqa61bZNc?authuser=0&hl=ko&rclk=1,0,0.0,
142,China,Guilin,Zen Tea House Elephant Trunk Hill Park,,,,,,https://www.google.com/maps/place/Zen+Tea+House+Elephant+Trunk+Hill+Park/data=!4m10!3m9!1s0x36a4f5c4dea895f5:0xb304a392d511bfaa!5m2!4m1!1i2!8m2!3d25.268724!4d110.29847!16s%2Fg%2F11jgm65vlj!19sChIJ9ZWo3sT1pDYRqr8R1ZKjBLM?authuser=0&hl=ko&rclk=1,0,0.0,
143,China,Guilin,Guilin Xihutong,,,,,,https://www.google.com/maps/place/Guilin+Xihutong/data=!4m7!3m6!1s0x36a4f221a6bf684b:0x1db1fd5854047b07!8m2!3d25.27885!4d110.16678!16s%2Fg%2F11rv6tz2kp!19sChIJS2i_piHypDYRB3sEVFj9sR0?authuser=0&hl=ko&rclk=1,0,0.0,
144,China,Guilin,Guilin Botanical Garden,,,,,,https://www.google.com/maps/place/Guilin+Botanical+Garden/data=!4m7!3m6!1s0x36a4f8ca898d7f75:0x70ee1d64bfb02fe4!8m2!3d25.076884!4d110.305824!16s%2Fg%2F155ptt5f!19sChIJdX-Nicr4pDYR5C-wv2Qd7nA?authuser=0&hl=ko&rclk=1,0,0.0,
145,China,Guilin,Botanical Garden Japan Pk Water Pk.,,,,,,https://www.google.com/maps/place/Botanical+Garden+Japan+Pk+Water+Pk./data=!4m7!3m6!1s0x36a4f6841838701f:0x41f254361867f30b!8m2!3d25.25245!4d110.27661!16s%2Fg%2F11q49jh678!19sChIJH3A4GIT2pDYRC_NnGDZU8kE?authuser=0&hl=ko&rclk=1,0,0.0,
146,China,Guilin,Guanyan Slide Amusement Park Station,,,,,,https://www.google.com/maps/place/Guanyan+Slide+Amusement+Park+Station/data=!4m7!3m6!1s0x36a45160973823e9:0x96d09ca3ad7812ee!8m2!3d25.05715!4d110.450887!16s%2Fg%2F1tcy2kqc!19sChIJ6SM4l2BRpDYR7hJ4raOc0JY?authuser=0&hl=ko&rclk=1,0,0.0,
147,China,Guilin,Guilin Urban District Highway Management Bureau,,,,,,https://www.google.com/maps/place/Guilin+Urban+District+Highway+Management+Bureau/data=!4m7!3m6!1s0x36a4f65c59bfa265:0xb820519c2fe05917!8m2!3d25.230917!4d110.2919966!16s%2Fg%2F1tds4zpv!19sChIJZaK_WVz2pDYRF1ngL5xRILg?authuser=0&hl=ko&rclk=1,0,0.0,
148,China,Guilin,Guilin West Lake,,,,,,https://www.google.com/maps/place/Guilin+West+Lake/data=!4m7!3m6!1s0x36a4f4357d2e617d:0x6202873b8f0fe495!8m2!3d25.28131!4d110.28096!16s%2Fg%2F11q41yl1ms!19sChIJfWEufTX0pDYRleQPjzuHAmI?authuser=0&hl=ko&rclk=1,0,0.0,
149,China,Guilin,Guiguang High-speed Railway,,,,,,https://www.google.com/maps/place/Guiguang+High-speed+Railway/data=!4m7!3m6!1s0x36a5b4bdcf71bdff:0xc45a86c360a5f219!8m2!3d24.915874!4d110.6338!16s%2Fg%2F11cm1ldstl!19sChIJ_71xz720pTYRGfKlYMOGWsQ?authuser=0&hl=ko&rclk=1,0,0.0,
150,China,Guilin,Jinfengche Flower Gardens,,,,,,https://www.google.com/maps/place/Jinfengche+Flower+Gardens/data=!4m7!3m6!1s0x36a4f5c98f0cc683:0x99a25682077d7830!8m2!3d25.278172!4d110.289707!16s%2Fg%2F11ddxl8jfk!19sChIJg8YMj8n1pDYRMHh9B4JWopk?authuser=0&hl=ko&rclk=1,0,0.0,
151,China,Guilin,Chinese Academy of Sciences Guilin Botanical Garden,,,,,,https://www.google.com/maps/place/Chinese+Academy+of+Sciences+Guilin+Botanical+Garden/data=!4m7!3m6!1s0x36a4f8cfa2091da9:0x38d30dc5ac295730!8m2!3d25.084949!4d110.297684!16s%2Fg%2F1wf36wls!19sChIJqR0Jos_4pDYRMFcprMUN0zg?authuser=0&hl=ko&rclk=1,0,0.0,
152,China,Guilin,Sakura Garden,,,,,,https://www.google.com/maps/place/Sakura+Garden/data=!4m7!3m6!1s0x36a4f6844874ae29:0x7b735c926f6a5b79!8m2!3d25.25173!4d110.27568!16s%2Fg%2F11swpvrbzb!19sChIJKa50SIT2pDYReVtqb5Jcc3s?authuser=0&hl=ko&rclk=1,0,0.0,
153,China,Guilin,"Guilin Guihai Gardens Co., Ltd.",,,,,,"https://www.google.com/maps/place/Guilin+Guihai+Gardens+Co.,+Ltd./data=!4m7!3m6!1s0x36a4f680c09072a1:0x4718cf3affd0197b!8m2!3d25.254208!4d110.281683!16s%2Fg%2F11cm1ktpv8!19sChIJoXKQwID2pDYRexnQ_zrPGEc?authuser=0&hl=ko&rclk=1",0,0.0,
154,China,Guilin,Plum Garden,,,,,,https://www.google.com/maps/place/Plum+Garden/data=!4m7!3m6!1s0x36a4f6869b73a49f:0x2b35e1f28ff9f416!8m2!3d25.2516072!4d110.2777157!16s%2Fg%2F11q45l5jv2!19sChIJn6Rzm4b2pDYRFvT5j_LhNSs?authuser=0&hl=ko&rclk=1,0,0.0,
155,China,Guilin,Guangxi Huaping National Nature Reserve Management Bureau,,,,,,https://www.google.com/maps/place/Guangxi+Huaping+National+Nature+Reserve+Management+Bureau/data=!4m7!3m6!1s0x36a4f10cad2001f9:0x2101f15fa5043d15!8m2!3d25.2481853!4d110.1936204!16s%2Fg%2F1tfwn6_v!19sChIJ-QEgrQzxpDYRFT0EpV_xASE?authuser=0&hl=ko&rclk=1,0,0.0,
156,China,Guilin,Osmanthus Exposition Park,,,,,,https://www.google.com/maps/place/Osmanthus+Exposition+Park/data=!4m7!3m6!1s0x36a4f68426b3fc41:0x8e52405e0baff190!8m2!3d25.2519!4d110.27696!16s%2Fg%2F11rv1tv764!19sChIJQfyzJoT2pDYRkPGvC15AUo4?authuser=0&hl=ko&rclk=1,0,0.0,
157,China,Guilin,Guilin Public Bike Lingui Jinshuiwan Park Station,,,,,,https://www.google.com/maps/place/Guilin+Public+Bike+Lingui+Jinshuiwan+Park+Station/data=!4m7!3m6!1s0x36a4f141d5476269:0xf5fd834425a70dce!8m2!3d25.24885!4d110.21183!16s%2Fg%2F11rv74t2mz!19sChIJaWJH1UHxpDYRzg2nJUSD_fU?authuser=0&hl=ko&rclk=1,0,0.0,
158,China,Guilin,Park Police Station,,,,,,https://www.google.com/maps/place/Park+Police+Station/data=!4m7!3m6!1s0x36a45fbd4931ac1b:0x2576ec32a17bd29!8m2!3d25.305206!4d110.355863!16s%2Fg%2F1tp06cjm!19sChIJG6wxSb1fpDYRKb0XKsNuVwI?authuser=0&hl=ko&rclk=1,0,0.0,
159,China,Guilin,Mulan Garden,,,,,,https://www.google.com/maps/place/Mulan+Garden/data=!4m7!3m6!1s0x36a4f6840b1c42d7:0x2af9dd997863307a!8m2!3d25.25365!4d110.2759!16s%2Fg%2F11q485gyz8!19sChIJ10IcC4T2pDYRejBjeJnd-So?authuser=0&hl=ko&rclk=1,0,0.0,
160,China,Guilin,Guilin Public Bike Ludi Park Stn.,,,,,,https://www.google.com/maps/place/Guilin+Public+Bike+Ludi+Park+Stn./data=!4m7!3m6!1s0x36a4f457eb87380b:0xd2ed344900dee97b!8m2!3d25.30412!4d110.27243!16s%2Fg%2F11swwfb8pj!19sChIJCziH61f0pDYRe-neAEk07dI?authuser=0&hl=ko&rclk=1,0,0.0,
161,China,Guilin,Guilin Public Bicycles Xinlong Park Earth Zhan,,,,,,https://www.google.com/maps/place/Guilin+Public+Bicycles+Xinlong+Park+Earth+Zhan/data=!4m7!3m6!1s0x36a4f1bd2351b89d:0x57f90b07748089fc!8m2!3d25.24905!4d110.17484!16s%2Fg%2F11q496zcj2!19sChIJnbhRI73xpDYR_ImAdAcL-Vc?authuser=0&hl=ko&rclk=1,0,0.0,
162,China,Guilin,Public Toilet,,,,,,https://www.google.com/maps/place/Public+Toilet/data=!4m7!3m6!1s0x36a4f03ed0e55de9:0xaafdda2f89dabc1a!8m2!3d25.21296!4d110.1606!16s%2Fg%2F11q41rk1rd!19sChIJ6V3l0D7wpDYRGrzaiS_a_ao?authuser=0&hl=ko&rclk=1,0,0.0,
163,China,Guilin,Liquan Beer Culture Plaza Prkg. Lot,,,,,,https://www.google.com/maps/place/Liquan+Beer+Culture+Plaza+Prkg.+Lot/data=!4m7!3m6!1s0x36a4f42767b6a47f:0xdf94e3cfb535906f!8m2!3d25.26138!4d110.267!16s%2Fg%2F11q49ccr2_!19sChIJf6S2Zyf0pDYRb5A1tc_jlN8?authuser=0&hl=ko&rclk=1,0,0.0,
164,China,Guilin,Banyan Garden,,,,,,https://www.google.com/maps/place/Banyan+Garden/data=!4m7!3m6!1s0x36a4f683f7d7cea7:0x9b1ee0428588b538!8m2!3d25.25378!4d110.27637!16s%2Fg%2F11rv7cnkcs!19sChIJp87X94P2pDYROLWIhULgHps?authuser=0&hl=ko&rclk=1,0,0.0,
165,China,Guilin,구이린 시,,,,,,https://www.google.com/maps/place/%EA%B5%AC%EC%9D%B4%EB%A6%B0+%EC%8B%9C/data=!4m7!3m6!1s0x36a4f43675215133:0xff86c1191d704ae1!8m2!3d25.2736099!4d110.29002!16zL20vMDFzOXpw!19sChIJM1EhdTb0pDYR4UpwHRnBhv8?authuser=0&hl=ko&rclk=1,0,0.0,
166,China,Guilin,Guilin Tourism Corporation Limited,,,,,,https://www.google.com/maps/place/Guilin+Tourism+Corporation+Limited/data=!4m7!3m6!1s0x36a4f69ce082b4e9:0x17ee391f49359812!8m2!3d25.256562!4d110.269779!16s%2Fg%2F1td28lst!19sChIJ6bSC4Jz2pDYREpg1SR857hc?authuser=0&hl=ko&rclk=1,0,0.0,
167,China,Guilin,Guilin Station Parking Lot,,,,,,https://www.google.com/maps/place/Guilin+Station+Parking+Lot/data=!4m7!3m6!1s0x36a4f5d52e6280bb:0x91afc77d1ddf16c9!8m2!3d25.2607046!4d110.2837907!16s%2Fg%2F1tffh0_c!19sChIJu4BiLtX1pDYRyRbfHX3Hr5E?authuser=0&hl=ko&rclk=1,0,0.0,
168,China,Guilin,Junlinge,,,,,,https://www.google.com/maps/place/Junlinge/data=!4m7!3m6!1s0x36a4f5dc4f840e21:0xd0951427864ee0fc!8m2!3d25.263231!4d110.303355!16s%2Fg%2F11c5zz4n56!19sChIJIQ6ET9z1pDYR_OBOhicUldA?authuser=0&hl=ko&rclk=1,0,0.0,
169,China,Guilin,Mao'er Mountain Nature Reserve,,,,,,https://www.google.com/maps/place/Mao%27er+Mountain+Nature+Reserve/data=!4m7!3m6!1s0x36a382670d21354d:0xeb3488793e0e71d3!8m2!3d25.829146!4d110.353153!16s%2Fg%2F1tmpt7pt!19sChIJTTUhDWeCozYR03EOPnmINOs?authuser=0&hl=ko&rclk=1,0,0.0,
