data id_info,nation,region,name,operationTime,expense,infoTitle,infoContent,information,map_url,Popularity,rating,popularity
1,China,Nanjing,난징 대학,,,,,,https://www.google.com/maps/place/%EB%82%9C%EC%A7%95+%EB%8C%80%ED%95%99/data=!4m7!3m6!1s0x35b58ca322d00559:0xa812eb2489f6b7a3!8m2!3d32.0568391!4d118.7789602!16zL20vMDJ3NWg0!19sChIJWQXQIqOMtTURo7f2iSTrEqg?authuser=0&hl=ko&rclk=1,,4.8,154.0
2,China,Nanjing,Nanjing Municipal Museum,,,,,,https://www.google.com/maps/place/Nanjing+Municipal+Museum/data=!4m7!3m6!1s0x35b58c62e509b6ef:0xff8606fcbcdcf106!8m2!3d32.0348802!4d118.774838!16s%2Fg%2F155q85_0!19sChIJ77YJ5WKMtTURBvHcvPwGhv8?authuser=0&hl=ko&rclk=1,,4.5,47.0
3,China,Nanjing,Jiangnan Examination Hall,,,,,,https://www.google.com/maps/place/Jiangnan+Examination+Hall/data=!4m7!3m6!1s0x35b58c5d5c99d469:0x6cde336c182f646f!8m2!3d32.021898!4d118.790381!16s%2Fm%2F0jwz6mn!19sChIJadSZXF2MtTURb2QvGGwz3mw?authuser=0&hl=ko&rclk=1,,4.3,46.0
4,China,Nanjing,영곡탑,,,,,,https://www.google.com/maps/place/%EC%98%81%EA%B3%A1%ED%83%91/data=!4m7!3m6!1s0x35b58c13830e69c5:0xa25684f8371aef19!8m2!3d32.009386!4d118.783343!16zL20vMDRkYnZz!19sChIJxWkOgxOMtTURGe8aN_iEVqI?authuser=0&hl=ko&rclk=1,,4.5,45.0
5,China,Nanjing,Nanjing Ming Palace Museum Relics Park （South Gate）,,,,,,https://www.google.com/maps/place/Nanjing+Ming+Palace+Museum+Relics+Park+%EF%BC%88South+Gate%EF%BC%89/data=!4m7!3m6!1s0x35b58d1c19671b29:0xad387ac616796076!8m2!3d32.039882!4d118.817777!16s%2Fg%2F1tdm6cbq!19sChIJKRtnGRyNtTURdmB5FsZ6OK0?authuser=0&hl=ko&rclk=1,,3.7,44.0
6,China,Nanjing,JJ Inns-Nanjing East Road Pedestrian Street,,,,,,https://www.google.com/maps/place/JJ+Inns-Nanjing+East+Road+Pedestrian+Street/data=!4m10!3m9!1s0x35b271a70c629daf:0x97fb52d14875dba8!5m2!4m1!1i2!8m2!3d31.2357888!4d121.4774342!16s%2Fg%2F1pp2t_dlg!19sChIJr51iDKdxsjURqNt1SNFS-5c?authuser=0&hl=ko&rclk=1,,4.0,43.0
7,China,Nanjing,Nanjing Underwater World,,,,,,https://www.google.com/maps/place/Nanjing+Underwater+World/data=!4m7!3m6!1s0x35b58d4ef4a7ba33:0x4a0f0436100f2dea!8m2!3d32.05292!4d118.844759!16s%2Fm%2F0hgr0xd!19sChIJM7qn9E6NtTUR6i0PEDYED0o?authuser=0&hl=ko&rclk=1,,3.5,41.0
8,China,Nanjing,난징 올림픽 스포츠 센터,,,,,,https://www.google.com/maps/place/%EB%82%9C%EC%A7%95+%EC%98%AC%EB%A6%BC%ED%94%BD+%EC%8A%A4%ED%8F%AC%EC%B8%A0+%EC%84%BC%ED%84%B0/data=!4m7!3m6!1s0x35b58a2abd7ded39:0x690effaf460a1802!8m2!3d32.008194!4d118.718346!16zL20vMGg0djkx!19sChIJOe19vSqKtTURAhgKRq__Dmk?authuser=0&hl=ko&rclk=1,,4.2,39.0
9,China,Nanjing,Beiting,,,,,,https://www.google.com/maps/place/Beiting/data=!4m7!3m6!1s0x35b5f2ac7bd6a8cf:0xef50365154ed91b2!8m2!3d32.060392!4d118.853467!16s%2Fg%2F1vbl5mv9!19sChIJz6jWe6zytTURspHtVFE2UO8?authuser=0&hl=ko&rclk=1,,4.6,37.0
10,China,Nanjing,Nanjing Imperial Examination Museum （Southeast Gate）,,,,,,https://www.google.com/maps/place/Nanjing+Imperial+Examination+Museum+%EF%BC%88Southeast+Gate%EF%BC%89/data=!4m7!3m6!1s0x35b58c5d4ce06e3f:0x7178c24e09d013c4!8m2!3d32.020894!4d118.790674!16s%2Fg%2F11cm1jh36r!19sChIJP27gTF2MtTURxBPQCU7CeHE?authuser=0&hl=ko&rclk=1,,4.3,35.0
11,China,Nanjing,Nanjing International Youth Cultural Centre,,,,,,https://www.google.com/maps/place/Nanjing+International+Youth+Cultural+Centre/data=!4m7!3m6!1s0x35b5899780159771:0x3ad4ab3a180a8ff0!8m2!3d31.991638!4d118.708052!16s%2Fg%2F1203n7fzg!19sChIJcZcVgJeJtTUR8I8KGDqr1Do?authuser=0&hl=ko&rclk=1,,4.5,35.0
12,China,Nanjing,Yuhuatai Martyrs Memorial Hall,,,,,,https://www.google.com/maps/place/Yuhuatai+Martyrs+Memorial+Hall/data=!4m7!3m6!1s0x35b58c1c827dda91:0x2f4c5aa1384e2e2b!8m2!3d31.99716!4d118.780327!16s%2Fg%2F1tfc4nl1!19sChIJkdp9ghyMtTURKy5OOKFaTC8?authuser=0&hl=ko&rclk=1,,4.2,34.0
13,China,Nanjing,Linggu Tower,,,,,,https://www.google.com/maps/place/Linggu+Tower/data=!4m7!3m6!1s0x35b5ed53c395cd87:0xe22644000b2f8f2a!8m2!3d32.058498!4d118.867075!16s%2Fg%2F1tr8jm8f!19sChIJh82Vw1PttTURKo8vCwBEJuI?authuser=0&hl=ko&rclk=1,,4.3,33.0
14,China,Nanjing,南京站,,,,,,https://www.google.com/maps/place/%E5%8D%97%E4%BA%AC%E7%AB%99/data=!4m7!3m6!1s0x35b5f33bdf2d1d7f:0xbe236cbd19b83d84!8m2!3d32.086457!4d118.795222!16s%2Fg%2F128dgywwk!19sChIJfx0t3zvztTURhD24Gb1sI74?authuser=0&hl=ko&rclk=1,,4.4,31.0
15,China,Nanjing,Nanjing International Youth Culture Park,,,,,,https://www.google.com/maps/place/Nanjing+International+Youth+Culture+Park/data=!4m7!3m6!1s0x35b589be3810ef8b:0xade10fe48415ae9!8m2!3d31.989791!4d118.700174!16s%2Fg%2F11cm1jk050!19sChIJi-8QOL6JtTUR6VpBSP4Q3go?authuser=0&hl=ko&rclk=1,,4.2,26.0
16,China,Nanjing,Sunquanmu,,,,,,https://www.google.com/maps/place/Sunquanmu/data=!4m7!3m6!1s0x35b58d47b7419505:0x39632612a0d0fe87!8m2!3d32.049032!4d118.838634!16s%2Fg%2F155rlx5r!19sChIJBZVBt0eNtTURh_7QoBImYzk?authuser=0&hl=ko&rclk=1,,4.3,25.0
17,China,Nanjing,南京太平天国历史博物馆,,,,,,https://www.google.com/maps/place/%E5%8D%97%E4%BA%AC%E5%A4%AA%E5%B9%B3%E5%A4%A9%E5%9B%BD%E5%8E%86%E5%8F%B2%E5%8D%9A%E7%89%A9%E9%A6%86/data=!4m7!3m6!1s0x35b58c68b8e7039d:0x2076fd709d45b6e3!8m2!3d32.021051!4d118.784995!16zL20vMGQ5OGNn!19sChIJnQPnuGiMtTUR47ZFnXD9diA?authuser=0&hl=ko&rclk=1,,4.0,25.0
18,China,Nanjing,Novotel Nanjing East Suning Galaxy,,,,,,https://www.google.com/maps/place/Novotel+Nanjing+East+Suning+Galaxy/data=!4m10!3m9!1s0x35b5ed09244a339f:0xf12768600d9e2c61!5m2!4m1!1i2!8m2!3d32.085174!4d118.891253!16s%2Fg%2F11bymyxxz8!19sChIJnzNKJAnttTURYSyeDWBoJ_E?authuser=0&hl=ko&rclk=1,,4.5,24.0
19,China,Nanjing,灵谷寺,,,,,,https://www.google.com/maps/place/%E7%81%B5%E8%B0%B7%E5%AF%BA/data=!4m7!3m6!1s0x35b5ed532292799f:0x70c89d1754756ba0!8m2!3d32.054984!4d118.867826!16zL20vMDVkMm15!19sChIJn3mSIlPttTURoGt1VBedyHA?authuser=0&hl=ko&rclk=1,,4.7,23.0
20,China,Nanjing,国民政府主席官邸,,,,,,https://www.google.com/maps/place/%E5%9B%BD%E6%B0%91%E6%94%BF%E5%BA%9C%E4%B8%BB%E5%B8%AD%E5%AE%98%E9%82%B8/data=!4m7!3m6!1s0x35b58d45807e0e3b:0x9f7065adab2bc6fc!8m2!3d32.046188!4d118.849588!16s%2Fg%2F12338gsw!19sChIJOw5-gEWNtTUR_MYrq61lcJ8?authuser=0&hl=ko&rclk=1,,4.4,22.0
21,China,Nanjing,Egret Island Park （North Gate）,,,,,,https://www.google.com/maps/place/Egret+Island+Park+%EF%BC%88North+Gate%EF%BC%89/data=!4m7!3m6!1s0x35b58c5b58c83d95:0x1e428b595ed90f7f!8m2!3d32.018102!4d118.79553!16s%2Fg%2F12vzps6j1!19sChIJlT3IWFuMtTURfw_ZXlmLQh4?authuser=0&hl=ko&rclk=1,,4.1,21.0
22,China,Nanjing,大照壁,,,,,,https://www.google.com/maps/place/%E5%A4%A7%E7%85%A7%E5%A3%81/data=!4m7!3m6!1s0x35b58c682619d3db:0x872d159f439534f4!8m2!3d32.019171!4d118.789523!16s%2Fg%2F1trtsc1_!19sChIJ29MZJmiMtTUR9DSVQ58VLYc?authuser=0&hl=ko&rclk=1,,4.6,17.0
23,China,Nanjing,南京眼,,,,,,https://www.google.com/maps/place/%E5%8D%97%E4%BA%AC%E7%9C%BC/data=!4m7!3m6!1s0x35b58923a37f27b3:0x2a58de73cd15992b!8m2!3d31.9949559!4d118.7032814!16s%2Fg%2F11h4_r9xsf!19sChIJsyd_oyOJtTURK5kVzXPeWCo?authuser=0&hl=ko&rclk=1,,4.6,17.0
24,China,Nanjing,Jiangning Imperial Silk Manufacturing Museum （West Gate）,,,,,,https://www.google.com/maps/place/Jiangning+Imperial+Silk+Manufacturing+Museum+%EF%BC%88West+Gate%EF%BC%89/data=!4m7!3m6!1s0x35b58ced96706593:0xdee7f76bc57fe892!8m2!3d32.04206!4d118.793726!16s%2Fg%2F1ygbchyb6!19sChIJk2Vwlu2MtTURkuh_xWv3594?authuser=0&hl=ko&rclk=1,,4.1,17.0
25,China,Nanjing,"College of Fine Art, Nanjing Art Institute",,,,,,"https://www.google.com/maps/place/College+of+Fine+Art,+Nanjing+Art+Institute/data=!4m7!3m6!1s0x35b58b434bd7400d:0x158ba6129b4a99ae!8m2!3d32.065092!4d118.754434!16s%2Fg%2F1tj43yx5!19sChIJDUDXS0OLtTURrplKmxKmixU?authuser=0&hl=ko&rclk=1",,4.6,14.0
26,China,Nanjing,Second Historical Archives of China,,,,,,https://www.google.com/maps/place/Second+Historical+Archives+of+China/data=!4m7!3m6!1s0x35b58d1de46eea8d:0x536ae8dae22734ce!8m2!3d32.040678!4d118.81404!16s%2Fm%2F04gk0cb!19sChIJjepu5B2NtTURzjQn4troalM?authuser=0&hl=ko&rclk=1,,4.5,13.0
27,China,Nanjing,Six Dynasties Museum,,,,,,https://www.google.com/maps/place/Six+Dynasties+Museum/data=!4m7!3m6!1s0x35b58cef05d0d407:0xc689e8552c25a607!8m2!3d32.042503!4d118.79908!16s%2Fg%2F11hz9hp9gh!19sChIJB9TQBe-MtTURB6YlLFXoicY?authuser=0&hl=ko&rclk=1,,4.5,13.0
28,China,Nanjing,Nanjing Normal University Xianlin Campus Botanical Garden,,,,,,https://www.google.com/maps/place/Nanjing+Normal+University+Xianlin+Campus+Botanical+Garden/data=!4m7!3m6!1s0x35b5ec3594bae225:0x19933285cfd38122!8m2!3d32.106556!4d118.910591!16s%2Fg%2F11cnpbj6ns!19sChIJJeK6lDXstTURIoHTz4Uykxk?authuser=0&hl=ko&rclk=1,,4.4,13.0
29,China,Nanjing,Nanjing Science & Technology Museum （North Gate）,,,,,,https://www.google.com/maps/place/Nanjing+Science+%26+Technology+Museum+%EF%BC%88North+Gate%EF%BC%89/data=!4m7!3m6!1s0x35b58ea6db34eaff:0x750cf6b7e7f529a3!8m2!3d31.986709!4d118.783955!16s%2Fg%2F1td15x0n!19sChIJ_-o026aOtTURoyn157f2DHU?authuser=0&hl=ko&rclk=1,,4.6,13.0
30,China,Nanjing,Laomendong,,,,,,https://www.google.com/maps/place/Laomendong/data=!4m7!3m6!1s0x35b58c6ad4f55f05:0x22e81fcefe938b3!8m2!3d32.01144!4d118.78711!16s%2Fg%2F11r_gz044b!19sChIJBV_11GqMtTURszjp7_yBLgI?authuser=0&hl=ko&rclk=1,,4.5,13.0
31,China,Nanjing,Nanjing Yinyuetai,,,,,,https://www.google.com/maps/place/Nanjing+Yinyuetai/data=!4m7!3m6!1s0x35b58d54eb78f3d5:0x962cc3ea732393d2!8m2!3d32.055215!4d118.855486!16s%2Fg%2F11b62qfxvk!19sChIJ1fN461SNtTUR0pMjc-rDLJY?authuser=0&hl=ko&rclk=1,,4.6,13.0
32,China,Nanjing,Nanjing Xianlinhu Park,,,,,,https://www.google.com/maps/place/Nanjing+Xianlinhu+Park/data=!4m7!3m6!1s0x35b5e96d3e5de473:0xe9b54fc339f412f0!8m2!3d32.127148!4d118.98607!16s%2Fg%2F11cnpfh8_h!19sChIJc-RdPm3ptTUR8BL0OcNPtek?authuser=0&hl=ko&rclk=1,,4.2,12.0
33,China,Nanjing,Zhongshanmen,,,,,,https://www.google.com/maps/place/Zhongshanmen/data=!4m7!3m6!1s0x35b58d172fa9fe33:0x935197c58d513eea!8m2!3d32.0383555!4d118.8270929!16s%2Fg%2F122tp4cw!19sChIJM_6pLxeNtTUR6j5RjcWXUZM?authuser=0&hl=ko&rclk=1,,4.5,11.0
34,China,Nanjing,Jiangsu Art Museum,,,,,,https://www.google.com/maps/place/Jiangsu+Art+Museum/data=!4m7!3m6!1s0x35b58cefb239fc7d:0x924c46d674f21185!8m2!3d32.041456!4d118.798792!16s%2Fg%2F1v42cvf0!19sChIJffw5su-MtTURhRHydNZGTJI?authuser=0&hl=ko&rclk=1,,4.5,10.0
35,China,Nanjing,阅江楼,,,,,,https://www.google.com/maps/place/%E9%98%85%E6%B1%9F%E6%A5%BC/data=!4m7!3m6!1s0x35b5f4b790100573:0xdd40499522995599!8m2!3d32.0937926!4d118.7452605!16s%2Fm%2F0h67tnp!19sChIJcwUQkLf0tTURmVWZIpVJQN0?authuser=0&hl=ko&rclk=1,,4.4,10.0
36,China,Nanjing,Former Residence of Gan Xi,,,,,,https://www.google.com/maps/place/Former+Residence+of+Gan+Xi/data=!4m7!3m6!1s0x35b58c6445d1a4ad:0x4219cfd20775fea3!8m2!3d32.026325!4d118.782069!16s%2Fm%2F0jt9kgl!19sChIJraTRRWSMtTURo_51B9LPGUI?authuser=0&hl=ko&rclk=1,,4.2,10.0
37,China,Nanjing,南京国防园,,,,,,https://www.google.com/maps/place/%E5%8D%97%E4%BA%AC%E5%9B%BD%E9%98%B2%E5%9B%AD/data=!4m7!3m6!1s0x35b58b6598584057:0x82d65e142381381a!8m2!3d32.053265!4d118.756109!16s%2Fg%2F120jfdmb!19sChIJV0BYmGWLtTURGjiBIxRe1oI?authuser=0&hl=ko&rclk=1,,4.0,9.0
38,China,Nanjing,Nanjing Jinghai Temple Memorial Hall,,,,,,https://www.google.com/maps/place/Nanjing+Jinghai+Temple+Memorial+Hall/data=!4m7!3m6!1s0x35b5f4b63580843d:0x7c58a84433f885b3!8m2!3d32.091878!4d118.744578!16s%2Fm%2F0h64yrl!19sChIJPYSANbb0tTURs4X4M0SoWHw?authuser=0&hl=ko&rclk=1,,3.8,8.0
39,China,Nanjing,Garden Expo Park,,,,,,https://www.google.com/maps/place/Garden+Expo+Park/data=!4m7!3m6!1s0x35b5ea47633318d3:0x9e4360353f30aa5b!8m2!3d32.07938!4d119.01472!16s%2Fg%2F11swr1f8ms!19sChIJ0xgzY0fqtTURW6owPzVgQ54?authuser=0&hl=ko&rclk=1,,4.1,7.0
40,China,Nanjing,南京南站,,,,,,https://www.google.com/maps/place/%E5%8D%97%E4%BA%AC%E5%8D%97%E7%AB%99/data=!4m7!3m6!1s0x35b58e9304b5eacd:0x424d278d8d3c822!8m2!3d31.968887!4d118.798048!16s%2Fg%2F128dgqy1t!19sChIJzeq1BJOOtTURIsjT2HjSJAQ?authuser=0&hl=ko&rclk=1,,3.9,7.0
41,China,Nanjing,Nanjing Pearl Spring Park,,,,,,https://www.google.com/maps/place/Nanjing+Pearl+Spring+Park/data=!4m7!3m6!1s0x35ca0abf4276add7:0x51bc2e65ae97e94a!8m2!3d32.124248!4d118.650782!16s%2Fg%2F1tm670dl!19sChIJ1612Qr8KyjURSumXrmUuvFE?authuser=0&hl=ko&rclk=1,,4.2,6.0
42,China,Nanjing,"Children's Amusement Park, Dr. Sun Yat-sen's Mausoleum",,,,,,"https://www.google.com/maps/place/Children%27s+Amusement+Park,+Dr.+Sun+Yat-sen%27s+Mausoleum/data=!4m7!3m6!1s0x35b592aaaca2f823:0x760127207446081b!8m2!3d32.0556!4d118.860079!16s%2Fg%2F1tdbj0vq!19sChIJI_iirKqStTURGwhGdCAnAXY?authuser=0&hl=ko&rclk=1",,4.7,6.0
43,China,Nanjing,Gulin Park,,,,,,https://www.google.com/maps/place/Gulin+Park/data=!4m7!3m6!1s0x35b58b5b6025878b:0x5981f2037671d1a7!8m2!3d32.066985!4d118.753731!16s%2Fm%2F0h7ptfl!19sChIJi4clYFuLtTURp9FxdgPygVk?authuser=0&hl=ko&rclk=1,,4.2,6.0
44,China,Nanjing,Botanical Garden （North Gate）,,,,,,https://www.google.com/maps/place/Botanical+Garden+%EF%BC%88North+Gate%EF%BC%89/data=!4m7!3m6!1s0x35b58d39b7b81dc7:0x3f20c8ff025176ef!8m2!3d32.0507262!4d118.8329225!16s%2Fg%2F1tqtvyl3!19sChIJxx24tzmNtTUR73ZRAv_IID8?authuser=0&hl=ko&rclk=1,,4.0,5.0
45,China,Nanjing,Nanjing Great Wall,,,,,,https://www.google.com/maps/place/Nanjing+Great+Wall/data=!4m7!3m6!1s0x35ca0abf413ae811:0x641dbcc7a582a8c!8m2!3d32.123928!4d118.651022!16s%2Fg%2F1th1s46p!19sChIJEeg6Qb8KyjURjCpYeszbQQY?authuser=0&hl=ko&rclk=1,,4.6,5.0
46,China,Nanjing,南京地质博物馆,,,,,,https://www.google.com/maps/place/%E5%8D%97%E4%BA%AC%E5%9C%B0%E8%B4%A8%E5%8D%9A%E7%89%A9%E9%A6%86/data=!4m7!3m6!1s0x35b58ce6db8f42f5:0x422180871a5b5ce7!8m2!3d32.045296!4d118.806521!16s%2Fg%2F12tb81cfq!19sChIJ9UKP2-aMtTUR51xbGoeAIUI?authuser=0&hl=ko&rclk=1,,4.6,5.0
47,China,Nanjing,Sifang Art Museum,,,,,,https://www.google.com/maps/place/Sifang+Art+Museum/data=!4m7!3m6!1s0x35b58cb97a14e7e7:0xffd72a5f20388d!8m2!3d32.1134637!4d118.6442118!16s%2Fm%2F0dddd7h!19sChIJ5-cUermMtTURjTggXyrX_wA?authuser=0&hl=ko&rclk=1,,4.4,5.0
48,China,Nanjing,Botanical Expo Garden,,,,,,https://www.google.com/maps/place/Botanical+Expo+Garden/data=!4m7!3m6!1s0x35b58d39a06aee3d:0x3ff460d18ecd51e4!8m2!3d32.049672!4d118.832105!16s%2Fg%2F1thg8hgj!19sChIJPe5qoDmNtTUR5FHNjtFg9D8?authuser=0&hl=ko&rclk=1,,4.8,5.0
49,China,Nanjing,Nanjing Long-distance Bus East Station,,,,,,https://www.google.com/maps/place/Nanjing+Long-distance+Bus+East+Station/data=!4m7!3m6!1s0x35b5f2dd0ef2213f:0x3b05f81b1b797d61!8m2!3d32.084112!4d118.822316!16s%2Fg%2F155qv2jw!19sChIJPyHyDt3ytTURYX15Gxv4BTs?authuser=0&hl=ko&rclk=1,,4.2,5.0
50,China,Nanjing,Wuchaomen Park,,,,,,https://www.google.com/maps/place/Wuchaomen+Park/data=!4m7!3m6!1s0x35b58d1c8cc2c157:0x7cb5867d01ee662!8m2!3d32.037982!4d118.817679!16s%2Fm%2F010lz6l2!19sChIJV8HCjByNtTURYuYe0GdYywc?authuser=0&hl=ko&rclk=1,,4.2,5.0
51,China,Nanjing,Nanjing Ming Dynasty City Wall History Museum,,,,,,https://www.google.com/maps/place/Nanjing+Ming+Dynasty+City+Wall+History+Museum/data=!4m7!3m6!1s0x35b58ccf39a0eacd:0xf978547ac2d25452!8m2!3d32.0625646!4d118.7965171!16s%2Fg%2F1ttytsyy!19sChIJzeqgOc-MtTURUlTSwnpUePk?authuser=0&hl=ko&rclk=1,,4.5,4.0
52,China,Nanjing,Nanjing Library,,,,,,https://www.google.com/maps/place/Nanjing+Library/data=!4m7!3m6!1s0x35b58cc203d4faa3:0xf3d9003318e325ca!8m2!3d32.051118!4d118.795775!16s%2Fg%2F11xgc5x38!19sChIJo_rUA8KMtTURyiXjGDMA2fM?authuser=0&hl=ko&rclk=1,,4.3,4.0
53,China,Nanjing,Nanjing Ten Dynasties History Culture Park,,,,,,https://www.google.com/maps/place/Nanjing+Ten+Dynasties+History+Culture+Park/data=!4m7!3m6!1s0x35b58d4407d69fb5:0xd6e9399dfcafc793!8m2!3d32.044461!4d118.842914!16s%2Fg%2F11cnp879gj!19sChIJtZ_WB0SNtTURk8ev_J056dY?authuser=0&hl=ko&rclk=1,,4.0,4.0
54,China,Nanjing,Zhongshan Scenic Area,,,,,,https://www.google.com/maps/place/Zhongshan+Scenic+Area/data=!4m7!3m6!1s0x35b5f2a236b159ff:0xb710172d1fe5696e!8m2!3d32.076084!4d118.852735!16s%2Fg%2F1vnrj1_9!19sChIJ_1mxNqLytTURbmnlHy0XELc?authuser=0&hl=ko&rclk=1,,5.0,4.0
55,China,Nanjing,Banyan Tree Nanjing Garden Expo,,,,,,https://www.google.com/maps/place/Banyan+Tree+Nanjing+Garden+Expo/data=!4m10!3m9!1s0x35b5ebad5cda6df7:0x15c9957eee917b1!5m2!4m1!1i2!8m2!3d32.072719!4d118.998192!16s%2Fg%2F11r_dy9fqw!19sChIJ923aXK3rtTURsRfp7leZXAE?authuser=0&hl=ko&rclk=1,,4.7,3.0
56,China,Nanjing,Yuanguomin Government Former Site,,,,,,https://www.google.com/maps/place/Yuanguomin+Government+Former+Site/data=!4m7!3m6!1s0x35b58ca5824d88e7:0xbe97b723db45448d!8m2!3d32.065885!4d118.775037!16s%2Fg%2F155r9jfz!19sChIJ54hNgqWMtTURjURF2yO3l74?authuser=0&hl=ko&rclk=1,,4.0,3.0
57,China,Nanjing,Rsun Happy World,,,,,,https://www.google.com/maps/place/Rsun+Happy+World/data=!4m7!3m6!1s0x35b5f453e175a38f:0xc101f2cfafb36e1f!8m2!3d32.1351034!4d118.7273929!16s%2Fg%2F113gmkspf!19sChIJj6N14VP0tTURH26zr8_yAcE?authuser=0&hl=ko&rclk=1,,5.0,3.0
58,China,Nanjing,Botanical Expo Garden （South Gate）,,,,,,https://www.google.com/maps/place/Botanical+Expo+Garden+%EF%BC%88South+Gate%EF%BC%89/data=!4m7!3m6!1s0x35b58d39185f10cd:0x1e30661f60764f70!8m2!3d32.048193!4d118.832908!16s%2Fg%2F1tjtg9z3!19sChIJzRBfGDmNtTURcE92YB9mMB4?authuser=0&hl=ko&rclk=1,,4.3,3.0
59,China,Nanjing,Nanjing Qiqiaoweng Wetland Park,,,,,,https://www.google.com/maps/place/Nanjing+Qiqiaoweng+Wetland+Park/data=!4m7!3m6!1s0x35b58d9723e16073:0x25506e98268a94fe!8m2!3d32.005536!4d118.840484!16s%2Fg%2F1tmphkkw!19sChIJc2DhI5eNtTUR_pSKJphuUCU?authuser=0&hl=ko&rclk=1,,4.0,3.0
60,China,Nanjing,Nanjing Ape Cave Scenic Area,,,,,,https://www.google.com/maps/place/Nanjing+Ape+Cave+Scenic+Area/data=!4m7!3m6!1s0x35b5ea78b61c873d:0x8e16d1fca9cef7e1!8m2!3d32.056784!4d119.044849!16s%2Fg%2F1v_w0f7t!19sChIJPYcctnjqtTUR4ffOqfzRFo4?authuser=0&hl=ko&rclk=1,,3.5,2.0
61,China,Nanjing,Nanjing City Walls Museum,,,,,,https://www.google.com/maps/place/Nanjing+City+Walls+Museum/data=!4m7!3m6!1s0x35b58cb44339eed9:0xc90770894c8b03f6!8m2!3d32.070806!4d118.785639!16s%2Fg%2F11cm1jqnl8!19sChIJ2e45Q7SMtTUR9gOLTIlwB8k?authuser=0&hl=ko&rclk=1,,4.5,2.0
62,China,Nanjing,Nanjing Youth Olympic Sports Park,,,,,,https://www.google.com/maps/place/Nanjing+Youth+Olympic+Sports+Park/data=!4m7!3m6!1s0x35ca758d5ddaadc9:0x73632b506d1c3990!8m2!3d32.0433142!4d118.6618899!16s%2Fg%2F11cnp82dk0!19sChIJya3aXY11yjURkDkcbVArY3M?authuser=0&hl=ko&rclk=1,,5.0,2.0
63,China,Nanjing,Qinghua Community Activity Center,,,,,,https://www.google.com/maps/place/Qinghua+Community+Activity+Center/data=!4m7!3m6!1s0x35b58d782cef3b69:0x6d9f0dfa0b1ab1dc!8m2!3d32.019409!4d118.848521!16s%2Fg%2F11c5z_t7yj!19sChIJaTvvLHiNtTUR3LEaC_oNn20?authuser=0&hl=ko&rclk=1,,5.0,2.0
64,China,Nanjing,Jiangning Art Museum,,,,,,https://www.google.com/maps/place/Jiangning+Art+Museum/data=!4m7!3m6!1s0x35b58fadc110ddbb:0x1ed16a91541ad573!8m2!3d31.9358!4d118.82302!16s%2Fg%2F11swy4d81_!19sChIJu90Qwa2PtTURc9UaVJFq0R4?authuser=0&hl=ko&rclk=1,,5.0,2.0
65,China,Nanjing,Happy Valley Nanjing,,,,,,https://www.google.com/maps/place/Happy+Valley+Nanjing/data=!4m7!3m6!1s0x35b5e8f988b56c61:0x8f47f8d86ac498ad!8m2!3d32.1556262!4d118.9939714!16s%2Fg%2F11f_pxr3wg!19sChIJYWy1iPnotTURrZjEatj4R48?authuser=0&hl=ko&rclk=1,,5.0,2.0
66,China,Nanjing,明古城墙,,,,,,https://www.google.com/maps/place/%E6%98%8E%E5%8F%A4%E5%9F%8E%E5%A2%99/data=!4m7!3m6!1s0x35b58c3f854efb45:0xd13b0dc2da10f2b7!8m2!3d32.009448!4d118.792002!16s%2Fg%2F1v1tl3s4!19sChIJRftOhT-MtTURt_IQ2sINO9E?authuser=0&hl=ko&rclk=1,,5.0,2.0
67,China,Nanjing,南京人化石地点,,,,,,https://www.google.com/maps/place/%E5%8D%97%E4%BA%AC%E4%BA%BA%E5%8C%96%E7%9F%B3%E5%9C%B0%E7%82%B9/data=!4m7!3m6!1s0x35b5c1d169af649d:0xf7baaeda824120c1!8m2!3d32.055194!4d119.053418!16s%2Fg%2F121bklcg!19sChIJnWSvadHBtTURwSBBgtquuvc?authuser=0&hl=ko&rclk=1,,4.5,2.0
68,China,Nanjing,난징인민대회당,,,,,,https://www.google.com/maps/place/%EB%82%9C%EC%A7%95%EC%9D%B8%EB%AF%BC%EB%8C%80%ED%9A%8C%EB%8B%B9/data=!4m7!3m6!1s0x35b58cec50b9f7c1:0xc29607dacd3b2b35!8m2!3d32.044228!4d118.793083!16s%2Fm%2F0jkxd70!19sChIJwfe5UOyMtTURNSs7zdoHlsI?authuser=0&hl=ko&rclk=1,,4.0,2.0
69,China,Nanjing,Sports Science & Technology Center,,,,,,https://www.google.com/maps/place/Sports+Science+%26+Technology+Center/data=!4m7!3m6!1s0x35b58bd571b84781:0xf0772ecf4af3a7b8!8m2!3d32.0068599!4d118.7224517!16s%2Fg%2F1tg6srlt!19sChIJgUe4cdWLtTURuKfzSs8ud_A?authuser=0&hl=ko&rclk=1,,4.5,2.0
70,China,Nanjing,Qinhua Rijun Nanjing Datusha North Pole Pavilion Nearby Yunan Sibling Monument,,,,,,https://www.google.com/maps/place/Qinhua+Rijun+Nanjing+Datusha+North+Pole+Pavilion+Nearby+Yunan+Sibling+Monument/data=!4m7!3m6!1s0x35b58cc741e6c7c3:0x525eb5e4617596c9!8m2!3d32.058472!4d118.790939!16s%2Fg%2F11h18z2xf!19sChIJw8fmQceMtTURyZZ1YeS1XlI?authuser=0&hl=ko&rclk=1,,5.0,1.0
71,China,Nanjing,Zhongshan Construction Relic Site,,,,,,https://www.google.com/maps/place/Zhongshan+Construction+Relic+Site/data=!4m7!3m6!1s0x35b5f2b1a8269507:0xe09bd10cc3f8048b!8m2!3d32.066638!4d118.845133!16s%2Fg%2F155pg36l!19sChIJB5UmqLHytTURiwT4wwzRm-A?authuser=0&hl=ko&rclk=1,,4.0,1.0
72,China,Nanjing,Jianye Cultural Center Biaohua Center,,,,,,https://www.google.com/maps/place/Jianye+Cultural+Center+Biaohua+Center/data=!4m7!3m6!1s0x35b58b8f35228ee1:0x6ae5ad1d7008a51f!8m2!3d32.026822!4d118.760524!16s%2Fg%2F1tj82x7y!19sChIJ4Y4iNY-LtTURH6UIcB2t5Wo?authuser=0&hl=ko&rclk=1,,4.0,1.0
73,China,Nanjing,Nanjing Aerospace Museum,,,,,,https://www.google.com/maps/place/Nanjing+Aerospace+Museum/data=!4m7!3m6!1s0x35b58c6f6e4e7d53:0x58315d8fd7b391d7!8m2!3d32.022149!4d118.781867!16s%2Fg%2F113j47d3x!19sChIJU31Obm-MtTUR15Gz149dMVg?authuser=0&hl=ko&rclk=1,,5.0,1.0
74,China,Nanjing,Jingkou Art Gallery,,,,,,https://www.google.com/maps/place/Jingkou+Art+Gallery/data=!4m7!3m6!1s0x35b42a245938d031:0xf3d11f521e06f603!8m2!3d32.1985067!4d119.5026913!16s%2Fg%2F1tgpqnbr!19sChIJMdA4WSQqtDURA_YGHlIf0fM?authuser=0&hl=ko&rclk=1,,5.0,1.0
75,China,Nanjing,Zhongyang Former Site of University,,,,,,https://www.google.com/maps/place/Zhongyang+Former+Site+of+University/data=!4m7!3m6!1s0x35b58cc1481644b3:0x7f5edef27999d618!8m2!3d32.055809!4d118.794184!16s%2Fg%2F11vdhgkjs!19sChIJs0QWSMGMtTURGNaZefLeXn8?authuser=0&hl=ko&rclk=1,,5.0,1.0
76,China,Nanjing,Baby Park Children Theme Party,,,,,,https://www.google.com/maps/place/Baby+Park+Children+Theme+Party/data=!4m7!3m6!1s0x35b58b0d13cb2801:0x35a6158407f22bfe!8m2!3d32.052311!4d118.741121!16s%2Fg%2F11cm1kyb2j!19sChIJASjLEw2LtTUR_ivyB4QVpjU?authuser=0&hl=ko&rclk=1,,5.0,1.0
77,China,Nanjing,Lizongren Residence Former Site,,,,,,https://www.google.com/maps/place/Lizongren+Residence+Former+Site/data=!4m7!3m6!1s0x35b58cb09c03f097:0x49e2ffd5fa7676f4!8m2!3d32.0647868!4d118.7820375!16s%2Fg%2F155q5pvy!19sChIJl_ADnLCMtTUR9HZ2-tX_4kk?authuser=0&hl=ko&rclk=1,,5.0,1.0
78,China,Nanjing,Nanjing Art Gallery,,,,,,https://www.google.com/maps/place/Nanjing+Art+Gallery/data=!4m7!3m6!1s0x35b58cf6d493b885:0xd791d39379aaa2a5!8m2!3d32.0344689!4d118.798141!16s%2Fg%2F1td1shdq!19sChIJhbiT1PaMtTURpaKqeZPTkdc?authuser=0&hl=ko&rclk=1,,1.0,1.0
79,China,Nanjing,Nanjing Intangible Cultural Heritage Exhibition Hall,,,,,,https://www.google.com/maps/place/Nanjing+Intangible+Cultural+Heritage+Exhibition+Hall/data=!4m7!3m6!1s0x35b58c6445d1e9b5:0x6cf7f33f9ed5d2b!8m2!3d32.0263027!4d118.7821182!16s%2Fg%2F12vqm1xnq!19sChIJtenRRWSMtTURK13t-TN_zwY?authuser=0&hl=ko&rclk=1,,5.0,1.0
80,China,Nanjing,科巷菜市场,,,,,,https://www.google.com/maps/place/%E7%A7%91%E5%B7%B7%E8%8F%9C%E5%B8%82%E5%9C%BA/data=!4m7!3m6!1s0x35b58cf18dcd5fe5:0xdcf4b6e87072ff50!8m2!3d32.038696!4d118.796136!16s%2Fg%2F1v8x06w1!19sChIJ5V_NjfGMtTURUP9ycOi29Nw?authuser=0&hl=ko&rclk=1,,4.0,1.0
81,China,Nanjing,Jiangsu Cultural Center,,,,,,https://www.google.com/maps/place/Jiangsu+Cultural+Center/data=!4m7!3m6!1s0x35b58c8be50beec9:0x2ea651d6def4ba4c!8m2!3d32.037144!4d118.784546!16s%2Fg%2F1v_vqzd6!19sChIJye4L5YuMtTURTLr03tZRpi4?authuser=0&hl=ko&rclk=1,,5.0,1.0
82,China,Nanjing,南京赛珍珠故居,,,,,,https://www.google.com/maps/place/%E5%8D%97%E4%BA%AC%E8%B5%9B%E7%8F%8D%E7%8F%A0%E6%95%85%E5%B1%85/data=!4m7!3m6!1s0x35b58c962ea0e561:0x831b689f3bc91ae2!8m2!3d32.053942!4d118.781386!16s%2Fg%2F155r9l6f!19sChIJYeWgLpaMtTUR4hrJO59oG4M?authuser=0&hl=ko&rclk=1,,5.0,1.0
83,China,Nanjing,Happy Shuimofang,,,,,,https://www.google.com/maps/place/Happy+Shuimofang/data=!4m7!3m6!1s0x35b5ea8cb1194447:0x38f2c5eb8b8dc11e!8m2!3d32.050611!4d119.023235!16s%2Fg%2F11cnpfv5js!19sChIJR0QZsYzqtTURHsGNi-vF8jg?authuser=0&hl=ko&rclk=1,,5.0,1.0
84,China,Nanjing,Suning Avenue,,,,,,https://www.google.com/maps/place/Suning+Avenue/data=!4m7!3m6!1s0x35b5ed0b6112daa1:0x49e90084d16a68a1!8m2!3d32.086181!4d118.884708!16s%2Fg%2F11cnpdz_lf!19sChIJodoSYQvttTURoWhq0YQA6Uk?authuser=0&hl=ko&rclk=1,,3.0,1.0
85,China,Nanjing,Golden Beach,,,,,,https://www.google.com/maps/place/Golden+Beach/data=!4m7!3m6!1s0x35b5ed32e6d513f3:0x17c602100ff4d311!8m2!3d32.049202!4d118.89209!16s%2Fg%2F11f9xk3sjy!19sChIJ8xPV5jLttTUREdP0DxACxhc?authuser=0&hl=ko&rclk=1,,4.0,1.0
86,China,Nanjing,People's Amusement Park,,,,,,https://www.google.com/maps/place/People%27s+Amusement+Park/data=!4m7!3m6!1s0x35b58c67fb58c98d:0x3484706d1c42ce48!8m2!3d32.021535!4d118.789123!16s%2Fg%2F1twyxl3h!19sChIJjclY-2eMtTURSM5CHG1whDQ?authuser=0&hl=ko&rclk=1,,4.0,1.0
87,China,Nanjing,Xuanwu Lake Manyuan Garden,,,,,,https://www.google.com/maps/place/Xuanwu+Lake+Manyuan+Garden/data=!4m7!3m6!1s0x35b5f32ec6a89247:0x27943396d1711a04!8m2!3d32.075836!4d118.806188!16s%2Fg%2F11cnpgkrsy!19sChIJR5Koxi7ztTURBBpx0ZYzlCc?authuser=0&hl=ko&rclk=1,,5.0,1.0
88,China,Nanjing,Xi'anmen Relic Site Park,,,,,,https://www.google.com/maps/place/Xi%27anmen+Relic+Site+Park/data=!4m7!3m6!1s0x35b58ce4e9108085:0x8cc58cc47cf152e3!8m2!3d32.039507!4d118.805162!16s%2Fg%2F1trpj7v2!19sChIJhYAQ6eSMtTUR41LxfMSMxYw?authuser=0&hl=ko&rclk=1,,3.0,1.0
89,China,Nanjing,Daming Mansion,,,,,,https://www.google.com/maps/place/Daming+Mansion/data=!4m7!3m6!1s0x35b58c68b8e7039d:0x81b5f99a3a11cbc!8m2!3d32.021064!4d118.784919!16s%2Fg%2F1tgnppz5!19sChIJnQPnuGiMtTURvByho5lfGwg?authuser=0&hl=ko&rclk=1,,5.0,1.0
90,China,Nanjing,Xingfu World Old Age Activity Center,,,,,,https://www.google.com/maps/place/Xingfu+World+Old+Age+Activity+Center/data=!4m7!3m6!1s0x35b5f371f196ab81:0x3a11928b9cc10f6a!8m2!3d32.106809!4d118.783314!16s%2Fg%2F11ddx4wmkf!19sChIJgauW8XHztTURag_BnIuSETo?authuser=0&hl=ko&rclk=1,,5.0,1.0
91,China,Nanjing,Confucius Bronze Statue,,,,,,https://www.google.com/maps/place/Confucius+Bronze+Statue/data=!4m7!3m6!1s0x35b58c680fdd3129:0x2d0de09c56104b1!8m2!3d32.020629!4d118.788929!16s%2Fg%2F11cnp7rs59!19sChIJKTHdD2iMtTURsQRhxQne0AI?authuser=0&hl=ko&rclk=1,,5.0,1.0
92,China,Nanjing,江南贡院历史陈列馆,,,,,,https://www.google.com/maps/place/%E6%B1%9F%E5%8D%97%E8%B4%A1%E9%99%A2%E5%8E%86%E5%8F%B2%E9%99%88%E5%88%97%E9%A6%86/data=!4m7!3m6!1s0x35b58c5d44c93f51:0xca477290d7c2cd56!8m2!3d32.021728!4d118.790512!16s%2Fg%2F1tnk_fps!19sChIJUT_JRF2MtTURVs3C15ByR8o?authuser=0&hl=ko&rclk=1,,4.0,1.0
93,China,Nanjing,Nanjing Museum of Palaeontology,,,,,,https://www.google.com/maps/place/Nanjing+Museum+of+Palaeontology/data=!4m7!3m6!1s0x35b58cc6712a3caf:0x8258a892509e5a3f!8m2!3d32.059548!4d118.7952!16s%2Fg%2F155pj7hf!19sChIJrzwqccaMtTURP1qeUJKoWII?authuser=0&hl=ko&rclk=1,,3.0,1.0
94,China,Nanjing,Gaochun Man-made Sand Beach,,,,,,https://www.google.com/maps/place/Gaochun+Man-made+Sand+Beach/data=!4m7!3m6!1s0x35b543745d0423d9:0x88121e776fb2aa53!8m2!3d31.311733!4d118.902064!16s%2Fg%2F11f9ypj33v!19sChIJ2SMEXXRDtTURU6qyb3ceEog?authuser=0&hl=ko&rclk=1,,0.0,0.0
95,China,Nanjing,Zoo,,,,,,https://www.google.com/maps/place/Zoo/data=!4m7!3m6!1s0x35ca7fc65722d709:0xde73e4f6d1dc32ce!8m2!3d31.79385!4d118.64078!16s%2Fg%2F11q432f7xc!19sChIJCdciV8Z_yjURzjLc0fbkc94?authuser=0&hl=ko&rclk=1,,0.0,0.0
96,China,Nanjing,Diaoyu Beach,,,,,,https://www.google.com/maps/place/Diaoyu+Beach/data=!4m7!3m6!1s0x35b5832ceb7b9463:0xbaecc29f58abca7e!8m2!3d31.771191!4d118.857887!16s%2Fg%2F11c2qwqv68!19sChIJY5R76yyDtTURfsqrWJ_C7Lo?authuser=0&hl=ko&rclk=1,,0.0,0.0
97,China,Nanjing,Gold Sandy Beach,,,,,,https://www.google.com/maps/place/Gold+Sandy+Beach/data=!4m7!3m6!1s0x35b58057677b2d75:0xd49f5645cd5b36d7!8m2!3d31.79736!4d118.70864!16s%2Fg%2F11q42yly31!19sChIJdS17Z1eAtTUR1zZbzUVWn9Q?authuser=0&hl=ko&rclk=1,,0.0,0.0
98,China,Nanjing,Nanjing Qing'ao Sports Park Sand Beach Volleyball Saichang,,,,,,https://www.google.com/maps/place/Nanjing+Qing%27ao+Sports+Park+Sand+Beach+Volleyball+Saichang/data=!4m7!3m6!1s0x35ca758d1664303b:0xc00870afaa711db5!8m2!3d32.043205!4d118.663369!16s%2Fg%2F11c5_00nbf!19sChIJOzBkFo11yjURtR1xqq9wCMA?authuser=0&hl=ko&rclk=1,,0.0,0.0
99,China,Nanjing,Langlang Beach,,,,,,https://www.google.com/maps/place/Langlang+Beach/data=!4m7!3m6!1s0x35b58bf3165f036d:0x7652f85995317da8!8m2!3d32.016839!4d118.758685!16s%2Fg%2F11cnp9vrtq!19sChIJbQNfFvOLtTURqH0xlVn4UnY?authuser=0&hl=ko&rclk=1,,0.0,0.0
100,China,Nanjing,Sandy Beach Bath East Gate,,,,,,https://www.google.com/maps/place/Sandy+Beach+Bath+East+Gate/data=!4m7!3m6!1s0x35b54375a9a36d73:0x77456896e64a641f!8m2!3d31.31168!4d118.90384!16s%2Fg%2F11swqpyq8l!19sChIJc22jqXVDtTURH2RK5pZoRXc?authuser=0&hl=ko&rclk=1,,0.0,0.0
101,China,Nanjing,Nanjing Normal University Xianlin Campus Sand Beach Volleyball Ground,,,,,,https://www.google.com/maps/place/Nanjing+Normal+University+Xianlin+Campus+Sand+Beach+Volleyball+Ground/data=!4m7!3m6!1s0x35b5ec485168c3f7:0x6460a2ef51f1582a!8m2!3d32.102154!4d118.915432!16s%2Fg%2F11cm1kpxhl!19sChIJ98NoUUjstTURKljxUe-iYGQ?authuser=0&hl=ko&rclk=1,,0.0,0.0
102,China,Nanjing,Qile'er Theme Children's Paradise,,,,,,https://www.google.com/maps/place/Qile%27er+Theme+Children%27s+Paradise/data=!4m7!3m6!1s0x35b5f44db94415f1:0xb71365c7070cfeba!8m2!3d32.14298!4d118.7238664!16s%2Fg%2F11h1lh5rd!19sChIJ8RVEuU30tTURuv4MB8dlE7c?authuser=0&hl=ko&rclk=1,,0.0,0.0
103,China,Nanjing,Nanjing Local Restaurant,,,,,,https://www.google.com/maps/place/Nanjing+Local+Restaurant/data=!4m7!3m6!1s0x35cabbe5effa4e45:0xc675e82987a22ed9!8m2!3d31.39984!4d118.40386!16s%2Fg%2F11q45by07l!19sChIJRU767-W7yjUR2S6ihynodcY?authuser=0&hl=ko&rclk=1,,0.0,0.0
104,China,Nanjing,Nanjing Wanda Theme Park,,,,,,https://www.google.com/maps/place/Nanjing+Wanda+Theme+Park/data=!4m7!3m6!1s0x35b5e971bc90670f:0xf9e1747895da9842!8m2!3d32.12059!4d118.98985!16s%2Fg%2F11rv5bxgky!19sChIJD2eQvHHptTURQpjalXh04fk?authuser=0&hl=ko&rclk=1,,0.0,0.0
105,China,Nanjing,Chongqi Castle,,,,,,https://www.google.com/maps/place/Chongqi+Castle/data=!4m7!3m6!1s0x35b591c5be8d6209:0x533d7dbbbe21796b!8m2!3d31.93888!4d118.87542!16s%2Fg%2F11q498dr7y!19sChIJCWKNvsWRtTURa3khvrt9PVM?authuser=0&hl=ko&rclk=1,,0.0,0.0
106,China,Nanjing,Nanjing Local Tax,,,,,,https://www.google.com/maps/place/Nanjing+Local+Tax/data=!4m7!3m6!1s0x35ca75a7d672cd09:0xd1462448759a3455!8m2!3d32.0665947!4d118.6381777!16s%2Fg%2F11yhj8zn5!19sChIJCc1y1qd1yjURVTSadUgkRtE?authuser=0&hl=ko&rclk=1,,0.0,0.0
107,China,Nanjing,Kenixiong Kaqile Children Theme Paradise,,,,,,https://www.google.com/maps/place/Kenixiong+Kaqile+Children+Theme+Paradise/data=!4m7!3m6!1s0x35b58cee216ad73d:0xeb12d924783e845e!8m2!3d32.040239!4d118.797304!16s%2Fg%2F11cnpg1n83!19sChIJPddqIe6MtTURXoQ-eCTZEus?authuser=0&hl=ko&rclk=1,,0.0,0.0
108,China,Nanjing,Mimixiong Jungle Amusement Park,,,,,,https://www.google.com/maps/place/Mimixiong+Jungle+Amusement+Park/data=!4m7!3m6!1s0x35b58e389fbc0067:0x774e93cd5c09cc11!8m2!3d31.95081!4d118.83649!16s%2Fg%2F11rv8__v27!19sChIJZwC8nziOtTUREcwJXM2TTnc?authuser=0&hl=ko&rclk=1,,0.0,0.0
109,China,Nanjing,Nanjing Nature Medical Association,,,,,,https://www.google.com/maps/place/Nanjing+Nature+Medical+Association/data=!4m7!3m6!1s0x35b58cf57c9d9395:0xce13a0d303285fdc!8m2!3d32.0312!4d118.792062!16s%2Fg%2F1tj5nsjh!19sChIJlZOdfPWMtTUR3F8oA9OgE84?authuser=0&hl=ko&rclk=1,,0.0,0.0
110,China,Nanjing,Nanjing Music Town,,,,,,https://www.google.com/maps/place/Nanjing+Music+Town/data=!4m7!3m6!1s0x35b58d78f02ff46f:0xe184ac17f803c987!8m2!3d32.017971!4d118.851629!16s%2Fg%2F11cm1jjrsf!19sChIJb_Qv8HiNtTURh8kD-BeshOE?authuser=0&hl=ko&rclk=1,,0.0,0.0
111,China,Nanjing,南视觉美术馆,,,,,,https://www.google.com/maps/place/%E5%8D%97%E8%A7%86%E8%A7%89%E7%BE%8E%E6%9C%AF%E9%A6%86/data=!4m7!3m6!1s0x35b58b5d652ff3f9:0xa4126fbdb048b510!8m2!3d32.060903!4d118.756924!16s%2Fg%2F1thp612g!19sChIJ-fMvZV2LtTURELVIsL1vEqQ?authuser=0&hl=ko&rclk=1,,0.0,0.0
112,China,Nanjing,Nanjing Yeshan National Mine Park,,,,,,https://www.google.com/maps/place/Nanjing+Yeshan+National+Mine+Park/data=!4m7!3m6!1s0x35b60de57a96cf8b:0x54923c2fc8ddf535!8m2!3d32.515599!4d118.963841!16s%2Fg%2F11cnpw4_md!19sChIJi8-WeuUNtjURNfXdyC88klQ?authuser=0&hl=ko&rclk=1,,0.0,0.0
113,China,Nanjing,Nanjing Wan'an Humanities Memorial Park,,,,,,https://www.google.com/maps/place/Nanjing+Wan%27an+Humanities+Memorial+Park/data=!4m7!3m6!1s0x35b59220194a434f:0x427e21ffaea8f0fe!8m2!3d31.967696!4d118.88336!16s%2Fg%2F11cnp9vs33!19sChIJT0NKGSCStTUR_vCorv8hfkI?authuser=0&hl=ko&rclk=1,,0.0,0.0
114,China,Nanjing,Chanan Vegetable Market,,,,,,https://www.google.com/maps/place/Chanan+Vegetable+Market/data=!4m7!3m6!1s0x35b58b97445a390b:0x72b92fbeb0ed5372!8m2!3d32.030553!4d118.747996!16s%2Fg%2F1tm1nhh7!19sChIJCzlaRJeLtTURclPtsL4vuXI?authuser=0&hl=ko&rclk=1,,0.0,0.0
115,China,Nanjing,Nanjing Cult Culture Theme Plaza,,,,,,https://www.google.com/maps/place/Nanjing+Cult+Culture+Theme+Plaza/data=!4m7!3m6!1s0x35b58c4dcafbf26b:0x3f77934e99ee456c!8m2!3d32.01393!4d118.80854!16s%2Fg%2F11q4659jhy!19sChIJa_L7yk2MtTURbEXumU6Tdz8?authuser=0&hl=ko&rclk=1,,0.0,0.0
116,China,Nanjing,Nanjing Rain Flower Terrace Scenic Area Junti Adventure Paradise,,,,,,https://www.google.com/maps/place/Nanjing+Rain+Flower+Terrace+Scenic+Area+Junti+Adventure+Paradise/data=!4m7!3m6!1s0x35b58c04dafb2f9d:0x331161dd5293f553!8m2!3d32.000176!4d118.77722!16s%2Fg%2F11cnp9vv35!19sChIJnS_72gSMtTURU_WTUt1hETM?authuser=0&hl=ko&rclk=1,,0.0,0.0
117,China,Nanjing,Yingfang Lefantian Middle-aged and Elderly People Activity Center,,,,,,https://www.google.com/maps/place/Yingfang+Lefantian+Middle-aged+and+Elderly+People+Activity+Center/data=!4m7!3m6!1s0x35b5dc0df4279175:0x9d213181ae6aee65!8m2!3d32.221624!4d119.127668!16s%2Fg%2F11ddxbx8f0!19sChIJdZEn9A3ctTURZe5qroExIZ0?authuser=0&hl=ko&rclk=1,,0.0,0.0
118,China,Nanjing,Skyline,,,,,,https://www.google.com/maps/place/Skyline/data=!4m7!3m6!1s0x35b58cb97d4d0dd5:0xe9dc49e7da419d70!8m2!3d32.0608611!4d118.7840829!16s%2Fg%2F113g05pv_!19sChIJ1Q1NfbmMtTURcJ1B2udJ3Ok?authuser=0&hl=ko&rclk=1,,0.0,0.0
119,China,Nanjing,Xiangshan Lake Public Park E. Gate,,,,,,https://www.google.com/maps/place/Xiangshan+Lake+Public+Park+E.+Gate/data=!4m7!3m6!1s0x35ca751d8dbacfd3:0x6b63c5baf058cd60!8m2!3d32.08564!4d118.62708!16s%2Fg%2F11rv965jkq!19sChIJ08-6jR11yjURYM1Y8LrFY2s?authuser=0&hl=ko&rclk=1,,0.0,0.0
120,China,Nanjing,汤山矿坑公园,,,,,,https://www.google.com/maps/place/%E6%B1%A4%E5%B1%B1%E7%9F%BF%E5%9D%91%E5%85%AC%E5%9B%AD/data=!4m7!3m6!1s0x35b5ebf88de0a4f9:0xe174b2d21b8e21d7!8m2!3d32.0415214!4d119.0412937!16s%2Fg%2F11j5l9g4bb!19sChIJ-aTgjfjrtTUR1yGOG9KydOE?authuser=0&hl=ko&rclk=1,,0.0,0.0
121,China,Nanjing,난징 시,,,,,,https://www.google.com/maps/place/%EB%82%9C%EC%A7%95+%EC%8B%9C/data=!4m7!3m6!1s0x35b58c9b668dcd83:0x8ffbb60b79df1b06!8m2!3d32.0583799!4d118.79647!16zL20vMDVncXk!19sChIJg82NZpuMtTURBhvfeQu2-48?authuser=0&hl=ko&rclk=1,,0.0,0.0
122,China,Nanjing,Nanjing Masses Art Museum,,,,,,https://www.google.com/maps/place/Nanjing+Masses+Art+Museum/data=!4m7!3m6!1s0x35b58c92e57376e3:0x70c2c32fe6711057!8m2!3d32.044379!4d118.787722!16s%2Fg%2F1tf9qwj5!19sChIJ43Zz5ZKMtTURVxBx5i_DwnA?authuser=0&hl=ko&rclk=1,,0.0,0.0
123,China,Nanjing,Gaochun Traditional Yanlu Bean Curd,,,,,,https://www.google.com/maps/place/Gaochun+Traditional+Yanlu+Bean+Curd/data=!4m7!3m6!1s0x35b5f373ed321f3b:0x82bb303a7f49b2ad!8m2!3d32.109823!4d118.785363!16s%2Fg%2F11c5z_sy_z!19sChIJOx8y7XPztTURrbJJfzowu4I?authuser=0&hl=ko&rclk=1,,0.0,0.0
124,China,Nanjing,Nanjing Art Museum New Museum,,,,,,https://www.google.com/maps/place/Nanjing+Art+Museum+New+Museum/data=!4m7!3m6!1s0x35b58aa20b9a41e3:0x4dbc91ad0f15b8cd!8m2!3d32.0795591!4d118.680215!16s%2Fg%2F11rv2t1cdj!19sChIJ40GaC6KKtTURzbgVD62RvE0?authuser=0&hl=ko&rclk=1,,0.0,0.0
125,China,Nanjing,Zijinshan Adventure Park,,,,,,https://www.google.com/maps/place/Zijinshan+Adventure+Park/data=!4m7!3m6!1s0x35b592aab3c93e39:0x7cf637637f6013cc!8m2!3d32.05528!4d118.86062!16s%2Fg%2F11q41wk8_p!19sChIJOT7Js6qStTURzBNgf2M39nw?authuser=0&hl=ko&rclk=1,,0.0,0.0
126,China,Nanjing,난징,,,,,,https://www.google.com/maps/place/%EB%82%9C%EC%A7%95/data=!4m7!3m6!1s0x35b23a3e83d79397:0x52d1b952b805aaa5!8m2!3d31.57374!4d121.105524!16s%2Fg%2F1v3lmyfs!19sChIJl5PXgz46sjURpaoFuFK50VI?authuser=0&hl=ko&rclk=1,,0.0,0.0
127,China,Nanjing,Dongfang Longzhigu Indoor Park,,,,,,https://www.google.com/maps/place/Dongfang+Longzhigu+Indoor+Park/data=!4m7!3m6!1s0x35b5f57bc6b2efdd:0xf1b46944b1d9ecf8!8m2!3d32.13538!4d118.68081!16s%2Fg%2F11rv8tnqh7!19sChIJ3e-yxnv1tTUR-OzZsURptPE?authuser=0&hl=ko&rclk=1,,0.0,0.0
128,China,Nanjing,Xianfeng Shuiguo Provincial Traditional Chinese Medicine Hospital Store,,,,,,https://www.google.com/maps/place/Xianfeng+Shuiguo+Provincial+Traditional+Chinese+Medicine+Hospital+Store/data=!4m7!3m6!1s0x35b58c8136830e73:0x133b9347978376e7!8m2!3d32.03957!4d118.77189!16s%2Fg%2F11rv7d7302!19sChIJcw6DNoGMtTUR53aDl0eTOxM?authuser=0&hl=ko&rclk=1,,0.0,0.0
129,China,Nanjing,Nanjing Succulent Botanical Garden,,,,,,https://www.google.com/maps/place/Nanjing+Succulent+Botanical+Garden/data=!4m7!3m6!1s0x35b59b187bd9daad:0x83c785448c71f115!8m2!3d31.83339!4d118.88336!16s%2Fg%2F11swx41kzb!19sChIJrdrZexibtTURFfFxjESFx4M?authuser=0&hl=ko&rclk=1,,0.0,0.0
130,China,Nanjing,Revolutionary Martyr Monument,,,,,,https://www.google.com/maps/place/Revolutionary+Martyr+Monument/data=!4m7!3m6!1s0x35ca7449172bd013:0xe34491e21f57d15d!8m2!3d32.056359!4d118.618625!16s%2Fg%2F1tddvw2s!19sChIJE9ArF0l0yjURXdFXH-KRROM?authuser=0&hl=ko&rclk=1,,0.0,0.0
131,China,Nanjing,Nanjing Daji Botanical Garden,,,,,,https://www.google.com/maps/place/Nanjing+Daji+Botanical+Garden/data=!4m7!3m6!1s0x35ca7303fde08f0b:0x601597830664f822!8m2!3d32.098536!4d118.538583!16s%2Fg%2F1trsw2mm!19sChIJC4_g_QNzyjURIvhkBoOXFWA?authuser=0&hl=ko&rclk=1,,0.0,0.0
132,China,Nanjing,Nanjing Pingshan Forest Park,,,,,,https://www.google.com/maps/place/Nanjing+Pingshan+Forest+Park/data=!4m7!3m6!1s0x35b6064757914395:0xa57c505eab43bbd5!8m2!3d32.450514!4d118.836258!16s%2Fg%2F113flmgrq!19sChIJlUORV0cGtjUR1btDq15QfKU?authuser=0&hl=ko&rclk=1,,0.0,0.0
133,China,Nanjing,Nanjing Virescence Exposition Garden of China Children's Amusement Park,,,,,,https://www.google.com/maps/place/Nanjing+Virescence+Exposition+Garden+of+China+Children%27s+Amusement+Park/data=!4m7!3m6!1s0x35b58a36d924cd79:0xfe5145296ead41e7!8m2!3d32.025694!4d118.711281!16s%2Fg%2F11cnpg_72k!19sChIJec0k2TaKtTUR50GtbilFUf4?authuser=0&hl=ko&rclk=1,,0.0,0.0
134,China,Nanjing,Guchenghu Nat'l. Urban Wetland Park,,,,,,https://www.google.com/maps/place/Guchenghu+Nat%27l.+Urban+Wetland+Park/data=!4m7!3m6!1s0x35b54373afec3ca1:0x840c5803ccb85664!8m2!3d31.3126!4d118.89821!16s%2Fg%2F11q48tz6td!19sChIJoTzsr3NDtTURZFa4zANYDIQ?authuser=0&hl=ko&rclk=1,,0.0,0.0
135,China,Nanjing,Nanjing Zajituan,,,,,,https://www.google.com/maps/place/Nanjing+Zajituan/data=!4m7!3m6!1s0x35b58c8bc6719db1:0xd89db116f1910cce!8m2!3d32.035968!4d118.785055!16s%2Fg%2F1tlw73cm!19sChIJsZ1xxouMtTURzgyR8Raxndg?authuser=0&hl=ko&rclk=1,,0.0,0.0
136,China,Nanjing,瞻园,,,,,,https://www.google.com/maps/place/%E7%9E%BB%E5%9B%AD/data=!4m7!3m6!1s0x35b58c68c324f81d:0x1598473e8c5b4e4c!8m2!3d32.021051!4d118.784995!16s%2Fm%2F09gqj7k!19sChIJHfgkw2iMtTURTE5bjD5HmBU?authuser=0&hl=ko&rclk=1,374.0,4.4,
137,China,Nanjing,Sun Yat-sen Mausoleum Music Stage,,,,,,https://www.google.com/maps/place/Sun+Yat-sen+Mausoleum+Music+Stage/data=!4m7!3m6!1s0x35b5f2b2b318a2f5:0xca383a3718a3447b!8m2!3d32.058976!4d118.84709!16s%2Fm%2F0jt56hq!19sChIJ9aIYs7LytTURe0SjGDc6OMo?authuser=0&hl=ko&rclk=1,359.0,4.2,
138,China,Nanjing,Ming Xiaoling Mausoleum,,,명나라 황제 주원장을 위해 1405년에 지어진 거대한 영묘로 통로와 조각상이 많은 것이 특징입니다.,,,https://www.google.com/maps/place/Ming+Xiaoling+Mausoleum/data=!4m7!3m6!1s0x35b58c0020a6450b:0x25daf936507f79a0!8m2!3d32.0582164!4d118.8345739!16zL20vMDVkMmtx!19sChIJC0WmIACMtTURoHl_UDb52iU?authuser=0&hl=ko&rclk=1,319.0,4.4,
139,China,Nanjing,"Gate of China, Nanjing",,,,,,"https://www.google.com/maps/place/Gate+of+China,+Nanjing/data=!4m7!3m6!1s0x35b58c6ccd0dcd03:0xa1c69a4855ff662!8m2!3d32.0126444!4d118.781775!16zL20vMDRwM2Iz!19sChIJA80NzWyMtTURYvZfhaRpHAo?authuser=0&hl=ko&rclk=1",296.0,4.5,
140,China,Nanjing,Presidential Palace,,,,,,https://www.google.com/maps/place/Presidential+Palace/data=!4m7!3m6!1s0x35b58cee883102cd:0x8dd960c2f24c597!8m2!3d32.044261!4d118.79732!16s%2Fm%2F026kdm_!19sChIJzQIxiO6MtTURl8UkLwyW3Qg?authuser=0&hl=ko&rclk=1,289.0,4.3,
141,China,Nanjing,Dr. Sun Yat-sen's Mausoleum,,,가파른 계단이 현대 중국의 건국자 중 한 명을 기리기 위해 화려하게 설계된 무덤까지 연결됩니다.,,,https://www.google.com/maps/place/Dr.+Sun+Yat-sen%27s+Mausoleum/data=!4m7!3m6!1s0x35b58cc47783dd95:0x136c98791975d936!8m2!3d32.062176!4d118.8533434!16zL20vMDVkMmxn!19sChIJld2Dd8SMtTURNtl1GXmYbBM?authuser=0&hl=ko&rclk=1,282.0,4.5,
142,China,Nanjing,Niushoushan Cultural Tourism Zone,,,,,,https://www.google.com/maps/place/Niushoushan+Cultural+Tourism+Zone/data=!4m7!3m6!1s0x35b5861efa594735:0x4e2caba2186251b2!8m2!3d31.913991!4d118.746648!16s%2Fg%2F11c5s9pqk6!19sChIJNUdZ-h6GtTURslFiGKKrLE4?authuser=0&hl=ko&rclk=1,158.0,4.6,
143,China,Nanjing,Nanjing Museum,,,,,,https://www.google.com/maps/place/Nanjing+Museum/data=!4m7!3m6!1s0x35b58d198bc36e2b:0x2984606d08e99572!8m2!3d32.041084!4d118.825424!16zL20vMDRwcGhw!19sChIJK27DixmNtTURcpXpCG1ghCk?authuser=0&hl=ko&rclk=1,157.0,4.4,
144,China,Nanjing,Xuanwuhu Park,,,,,,https://www.google.com/maps/place/Xuanwuhu+Park/data=!4m7!3m6!1s0x35b58ccd409bb875:0xfec4ffb68948eb62!8m2!3d32.069472!4d118.799986!16s%2Fg%2F1tdbny35!19sChIJdbibQM2MtTURYutIibb_xP4?authuser=0&hl=ko&rclk=1,140.0,4.7,
145,China,Nanjing,China Dinosaurs Park,,,,,,https://www.google.com/maps/place/China+Dinosaurs+Park/data=!4m7!3m6!1s0x35b40dbe06e8322b:0x657fd87b4d688ad3!8m2!3d31.823739!4d120.000823!16s%2Fm%2F0h64w8j!19sChIJKzLoBr4NtDUR04poTXvYf2U?authuser=0&hl=ko&rclk=1,139.0,4.3,
146,China,Nanjing,Qinhuai River,,,,,,https://www.google.com/maps/place/Qinhuai+River/data=!4m7!3m6!1s0x35b58c68218b9fbf:0x429430c839f31244!8m2!3d32.019743!4d118.789407!16s%2Fg%2F1thw064z!19sChIJv5-LIWiMtTURRBLzOcgwlEI?authuser=0&hl=ko&rclk=1,125.0,4.3,
147,China,Nanjing,Jiming Temple,,,,,,https://www.google.com/maps/place/Jiming+Temple/data=!4m7!3m6!1s0x35b58cc604333d8b:0x2d94466e981aeda8!8m2!3d32.060858!4d118.795159!16s%2Fm%2F0472hxv!19sChIJiz0zBMaMtTURqO0amG5GlC0?authuser=0&hl=ko&rclk=1,115.0,4.3,
148,China,Nanjing,인터컨티넨탈 난징,,,,,,https://www.google.com/maps/place/%EC%9D%B8%ED%84%B0%EC%BB%A8%ED%8B%B0%EB%84%A8%ED%83%88+%EB%82%9C%EC%A7%95/data=!4m10!3m9!1s0x35b58cbbda3e52f3:0xce168a72cddc3ae2!5m2!4m1!1i2!8m2!3d32.06072!4d118.783413!16s%2Fg%2F1tdlfb8q!19sChIJ81I-2ruMtTUR4jrczXKKFs4?authuser=0&hl=ko&rclk=1,104.0,4.4,
149,China,Nanjing,Nanjing Yangtze River Bridge,,,"보행자 통로가 있는 1,600미터 길이의 이층 노면 레일 트러스 다리로 1968년에 개통되었습니다.",,,https://www.google.com/maps/place/Nanjing+Yangtze+River+Bridge/data=!4m7!3m6!1s0x35b5f4ee422429e3:0x3a5321b3b7bbb895!8m2!3d32.113243!4d118.744322!16zL20vMDZkOTNy!19sChIJ4ykkQu70tTURlbi7t7MhUzo?authuser=0&hl=ko&rclk=1,104.0,4.2,
150,China,Nanjing,City Wall of Nanjing,,,"명나라 시대에 지어진 세계에서 가장 긴 벽돌 성벽으로, 24.9km 길이이며 13곳의 성문이 있습니다.",,,https://www.google.com/maps/place/City+Wall+of+Nanjing/data=!4m7!3m6!1s0x35b58d088527d481:0x82c9a85290abb591!8m2!3d32.025876!4d118.825279!16zL20vMGIzamc3!19sChIJgdQnhQiNtTURkbWrkFKoyYI?authuser=0&hl=ko&rclk=1,102.0,4.6,
151,China,Nanjing,Nanjing Confucius Temple-The Qinhuai River Scenic Area,,,,,,https://www.google.com/maps/place/Nanjing+Confucius+Temple-The+Qinhuai+River+Scenic+Area/data=!4m7!3m6!1s0x35b58c5d3d3eb815:0x47b3f8d809e69cdf!8m2!3d32.021719!4d118.79187!16s%2Fg%2F11ddxlml5v!19sChIJFbg-PV2MtTUR35zmCdj4s0c?authuser=0&hl=ko&rclk=1,86.0,4.6,
152,China,Nanjing,Changganmen,,,,,,https://www.google.com/maps/place/Changganmen/data=!4m7!3m6!1s0x35b58c0d5381265d:0x60e9fb8c671f775d!8m2!3d32.0134527!4d118.7780646!16s%2Fg%2F1tftccbt!19sChIJXSaBUw2MtTURXXcfZ4z76WA?authuser=0&hl=ko&rclk=1,85.0,4.3,
153,China,Nanjing,더 웨스틴 난징,,,,,,https://www.google.com/maps/place/%EB%8D%94+%EC%9B%A8%EC%8A%A4%ED%8B%B4+%EB%82%9C%EC%A7%95/data=!4m10!3m9!1s0x35b58d2029115555:0x70566c9d4aca24bc!5m2!4m1!1i2!8m2!3d32.0724428!4d118.78322!16s%2Fg%2F1tfg5qd4!19sChIJVVURKSCNtTURvCTKSp1sVnA?authuser=0&hl=ko&rclk=1,84.0,4.4,
154,China,Nanjing,"Nanjing Botanical Garden, Memorial Sun Yat-Sen",,,,,,"https://www.google.com/maps/place/Nanjing+Botanical+Garden,+Memorial+Sun+Yat-Sen/data=!4m7!3m6!1s0x35b58d39caca184b:0x47e2a512c360c8c2!8m2!3d32.052686!4d118.83422!16zL20vMDQ3eDN0!19sChIJSxjKyjmNtTURwshgwxKl4kc?authuser=0&hl=ko&rclk=1",81.0,4.4,
155,China,Nanjing,Hongshan Forest Zoo,,,,,,https://www.google.com/maps/place/Hongshan+Forest+Zoo/data=!4m7!3m6!1s0x35b5f318d5e3b8df:0x2bcfc970f1237c50!8m2!3d32.091625!4d118.802027!16s%2Fm%2F0hr8m2w!19sChIJ37jj1RjztTURUHwj8XDJzys?authuser=0&hl=ko&rclk=1,81.0,4.0,
156,China,Nanjing,Memorial Hall of the Victims in Nanjing Massacre by Japanese Invaders,,,,,,https://www.google.com/maps/place/Memorial+Hall+of+the+Victims+in+Nanjing+Massacre+by+Japanese+Invaders/data=!4m7!3m6!1s0x35b58b9883bb5141:0xac8ad79ca2a68f69!8m2!3d32.0355351!4d118.7433711!16s%2Fm%2F03ch930!19sChIJQVG7g5iLtTURaY-mopzXiqw?authuser=0&hl=ko&rclk=1,81.0,4.5,
157,China,Nanjing,크라운 플라자 난징 장닝,,,,,,https://www.google.com/maps/place/%ED%81%AC%EB%9D%BC%EC%9A%B4+%ED%94%8C%EB%9D%BC%EC%9E%90+%EB%82%9C%EC%A7%95+%EC%9E%A5%EB%8B%9D/data=!4m10!3m9!1s0x35b58e5497e26b3b:0x714dfa5e5e413c74!5m2!4m1!1i2!8m2!3d31.942266!4d118.818319!16s%2Fg%2F12q4vjwg5!19sChIJO2vil1SOtTURdDxBXl76TXE?authuser=0&hl=ko&rclk=1,77.0,4.5,
158,China,Nanjing,明故宫广场,,,,,,https://www.google.com/maps/place/%E6%98%8E%E6%95%85%E5%AE%AB%E5%B9%BF%E5%9C%BA/data=!4m7!3m6!1s0x35b58d1ec5ccb4f5:0xa259a31970357b63!8m2!3d32.041767!4d118.817986!16s%2Fg%2F1v_n9kwj!19sChIJ9bTMxR6NtTURY3s1cBmjWaI?authuser=0&hl=ko&rclk=1,73.0,4.1,
159,China,Nanjing,The Memorial Hall of the Victims in Nanjing Massacre by Japanese Invaders Parking Lot,,,,,,https://www.google.com/maps/place/The+Memorial+Hall+of+the+Victims+in+Nanjing+Massacre+by+Japanese+Invaders+Parking+Lot/data=!4m7!3m6!1s0x35b58ba31181aea7:0x257ba0648ca473b2!8m2!3d32.0353293!4d118.7391848!16s%2Fg%2F12cpm7wzb!19sChIJp66BEaOLtTURsnOkjGSgeyU?authuser=0&hl=ko&rclk=1,69.0,4.7,
160,China,Nanjing,Xuanwumen,,,,,,https://www.google.com/maps/place/Xuanwumen/data=!4m7!3m6!1s0x35b58cb5af16eb79:0x956d97d756acbf88!8m2!3d32.0708371!4d118.7872489!16s%2Fg%2F1pxy4mhsy!19sChIJeesWr7WMtTURiL-sVteXbZU?authuser=0&hl=ko&rclk=1,66.0,4.5,
161,China,Nanjing,난징 고궁,,,,,,https://www.google.com/maps/place/%EB%82%9C%EC%A7%95+%EA%B3%A0%EA%B6%81/data=!4m7!3m6!1s0x35b58d1c67e6db25:0xc8c064b55e69e10a!8m2!3d32.038224!4d118.817515!16s%2Fm%2F026qkk8!19sChIJJdvmZxyNtTURCuFpXrVkwMg?authuser=0&hl=ko&rclk=1,61.0,4.3,
162,China,Nanjing,노보텔 난징 센트럴,,,,,,https://www.google.com/maps/place/%EB%85%B8%EB%B3%B4%ED%85%94+%EB%82%9C%EC%A7%95+%EC%84%BC%ED%8A%B8%EB%9F%B4/data=!4m10!3m9!1s0x35b58c8ed8679c25:0x5896ba344c19dcc3!5m2!4m1!1i2!8m2!3d32.03696!4d118.785912!16s%2Fg%2F11b6vp3kg2!19sChIJJZxn2I6MtTURw9wZTDS6llg?authuser=0&hl=ko&rclk=1,60.0,4.3,
163,China,Nanjing,Nanjing Olympic Sports Center Gymnasium,,,,,,https://www.google.com/maps/place/Nanjing+Olympic+Sports+Center+Gymnasium/data=!4m7!3m6!1s0x35b58bd5f13a2b6d:0xa3e72e09f3a8db!8m2!3d32.006239!4d118.724648!16s%2Fg%2F1td1bgfh!19sChIJbSs68dWLtTUR26jzCS7nowA?authuser=0&hl=ko&rclk=1,58.0,4.5,
164,China,Nanjing,Former Site of National Grand Assembly Hall,,,,,,https://www.google.com/maps/place/Former+Site+of+National+Grand+Assembly+Hall/data=!4m7!3m6!1s0x35b58cec50b9f7c1:0x8c5d005463519a59!8m2!3d32.044228!4d118.793083!16s%2Fg%2F12xq4nt7g!19sChIJwfe5UOyMtTURWZpRY1QAXYw?authuser=0&hl=ko&rclk=1,57.0,4.3,
165,China,Nanjing,페어몬트 난징,,,,,,https://www.google.com/maps/place/%ED%8E%98%EC%96%B4%EB%AA%AC%ED%8A%B8+%EB%82%9C%EC%A7%95/data=!4m10!3m9!1s0x35b58978af0f33fb:0x8d5ca4f21ddadcfe!5m2!4m1!1i2!8m2!3d31.998418!4d118.724715!16s%2Fg%2F1q5blcchx!19sChIJ-zMPr3iJtTUR_tzaHfKkXI0?authuser=0&hl=ko&rclk=1,54.0,4.6,
166,China,Nanjing,Nanjing 1912 Block,,,,,,https://www.google.com/maps/place/Nanjing+1912+Block/data=!4m7!3m6!1s0x35b58cee9f2837d5:0x6bb9f657bb5664ec!8m2!3d32.044083!4d118.795912!16s%2Fg%2F155pt3tf!19sChIJ1Tcon-6MtTUR7GRWu1f2uWs?authuser=0&hl=ko&rclk=1,54.0,4.3,
167,China,Nanjing,Sun Zhongshan Memorial Hall,,,,,,https://www.google.com/maps/place/Sun+Zhongshan+Memorial+Hall/data=!4m7!3m6!1s0x35b5ed55eede8ef1:0xc8a63edf43df2897!8m2!3d32.059893!4d118.860695!16s%2Fg%2F121vfdh2!19sChIJ8Y7e7lXttTURlyjfQ98-psg?authuser=0&hl=ko&rclk=1,52.0,4.5,
